[30Aug2025 03:42:20.971] [main/INFO] [cpw.mods.modlauncher.Launcher/MODLAUNCHER]: ModLauncher running: args [--mod, createdeco, --all, --output, C:\Users\micha\Documents\Blocks & Bogeys 1.21.1\CreateDeco\src\generated\resources, --existing, C:\Users\micha\Documents\Blocks & Bogeys 1.21.1\CreateDeco\src\main\resources, --launchTarget, forgedatadev, --assetIndex, asset-index, --assetsDir, C:\Users\micha\.gradle\caches\minecraft\assets, --gameDir, ., --fml.fmlVersion, 4.0.41, --fml.mcVersion, 1.21.1, --fml.neoForgeVersion, 21.1.193, --fml.neoFormVersion, 20240808.144430]
[30Aug2025 03:42:20.976] [main/INFO] [cpw.mods.modlauncher.Launcher/MODLAUNCHER]: JVM identified as Eclipse Adoptium OpenJDK 64-Bit Server VM 21.0.7+6-LTS
[30Aug2025 03:42:20.979] [main/INFO] [cpw.mods.modlauncher.Launcher/MODLAUNCHER]: ModLauncher 11.0.5+main.901c6ea8 starting: java version 21.0.7 by Eclipse Adoptium; OS Windows 11 arch amd64 version 10.0
[30Aug2025 03:42:21.022] [main/DEBUG] [cpw.mods.modlauncher.LaunchServiceHandler/MODLAUNCHER]: Found launch services [minecraft,forgeclient,forgedatauserdev,testharness,forgeserverdev,forgeserveruserdev,forgejunitdev,forgeclientdev,forgeclientuserdev,forgeserver,forgejunituserdev,forgedatadev]
[30Aug2025 03:42:21.040] [main/DEBUG] [cpw.mods.modlauncher.LaunchPluginHandler/MODLAUNCHER]: Found launch plugins: [mixin,slf4jfixer,runtime_enum_extender,accesstransformer,runtimedistcleaner]
[30Aug2025 03:42:21.050] [main/DEBUG] [cpw.mods.modlauncher.TransformationServicesHandler/MODLAUNCHER]: Discovering transformation services
[30Aug2025 03:42:21.054] [main/DEBUG] [net.neoforged.fml.loading.FMLPaths/CORE]: Path GAMEDIR is C:\Users\micha\Documents\Blocks & Bogeys 1.21.1\CreateDeco\runs\data
[30Aug2025 03:42:21.054] [main/DEBUG] [net.neoforged.fml.loading.FMLPaths/CORE]: Path MODSDIR is C:\Users\micha\Documents\Blocks & Bogeys 1.21.1\CreateDeco\runs\data\mods
[30Aug2025 03:42:21.054] [main/DEBUG] [net.neoforged.fml.loading.FMLPaths/CORE]: Path CONFIGDIR is C:\Users\micha\Documents\Blocks & Bogeys 1.21.1\CreateDeco\runs\data\config
[30Aug2025 03:42:21.054] [main/DEBUG] [net.neoforged.fml.loading.FMLPaths/CORE]: Path FMLCONFIG is C:\Users\micha\Documents\Blocks & Bogeys 1.21.1\CreateDeco\runs\data\config\fml.toml
[30Aug2025 03:42:21.080] [main/TRACE] [net.neoforged.fml.loading.FMLConfig/CORE]: Loaded FML config from C:\Users\micha\Documents\Blocks & Bogeys 1.21.1\CreateDeco\runs\data\config\fml.toml
[30Aug2025 03:42:21.080] [main/TRACE] [net.neoforged.fml.loading.FMLConfig/CORE]: FMLConfig disableConfigWatcher is false
[30Aug2025 03:42:21.080] [main/TRACE] [net.neoforged.fml.loading.FMLConfig/CORE]: FMLConfig earlyWindowControl is true
[30Aug2025 03:42:21.080] [main/TRACE] [net.neoforged.fml.loading.FMLConfig/CORE]: FMLConfig maxThreads is 24
[30Aug2025 03:42:21.080] [main/TRACE] [net.neoforged.fml.loading.FMLConfig/CORE]: FMLConfig versionCheck is true
[30Aug2025 03:42:21.080] [main/TRACE] [net.neoforged.fml.loading.FMLConfig/CORE]: FMLConfig defaultConfigPath is defaultconfigs
[30Aug2025 03:42:21.080] [main/TRACE] [net.neoforged.fml.loading.FMLConfig/CORE]: FMLConfig disableOptimizedDFU is true
[30Aug2025 03:42:21.080] [main/TRACE] [net.neoforged.fml.loading.FMLConfig/CORE]: FMLConfig earlyWindowProvider is fmlearlywindow
[30Aug2025 03:42:21.080] [main/TRACE] [net.neoforged.fml.loading.FMLConfig/CORE]: FMLConfig earlyWindowWidth is 854
[30Aug2025 03:42:21.080] [main/TRACE] [net.neoforged.fml.loading.FMLConfig/CORE]: FMLConfig earlyWindowHeight is 480
[30Aug2025 03:42:21.082] [main/TRACE] [net.neoforged.fml.loading.FMLConfig/CORE]: FMLConfig earlyWindowFBScale is 1
[30Aug2025 03:42:21.082] [main/TRACE] [net.neoforged.fml.loading.FMLConfig/CORE]: FMLConfig earlyWindowMaximized is false
[30Aug2025 03:42:21.082] [main/TRACE] [net.neoforged.fml.loading.FMLConfig/CORE]: FMLConfig earlyWindowSkipGLVersions is []
[30Aug2025 03:42:21.082] [main/TRACE] [net.neoforged.fml.loading.FMLConfig/CORE]: FMLConfig earlyWindowSquir is false
[30Aug2025 03:42:21.089] [main/DEBUG] [net.neoforged.fml.loading.targets.CommonLaunchHandler/CORE]: Got mod coordinates CreateDeco%%C:\Users\micha\Documents\Blocks & Bogeys 1.21.1\CreateDeco\build\resources\main;CreateDeco%%C:\Users\micha\Documents\Blocks & Bogeys 1.21.1\CreateDeco\build\classes\java\main from env
[30Aug2025 03:42:21.089] [main/DEBUG] [net.neoforged.fml.loading.targets.CommonLaunchHandler/CORE]: Found supplied mod coordinates [{CreateDeco=[C:\Users\micha\Documents\Blocks & Bogeys 1.21.1\CreateDeco\build\resources\main, C:\Users\micha\Documents\Blocks & Bogeys 1.21.1\CreateDeco\build\classes\java\main]}]
[30Aug2025 03:42:21.094] [main/DEBUG] [cpw.mods.modlauncher.TransformationServicesHandler/MODLAUNCHER]: Found additional transformation services from discovery services: 
[30Aug2025 03:42:21.099] [main/INFO] [net.neoforged.fml.loading.ImmediateWindowHandler/]: ImmediateWindowProvider not loading because launch target is forgedatadev
[30Aug2025 03:42:21.103] [main/DEBUG] [cpw.mods.modlauncher.TransformationServicesHandler/MODLAUNCHER]: Found transformer services : [mixin,fml]
[30Aug2025 03:42:21.103] [main/DEBUG] [cpw.mods.modlauncher.TransformationServicesHandler/MODLAUNCHER]: Transformation services loading
[30Aug2025 03:42:21.105] [main/DEBUG] [cpw.mods.modlauncher.TransformationServiceDecorator/MODLAUNCHER]: Loading service mixin
[30Aug2025 03:42:21.105] [main/DEBUG] [cpw.mods.modlauncher.TransformationServiceDecorator/MODLAUNCHER]: Loaded service mixin
[30Aug2025 03:42:21.105] [main/DEBUG] [cpw.mods.modlauncher.TransformationServiceDecorator/MODLAUNCHER]: Loading service fml
[30Aug2025 03:42:21.105] [main/DEBUG] [net.neoforged.fml.loading.FMLLoader/CORE]: FML 4.0.41 loading
[30Aug2025 03:42:21.105] [main/DEBUG] [net.neoforged.fml.loading.FMLLoader/CORE]: FML found ModLauncher version : 11.0.5+main.901c6ea8
[30Aug2025 03:42:21.105] [main/DEBUG] [net.neoforged.fml.loading.FMLLoader/CORE]: FML found AccessTransformer version : 10.0.1+139da711
[30Aug2025 03:42:21.106] [main/DEBUG] [net.neoforged.fml.loading.FMLLoader/CORE]: FML found EventBus version : null
[30Aug2025 03:42:21.106] [main/DEBUG] [net.neoforged.fml.loading.FMLLoader/CORE]: Found Runtime Dist Cleaner
[30Aug2025 03:42:21.106] [main/DEBUG] [cpw.mods.modlauncher.TransformationServiceDecorator/MODLAUNCHER]: Loaded service fml
[30Aug2025 03:42:21.106] [main/DEBUG] [cpw.mods.modlauncher.TransformationServicesHandler/MODLAUNCHER]: Configuring option handling for services
[30Aug2025 03:42:21.121] [main/DEBUG] [net.neoforged.fml.loading.FMLServiceProvider/CORE]: Received command line version data  : VersionInfo[neoForgeVersion=21.1.193, fmlVersion=4.0.41, mcVersion=1.21.1, neoFormVersion=20240808.144430]
[30Aug2025 03:42:21.121] [main/DEBUG] [cpw.mods.modlauncher.TransformationServicesHandler/MODLAUNCHER]: Transformation services initializing
[30Aug2025 03:42:21.121] [main/DEBUG] [cpw.mods.modlauncher.TransformationServiceDecorator/MODLAUNCHER]: Initializing transformation service mixin
[30Aug2025 03:42:21.132] [main/DEBUG] [mixin/]: MixinService [ModLauncher] was successfully booted in cpw.mods.cl.ModuleClassLoader@258e2e41
[30Aug2025 03:42:21.143] [main/INFO] [mixin/]: SpongePowered MIXIN Subsystem Version=0.8.7 Source=union:/C:/Users/micha/.gradle/caches/modules-2/files-2.1/net.fabricmc/sponge-mixin/0.15.2+mixin.0.8.7/2af2f021d8e02a0220dc27a7a72b4666d66d44ca/sponge-mixin-0.15.2+mixin.0.8.7.jar%23142!/ Service=ModLauncher Env=CLIENT
[30Aug2025 03:42:21.145] [main/DEBUG] [mixin/]: Initialising Mixin Platform Manager
[30Aug2025 03:42:21.145] [main/DEBUG] [mixin/]: Adding mixin platform agents for container ModLauncher Root Container(ModLauncher:4f56a0a2)
[30Aug2025 03:42:21.146] [main/DEBUG] [mixin/]: Instancing new MixinPlatformAgentMinecraftForge for ModLauncher Root Container(ModLauncher:4f56a0a2)
[30Aug2025 03:42:21.146] [main/DEBUG] [mixin/]: MixinPlatformAgentMinecraftForge rejected container ModLauncher Root Container(ModLauncher:4f56a0a2)
[30Aug2025 03:42:21.146] [main/DEBUG] [mixin/]: Instancing new MixinPlatformAgentDefault for ModLauncher Root Container(ModLauncher:4f56a0a2)
[30Aug2025 03:42:21.146] [main/DEBUG] [mixin/]: MixinPlatformAgentDefault accepted container ModLauncher Root Container(ModLauncher:4f56a0a2)
[30Aug2025 03:42:21.151] [main/DEBUG] [cpw.mods.modlauncher.TransformationServiceDecorator/MODLAUNCHER]: Initialized transformation service mixin
[30Aug2025 03:42:21.151] [main/DEBUG] [cpw.mods.modlauncher.TransformationServiceDecorator/MODLAUNCHER]: Initializing transformation service fml
[30Aug2025 03:42:21.151] [main/DEBUG] [net.neoforged.fml.loading.FMLServiceProvider/CORE]: Setting up basic FML game directories
[30Aug2025 03:42:21.152] [main/DEBUG] [net.neoforged.fml.loading.FMLPaths/CORE]: Path GAMEDIR is C:\Users\micha\Documents\Blocks & Bogeys 1.21.1\CreateDeco\runs\data
[30Aug2025 03:42:21.152] [main/DEBUG] [net.neoforged.fml.loading.FMLPaths/CORE]: Path MODSDIR is C:\Users\micha\Documents\Blocks & Bogeys 1.21.1\CreateDeco\runs\data\mods
[30Aug2025 03:42:21.152] [main/DEBUG] [net.neoforged.fml.loading.FMLPaths/CORE]: Path CONFIGDIR is C:\Users\micha\Documents\Blocks & Bogeys 1.21.1\CreateDeco\runs\data\config
[30Aug2025 03:42:21.152] [main/DEBUG] [net.neoforged.fml.loading.FMLPaths/CORE]: Path FMLCONFIG is C:\Users\micha\Documents\Blocks & Bogeys 1.21.1\CreateDeco\runs\data\config\fml.toml
[30Aug2025 03:42:21.152] [main/DEBUG] [net.neoforged.fml.loading.FMLServiceProvider/CORE]: Loading configuration
[30Aug2025 03:42:21.154] [main/TRACE] [net.neoforged.fml.loading.FMLConfig/CORE]: Loaded FML config from C:\Users\micha\Documents\Blocks & Bogeys 1.21.1\CreateDeco\runs\data\config\fml.toml
[30Aug2025 03:42:21.154] [main/TRACE] [net.neoforged.fml.loading.FMLConfig/CORE]: FMLConfig disableConfigWatcher is false
[30Aug2025 03:42:21.154] [main/TRACE] [net.neoforged.fml.loading.FMLConfig/CORE]: FMLConfig earlyWindowControl is true
[30Aug2025 03:42:21.154] [main/TRACE] [net.neoforged.fml.loading.FMLConfig/CORE]: FMLConfig maxThreads is 24
[30Aug2025 03:42:21.154] [main/TRACE] [net.neoforged.fml.loading.FMLConfig/CORE]: FMLConfig versionCheck is true
[30Aug2025 03:42:21.155] [main/TRACE] [net.neoforged.fml.loading.FMLConfig/CORE]: FMLConfig defaultConfigPath is defaultconfigs
[30Aug2025 03:42:21.155] [main/TRACE] [net.neoforged.fml.loading.FMLConfig/CORE]: FMLConfig disableOptimizedDFU is true
[30Aug2025 03:42:21.155] [main/TRACE] [net.neoforged.fml.loading.FMLConfig/CORE]: FMLConfig earlyWindowProvider is fmlearlywindow
[30Aug2025 03:42:21.155] [main/TRACE] [net.neoforged.fml.loading.FMLConfig/CORE]: FMLConfig earlyWindowWidth is 854
[30Aug2025 03:42:21.155] [main/TRACE] [net.neoforged.fml.loading.FMLConfig/CORE]: FMLConfig earlyWindowHeight is 480
[30Aug2025 03:42:21.155] [main/TRACE] [net.neoforged.fml.loading.FMLConfig/CORE]: FMLConfig earlyWindowFBScale is 1
[30Aug2025 03:42:21.155] [main/TRACE] [net.neoforged.fml.loading.FMLConfig/CORE]: FMLConfig earlyWindowMaximized is false
[30Aug2025 03:42:21.155] [main/TRACE] [net.neoforged.fml.loading.FMLConfig/CORE]: FMLConfig earlyWindowSkipGLVersions is []
[30Aug2025 03:42:21.155] [main/TRACE] [net.neoforged.fml.loading.FMLConfig/CORE]: FMLConfig earlyWindowSquir is false
[30Aug2025 03:42:21.156] [main/DEBUG] [net.neoforged.fml.loading.LaunchContext/SCAN]: Located paths when launch context was created: [C:\Users\micha\.gradle\caches\modules-2\files-2.1\org.lwjgl\lwjgl-tinyfd\3.3.3\a6697981b0449a5087c1d546fc08b4f73e8f98c9\lwjgl-tinyfd-3.3.3-natives-windows.jar, C:\Users\micha\.gradle\caches\modules-2\files-2.1\net.minecraftforge\srgutils\0.4.15\ca408b131759478f164e010fae0d73997e125fb5\srgutils-0.4.15.jar, C:\Users\micha\.gradle\caches\modules-2\files-2.1\cpw.mods\modlauncher\11.0.5\b8f0d49294f733fdb6173931b263553e943dc950\modlauncher-11.0.5.jar, C:\Users\micha\.gradle\caches\modules-2\files-2.1\org.lwjgl\lwjgl-freetype\3.3.3\a0db6c84a8becc8ca05f9dbfa985edc348a824c7\lwjgl-freetype-3.3.3.jar, C:\Users\micha\.gradle\caches\modules-2\files-2.1\io.netty\netty-transport-classes-epoll\4.1.97.Final\795da37ded759e862457a82d9d92c4d39ce8ecee\netty-transport-classes-epoll-4.1.97.Final.jar, C:\Users\micha\.gradle\caches\modules-2\files-2.1\net.fabricmc\sponge-mixin\0.15.2+mixin.0.8.7\2af2f021d8e02a0220dc27a7a72b4666d66d44ca\sponge-mixin-0.15.2+mixin.0.8.7.jar, C:\Users\micha\.gradle\caches\modules-2\files-2.1\com.electronwill.night-config\toml\3.8.2\c128842f759692f613ea6c3ef0ef052273bbb38c\toml-3.8.2.jar, C:\Users\micha\.gradle\caches\modules-2\files-2.1\org.apache.maven\maven-artifact\3.8.5\4433f50c07debefaed0553bd0068f4f48d449313\maven-artifact-3.8.5.jar, C:\Users\micha\.gradle\caches\modules-2\files-2.1\net.neoforged\bus\8.0.5\5b2d33285ab5d1554e9798ad98c40d6ea3868bd5\bus-8.0.5.jar, C:\Users\micha\.gradle\caches\modules-2\files-2.1\org.jline\jline-terminal\3.20.0\d0ddcc708ddf527a3454c941b7b9225cc83a15ff\jline-terminal-3.20.0.jar, C:\Users\micha\.gradle\caches\modules-2\files-2.1\com.mojang\text2speech\1.17.9\3cad216e3a7f0c19b4b394388bc9ffc446f13b14\text2speech-1.17.9.jar, C:\Users\micha\.gradle\caches\modules-2\files-2.1\net.neoforged\mergetool\2.0.3\1275202cbbb248f49345cf6787ce299afd9a02fb\mergetool-2.0.3-api.jar, C:\Users\micha\.gradle\caches\modules-2\files-2.1\io.netty\netty-buffer\4.1.97.Final\f8f3d8644afa5e6e1a40a3a6aeb9d9aa970ecb4f\netty-buffer-4.1.97.Final.jar, C:\Users\micha\.gradle\caches\modules-2\files-2.1\io.netty\netty-common\4.1.97.Final\7cceacaf11df8dc63f23d0fb58e9d4640fc88404\netty-common-4.1.97.Final.jar, C:\Users\micha\.gradle\caches\modules-2\files-2.1\io.netty\netty-handler\4.1.97.Final\abb86c6906bf512bf2b797a41cd7d2e8d3cd7c36\netty-handler-4.1.97.Final.jar, C:\Users\micha\.gradle\caches\modules-2\files-2.1\org.slf4j\slf4j-api\2.0.9\7cf2726fdcfbc8610f9a71fb3ed639871f315340\slf4j-api-2.0.9.jar, C:\Users\micha\.gradle\caches\modules-2\files-2.1\org.apache.httpcomponents\httpcore\4.4.16\51cf043c87253c9f58b539c9f7e44c8894223850\httpcore-4.4.16.jar, C:\Users\micha\.gradle\caches\modules-2\files-2.1\org.lwjgl\lwjgl-freetype\3.3.3\15a8c1de7f51d07a92eae7ce1222557073a0c0c3\lwjgl-freetype-3.3.3-natives-windows-x86.jar, C:\Users\micha\.gradle\caches\modules-2\files-2.1\org.lwjgl\lwjgl\3.3.3\29589b5f87ed335a6c7e7ee6a5775f81f97ecb84\lwjgl-3.3.3.jar, C:\Users\micha\.gradle\caches\modules-2\files-2.1\org.lwjgl\lwjgl-opengl\3.3.3\2f6b0147078396a58979125a4c947664e98293a\lwjgl-opengl-3.3.3.jar, C:\Users\micha\.gradle\caches\modules-2\files-2.1\com.ibm.icu\icu4j\73.2\61ad4ef7f9131fcf6d25c34b817f90d6da06c9e9\icu4j-73.2.jar, C:\Users\micha\.gradle\caches\modules-2\files-2.1\org.lwjgl\lwjgl-jemalloc\3.3.3\426222fc027602a5f21b9c0fe79cde6a4c7a011f\lwjgl-jemalloc-3.3.3-natives-windows.jar, C:\Users\micha\.gradle\caches\modules-2\files-2.1\net.neoforged\JarJarMetadata\0.4.1\f8da03683dc81694556dc3e177c5e3bb77ae6fcb\JarJarMetadata-0.4.1.jar, C:\Users\micha\.gradle\caches\modules-2\files-2.1\com.google.code.gson\gson\2.10.1\b3add478d4382b78ea20b1671390a858002feb6c\gson-2.10.1.jar, C:\Users\micha\.gradle\caches\modules-2\files-2.1\commons-codec\commons-codec\1.16.0\4e3eb3d79888d76b54e28b350915b5dc3919c9de\commons-codec-1.16.0.jar, C:\Users\micha\.gradle\caches\modules-2\files-2.1\org.openjdk.nashorn\nashorn-core\15.4\f67f5ffaa5f5130cf6fb9b133da00c7df3b532a5\nashorn-core-15.4.jar, C:\Users\micha\.gradle\caches\modules-2\files-2.1\commons-logging\commons-logging\1.2\4bfc12adfe4842bf07b657f0369c4cb522955686\commons-logging-1.2.jar, C:\Users\micha\.gradle\caches\modules-2\files-2.1\com.mojang\patchy\2.2.10\da05971b07cbb379d002cf7eaec6a2048211fefc\patchy-2.2.10.jar, C:\Users\micha\.gradle\caches\modules-2\files-2.1\com.google.guava\listenablefuture\9999.0-empty-to-avoid-conflict-with-guava\b421526c5f297295adef1c886e5246c39d4ac629\listenablefuture-9999.0-empty-to-avoid-conflict-with-guava.jar, C:\Users\micha\.gradle\caches\modules-2\files-2.1\net.neoforged.fancymodloader\loader\4.0.41\3aebc81b9347fa87bb629ffaed20276f2a4c944e\loader-4.0.41.jar, C:\Users\micha\.gradle\caches\modules-2\files-2.1\it.unimi.dsi\fastutil\8.5.12\c24946d46824bd528054bface3231d2ecb7e95e8\fastutil-8.5.12.jar, C:\Users\micha\.gradle\caches\modules-2\files-2.1\io.netty\netty-transport\4.1.97.Final\f37380d23c9bb079bc702910833b2fd532c9abd0\netty-transport-4.1.97.Final.jar, C:\Users\micha\.gradle\caches\modules-2\files-2.1\ca.weblite\java-objc-bridge\1.1\1227f9e0666314f9de41477e3ec277e542ed7f7b\java-objc-bridge-1.1.jar, C:\Users\micha\.gradle\caches\modules-2\files-2.1\org.lz4\lz4-java\1.8.0\4b986a99445e49ea5fbf5d149c4b63f6ed6c6780\lz4-java-1.8.0.jar, C:\Users\micha\.gradle\caches\modules-2\files-2.1\net.java.dev.jna\jna\5.14.0\67bf3eaea4f0718cb376a181a629e5f88fa1c9dd\jna-5.14.0.jar, C:\Users\micha\.gradle\caches\modules-2\files-2.1\org.apache.logging.log4j\log4j-api\2.22.1\bea6fede6328fabafd7e68363161a7ea6605abd1\log4j-api-2.22.1.jar, C:\Users\micha\.gradle\caches\modules-2\files-2.1\net.minecrell\terminalconsoleappender\1.3.0\b562e9bb61235c9520e26282cdee71f8f802d1fc\terminalconsoleappender-1.3.0.jar, C:\Users\micha\.gradle\caches\modules-2\files-2.1\com.machinezoo.noexception\noexception\1.7.1\b65330c98e38a1f915fa54a6e5eca496505e3f0a\noexception-1.7.1.jar, C:\Users\micha\.gradle\caches\modules-2\files-2.1\io.netty\netty-transport-native-unix-common\4.1.97.Final\d469d84265ab70095b01b40886cabdd433b6e664\netty-transport-native-unix-common-4.1.97.Final.jar, C:\Users\micha\.gradle\caches\modules-2\files-2.1\io.netty\netty-codec\4.1.97.Final\384ba4d75670befbedb45c4d3b497a93639c206d\netty-codec-4.1.97.Final.jar, C:\Users\micha\.gradle\caches\modules-2\files-2.1\net.neoforged.fancymodloader\earlydisplay\4.0.41\53dfbd387ed1b88c7d144bdb6551b7f57d5da6d7\earlydisplay-4.0.41.jar, C:\Users\micha\.gradle\caches\modules-2\files-2.1\org.lwjgl\lwjgl\3.3.3\9e670718e050aeaeea0c2d5b907cffb142f2e58f\lwjgl-3.3.3-natives-windows-x86.jar, C:\Users\micha\.gradle\caches\modules-2\files-2.1\net.neoforged\JarJarSelector\0.4.1\fb3cc7a58af22ad2880adb98af6d518128c47dae\JarJarSelector-0.4.1.jar, C:\Users\micha\.gradle\caches\modules-2\files-2.1\org.lwjgl\lwjgl-openal\3.3.3\87b8d5050e3adb46bb58fe1cb2669a4a48fce10d\lwjgl-openal-3.3.3-natives-windows-x86.jar, C:\Users\micha\.gradle\caches\modules-2\files-2.1\org.apache.commons\commons-lang3\3.14.0\1ed471194b02f2c6cb734a0cd6f6f107c673afae\commons-lang3-3.14.0.jar, C:\Users\micha\.gradle\caches\modules-2\files-2.1\net.neoforged\coremods\7.0.3\9147e6f638b4272b3bd5fc8f92ad37802512c6c\coremods-7.0.3.jar, C:\Users\micha\.gradle\caches\modules-2\files-2.1\org.joml\joml\1.10.5\22566d58af70ad3d72308bab63b8339906deb649\joml-1.10.5.jar, C:\Users\micha\.gradle\caches\modules-2\files-2.1\net.neoforged.accesstransformers\at-modlauncher\10.0.1\5aba50202aceead086bc09fbc2751c9f05cb4890\at-modlauncher-10.0.1.jar, C:\Users\micha\.gradle\caches\modules-2\files-2.1\com.mojang\brigadier\1.3.10\d15b53a14cf20fdcaa98f731af5dda654452c010\brigadier-1.3.10.jar, C:\Users\micha\.gradle\caches\modules-2\files-2.1\com.google.errorprone\error_prone_annotations\2.18.0\89b684257096f548fa39a7df9fdaa409d4d4df91\error_prone_annotations-2.18.0.jar, C:\Users\micha\.gradle\caches\modules-2\files-2.1\org.jcraft\jorbis\0.0.17\8872d22b293e8f5d7d56ff92be966e6dc28ebdc6\jorbis-0.0.17.jar, C:\Users\micha\.gradle\caches\modules-2\files-2.1\com.mojang\datafixerupper\8.0.16\67d4de6d7f95d89bcf5862995fb854ebaec02a34\datafixerupper-8.0.16.jar, C:\Users\micha\.gradle\caches\modules-2\files-2.1\org.lwjgl\lwjgl-stb\3.3.3\25dd6161988d7e65f71d5065c99902402ee32746\lwjgl-stb-3.3.3.jar, C:\Users\micha\.gradle\caches\modules-2\files-2.1\org.apache.logging.log4j\log4j-core\2.22.1\7183a25510a02ad00cc6a95d3b3d2a7d3c5a8dc4\log4j-core-2.22.1.jar, C:\Users\micha\.gradle\caches\modules-2\files-2.1\org.lwjgl\lwjgl-tinyfd\3.3.3\82d755ca94b102e9ca77283b9e2dc46d1b15fbe5\lwjgl-tinyfd-3.3.3.jar, C:\Users\micha\.gradle\caches\modules-2\files-2.1\com.electronwill.night-config\core\3.8.2\94eee571e1524129804d08c75f6416a3be380ad4\core-3.8.2.jar, C:\Users\micha\.gradle\caches\modules-2\files-2.1\org.lwjgl\lwjgl-openal\3.3.3\daada81ceb5fc0c291fbfdd4433cb8d9423577f2\lwjgl-openal-3.3.3.jar, C:\Users\micha\.gradle\caches\modules-2\files-2.1\com.google.guava\failureaccess\1.0.1\1dcf1de382a0bf95a3d8b0849546c88bac1292c9\failureaccess-1.0.1.jar, C:\Users\micha\.gradle\caches\modules-2\files-2.1\org.lwjgl\lwjgl-jemalloc\3.3.3\b543467b7ff3c6920539a88ee602d34098628be5\lwjgl-jemalloc-3.3.3.jar, C:\Users\micha\.gradle\caches\modules-2\files-2.1\com.mojang\logging\1.2.7\24cb95ffb0e3433fd6e844c04e68009e504ca1c0\logging-1.2.7.jar, C:\Users\micha\.gradle\caches\modules-2\files-2.1\net.sf.jopt-simple\jopt-simple\5.0.4\4fdac2fbe92dfad86aa6e9301736f6b4342a3f5c\jopt-simple-5.0.4.jar, C:\Users\micha\.gradle\caches\modules-2\files-2.1\io.netty\netty-resolver\4.1.97.Final\cec8348108dc76c47cf87c669d514be52c922144\netty-resolver-4.1.97.Final.jar, C:\Users\micha\.gradle\caches\modules-2\files-2.1\org.lwjgl\lwjgl-glfw\3.3.3\32334f3fd5270a59bad9939a93115acb6de36dcf\lwjgl-glfw-3.3.3-natives-windows-x86.jar, C:\Users\micha\.gradle\caches\modules-2\files-2.1\org.checkerframework\checker-qual\3.33.0\de2b60b62da487644fc11f734e73c8b0b431238f\checker-qual-3.33.0.jar, C:\Users\micha\.gradle\caches\modules-2\files-2.1\org.jetbrains\annotations\24.1.0\7af6a669488450c4a07c2c3254e2151df42d7d04\annotations-24.1.0.jar, C:\Users\micha\.gradle\caches\modules-2\files-2.1\org.codehaus.plexus\plexus-utils\3.3.0\cf43b5391de623b36fe066a21127baef82c64022\plexus-utils-3.3.0.jar, C:\Users\micha\.gradle\caches\modules-2\files-2.1\com.google.guava\guava\32.1.2-jre\5e64ec7e056456bef3a4bc4c6fdaef71e8ab6318\guava-32.1.2-jre.jar, C:\Users\micha\.gradle\caches\modules-2\files-2.1\org.lwjgl\lwjgl-glfw\3.3.3\efa1eb78c5ccd840e9f329717109b5e892d72f8e\lwjgl-glfw-3.3.3.jar, C:\Users\micha\.gradle\caches\modules-2\files-2.1\net.jodah\typetools\0.6.3\a01aaa6ddaea9ec07ec4f209487b7a46a526283a\typetools-0.6.3.jar, C:\Users\micha\.gradle\caches\modules-2\files-2.1\org.apache.logging.log4j\log4j-slf4j2-impl\2.22.1\d7e6693c2606cb7e7335047d7bb96dec52db5665\log4j-slf4j2-impl-2.22.1.jar, C:\Users\micha\.gradle\caches\modules-2\files-2.1\com.mojang\blocklist\1.0.10\5c685c5ffa94c4cd39496c7184c1d122e515ecef\blocklist-1.0.10.jar, C:\Users\micha\.gradle\caches\modules-2\files-2.1\org.jline\jline-reader\3.20.0\8f15415b022a25b473e8e16c28ae913186ffb9c4\jline-reader-3.20.0.jar, C:\Users\micha\.gradle\caches\modules-2\files-2.1\com.mojang\authlib\6.0.54\de8bc95660e1b2fe8793fd427a7a10dcec5b3ea7\authlib-6.0.54.jar, C:\Users\micha\.gradle\caches\modules-2\files-2.1\com.google.j2objc\j2objc-annotations\2.8\c85270e307e7b822f1086b93689124b89768e273\j2objc-annotations-2.8.jar, C:\Users\micha\.gradle\caches\modules-2\files-2.1\com.github.oshi\oshi-core\6.4.10\b1d8ab82d11d92fd639b56d639f8f46f739dd5fa\oshi-core-6.4.10.jar, C:\Users\micha\.gradle\caches\modules-2\files-2.1\org.lwjgl\lwjgl-opengl\3.3.3\65e956d3735a1abdc82eff4baec1b61174697d4b\lwjgl-opengl-3.3.3-natives-windows-arm64.jar, C:\Users\micha\.gradle\caches\modules-2\files-2.1\org.apache.commons\commons-compress\1.26.0\659feffdd12280201c8aacb8f7be94f9a883c824\commons-compress-1.26.0.jar, C:\Users\micha\.gradle\caches\modules-2\files-2.1\org.antlr\antlr4-runtime\4.13.1\17125bae1d965624e265ef49552f6465a2bfa307\antlr4-runtime-4.13.1.jar, C:\Users\micha\Documents\Blocks & Bogeys 1.21.1\CreateDeco\.gradle\repositories\ng_dummy_ng\net\minecraft\client\1.21.1\client-1.21.1-client-extra.jar, C:\Users\micha\.gradle\caches\modules-2\files-2.1\commons-io\commons-io\2.15.1\f11560da189ab563a5c8e351941415430e9304ea\commons-io-2.15.1.jar, C:\Users\micha\.gradle\caches\modules-2\files-2.1\org.apache.httpcomponents\httpclient\4.5.13\e5f6cae5ca7ecaac1ec2827a9e2d65ae2869cada\httpclient-4.5.13.jar, C:\Users\micha\.gradle\caches\modules-2\files-2.1\com.google.code.findbugs\jsr305\3.0.2\25ea2e8b0c338a877313bd4672d3fe056ea78f0d\jsr305-3.0.2.jar, C:\Users\micha\.gradle\caches\modules-2\files-2.1\net.neoforged\accesstransformers\10.0.1\fd83b5725f76eae9115e9355fa1c456a6a441400\accesstransformers-10.0.1.jar, C:\Users\micha\.gradle\caches\modules-2\files-2.1\net.java.dev.jna\jna-platform\5.14.0\28934d48aed814f11e4c584da55c49fa7032b31b\jna-platform-5.14.0.jar, C:\Users\micha\.gradle\caches\modules-2\files-2.1\org.lwjgl\lwjgl-stb\3.3.3\1d9facdf6541de114b0f963be33505b7679c78cb\lwjgl-stb-3.3.3-natives-windows.jar]
[30Aug2025 03:42:21.156] [main/DEBUG] [net.neoforged.fml.loading.FMLServiceProvider/CORE]: Preparing launch handler
[30Aug2025 03:42:21.158] [main/DEBUG] [net.neoforged.fml.loading.FMLLoader/CORE]: Using forgedatadev as launch service
[30Aug2025 03:42:21.158] [main/DEBUG] [net.neoforged.fml.common.asm.RuntimeDistCleaner/DISTXFORM]: Configuring for Dist CLIENT
[30Aug2025 03:42:21.158] [main/DEBUG] [cpw.mods.modlauncher.TransformationServiceDecorator/MODLAUNCHER]: Initialized transformation service fml
[30Aug2025 03:42:21.159] [main/DEBUG] [cpw.mods.modlauncher.TransformationServicesHandler/MODLAUNCHER]: Transformation services begin scanning
[30Aug2025 03:42:21.159] [main/DEBUG] [cpw.mods.modlauncher.TransformationServiceDecorator/MODLAUNCHER]: Beginning scan trigger - transformation service mixin
[30Aug2025 03:42:21.159] [main/DEBUG] [cpw.mods.modlauncher.TransformationServiceDecorator/MODLAUNCHER]: End scan trigger - transformation service mixin
[30Aug2025 03:42:21.159] [main/DEBUG] [cpw.mods.modlauncher.TransformationServiceDecorator/MODLAUNCHER]: Beginning scan trigger - transformation service fml
[30Aug2025 03:42:21.159] [main/DEBUG] [net.neoforged.fml.loading.FMLServiceProvider/CORE]: Initiating mod scan
[30Aug2025 03:42:21.159] [main/DEBUG] [net.neoforged.fml.loading.targets.CommonLaunchHandler/CORE]: Got mod coordinates CreateDeco%%C:\Users\micha\Documents\Blocks & Bogeys 1.21.1\CreateDeco\build\resources\main;CreateDeco%%C:\Users\micha\Documents\Blocks & Bogeys 1.21.1\CreateDeco\build\classes\java\main from env
[30Aug2025 03:42:21.159] [main/DEBUG] [net.neoforged.fml.loading.targets.CommonLaunchHandler/CORE]: Found supplied mod coordinates [{CreateDeco=[C:\Users\micha\Documents\Blocks & Bogeys 1.21.1\CreateDeco\build\resources\main, C:\Users\micha\Documents\Blocks & Bogeys 1.21.1\CreateDeco\build\classes\java\main]}]
[30Aug2025 03:42:21.161] [main/DEBUG] [net.neoforged.fml.loading.targets.CommonDevLaunchHandler/]: Launching with NeoForge from C:\Users\micha\Documents\Blocks & Bogeys 1.21.1\CreateDeco\.gradle\repositories\ng_dummy_ng\net\neoforged\neoforge\21.1.193\neoforge-21.1.193.jar
[30Aug2025 03:42:21.173] [main/DEBUG] [net.neoforged.fml.util.ServiceLoaderUtil/CORE]: Found 4 implementations of IModFileCandidateLocator:
[30Aug2025 03:42:21.173] [main/DEBUG] [net.neoforged.fml.util.ServiceLoaderUtil/CORE]: 	       0 - [built-in] net.neoforged.fml.loading.moddiscovery.locators.NeoForgeDevProvider from loader-4.0.41.jar
[30Aug2025 03:42:21.173] [main/DEBUG] [net.neoforged.fml.util.ServiceLoaderUtil/CORE]: 	       0 - net.neoforged.fml.loading.moddiscovery.locators.ModsFolderLocator from loader-4.0.41.jar
[30Aug2025 03:42:21.173] [main/DEBUG] [net.neoforged.fml.util.ServiceLoaderUtil/CORE]: 	       0 - net.neoforged.fml.loading.moddiscovery.locators.MavenDirectoryLocator from loader-4.0.41.jar
[30Aug2025 03:42:21.175] [main/DEBUG] [net.neoforged.fml.util.ServiceLoaderUtil/CORE]: 	   -1000 - [built-in] net.neoforged.fml.loading.moddiscovery.locators.UserdevLocator from loader-4.0.41.jar
[30Aug2025 03:42:21.175] [main/DEBUG] [net.neoforged.fml.util.ServiceLoaderUtil/CORE]: Found 2 implementations of IModFileReader:
[30Aug2025 03:42:21.176] [main/DEBUG] [net.neoforged.fml.util.ServiceLoaderUtil/CORE]: 	       0 - net.neoforged.fml.loading.moddiscovery.readers.JarModsDotTomlModFileReader from loader-4.0.41.jar
[30Aug2025 03:42:21.176] [main/DEBUG] [net.neoforged.fml.util.ServiceLoaderUtil/CORE]: 	   -1000 - net.neoforged.fml.loading.moddiscovery.readers.NestedLibraryModReader from loader-4.0.41.jar
[30Aug2025 03:42:21.176] [main/DEBUG] [net.neoforged.fml.util.ServiceLoaderUtil/CORE]: Found 1 implementations of IDependencyLocator:
[30Aug2025 03:42:21.178] [main/DEBUG] [net.neoforged.fml.util.ServiceLoaderUtil/CORE]: 	       0 - net.neoforged.fml.loading.moddiscovery.locators.JarInJarDependencyLocator from loader-4.0.41.jar
[30Aug2025 03:42:21.178] [main/DEBUG] [net.neoforged.fml.loading.moddiscovery.ModDiscoverer/SCAN]: Scanning for mods and other resources to load. We know 4 ways to find mods
[30Aug2025 03:42:21.178] [main/DEBUG] [net.neoforged.fml.loading.moddiscovery.ModDiscoverer/SCAN]: Trying locator neoforge devenv provider ([C:\Users\micha\Documents\Blocks & Bogeys 1.21.1\CreateDeco\.gradle\repositories\ng_dummy_ng\net\neoforged\neoforge\21.1.193\neoforge-21.1.193.jar])
[30Aug2025 03:42:21.341] [main/DEBUG] [net.neoforged.fml.loading.moddiscovery.ModFileInfo/LOADING]: Found valid mod file neoforge-21.1.193.jar with {minecraft} mods - versions {1.21.1}
[30Aug2025 03:42:21.341] [main/INFO] [net.neoforged.fml.loading.moddiscovery.ModDiscoverer/SCAN]: Found mod file "neoforge-21.1.193.jar" [locator: neoforge devenv provider ([C:\Users\micha\Documents\Blocks & Bogeys 1.21.1\CreateDeco\.gradle\repositories\ng_dummy_ng\net\neoforged\neoforge\21.1.193\neoforge-21.1.193.jar])]
[30Aug2025 03:42:21.346] [main/DEBUG] [net.neoforged.fml.loading.moddiscovery.readers.JarModsDotTomlModFileReader/SCAN]: Found META-INF/neoforge.mods.toml mod of type null: C:\Users\micha\Documents\Blocks & Bogeys 1.21.1\CreateDeco\.gradle\repositories\ng_dummy_ng\net\neoforged\neoforge\21.1.193\neoforge-21.1.193.jar
[30Aug2025 03:42:21.348] [main/DEBUG] [net.neoforged.fml.loading.moddiscovery.ModFileParser/LOADING]: Considering mod file candidate C:\Users\micha\Documents\Blocks & Bogeys 1.21.1\CreateDeco\.gradle\repositories\ng_dummy_ng\net\neoforged\neoforge\21.1.193\neoforge-21.1.193.jar
[30Aug2025 03:42:21.362] [main/DEBUG] [net.neoforged.fml.loading.moddiscovery.ModFileInfo/LOADING]: Found valid mod file neoforge-21.1.193.jar with {neoforge} mods - versions {21.1.193}
[30Aug2025 03:42:21.364] [main/INFO] [net.neoforged.fml.loading.moddiscovery.ModDiscoverer/SCAN]: Found mod file "neoforge-21.1.193.jar" [locator: neoforge devenv provider ([C:\Users\micha\Documents\Blocks & Bogeys 1.21.1\CreateDeco\.gradle\repositories\ng_dummy_ng\net\neoforged\neoforge\21.1.193\neoforge-21.1.193.jar])]
[30Aug2025 03:42:21.364] [main/DEBUG] [net.neoforged.fml.loading.moddiscovery.ModDiscoverer/SCAN]: Locator neoforge devenv provider ([C:\Users\micha\Documents\Blocks & Bogeys 1.21.1\CreateDeco\.gradle\repositories\ng_dummy_ng\net\neoforged\neoforge\21.1.193\neoforge-21.1.193.jar]) found 2 mods, 0 warnings, 0 errors and skipped 0 candidates
[30Aug2025 03:42:21.364] [main/DEBUG] [net.neoforged.fml.loading.moddiscovery.ModDiscoverer/SCAN]: Trying locator {mods folder locator at C:\Users\micha\Documents\Blocks & Bogeys 1.21.1\CreateDeco\runs\data\mods}
[30Aug2025 03:42:21.364] [main/DEBUG] [net.neoforged.fml.loading.moddiscovery.locators.ModsFolderLocator/SCAN]: Scanning mods dir C:\Users\micha\Documents\Blocks & Bogeys 1.21.1\CreateDeco\runs\data\mods for mods
[30Aug2025 03:42:21.365] [main/DEBUG] [net.neoforged.fml.loading.moddiscovery.ModDiscoverer/SCAN]: Locator {mods folder locator at C:\Users\micha\Documents\Blocks & Bogeys 1.21.1\CreateDeco\runs\data\mods} found 0 mods, 0 warnings, 0 errors and skipped 0 candidates
[30Aug2025 03:42:21.365] [main/DEBUG] [net.neoforged.fml.loading.moddiscovery.ModDiscoverer/SCAN]: Trying locator maven libs
[30Aug2025 03:42:21.366] [main/DEBUG] [net.neoforged.fml.loading.moddiscovery.ModListHandler/CORE]: Found mod coordinates from lists: []
[30Aug2025 03:42:21.366] [main/DEBUG] [net.neoforged.fml.loading.moddiscovery.ModDiscoverer/SCAN]: Locator maven libs found 0 mods, 0 warnings, 0 errors and skipped 0 candidates
[30Aug2025 03:42:21.366] [main/DEBUG] [net.neoforged.fml.loading.moddiscovery.ModDiscoverer/SCAN]: Trying locator userdev mods and services
[30Aug2025 03:42:21.369] [main/DEBUG] [net.neoforged.fml.loading.moddiscovery.readers.JarModsDotTomlModFileReader/SCAN]: Found META-INF/neoforge.mods.toml mod of type null: C:\Users\micha\Documents\Blocks & Bogeys 1.21.1\CreateDeco\build\resources\main
[30Aug2025 03:42:21.369] [main/DEBUG] [net.neoforged.fml.loading.moddiscovery.ModFileParser/LOADING]: Considering mod file candidate C:\Users\micha\Documents\Blocks & Bogeys 1.21.1\CreateDeco\build\resources\main
[30Aug2025 03:42:21.374] [main/DEBUG] [net.neoforged.fml.loading.moddiscovery.ModFileInfo/LOADING]: Found valid mod file main with {createdeco} mods - versions {2.0.3}
[30Aug2025 03:42:21.374] [main/INFO] [net.neoforged.fml.loading.moddiscovery.ModDiscoverer/SCAN]: Found mod file "main" [locator: userdev mods and services, reader: mod manifest]
[30Aug2025 03:42:21.381] [main/DEBUG] [net.neoforged.fml.loading.moddiscovery.readers.JarModsDotTomlModFileReader/SCAN]: Found META-INF/neoforge.mods.toml mod of type null: C:\Users\micha\Documents\Blocks & Bogeys 1.21.1\CreateDeco\.gradle\repositories\ng_dummy_ng\net\neoforged\neoforge\21.1.193\neoforge-21.1.193.jar
[30Aug2025 03:42:21.383] [main/DEBUG] [net.neoforged.fml.loading.moddiscovery.ModFileParser/LOADING]: Considering mod file candidate C:\Users\micha\Documents\Blocks & Bogeys 1.21.1\CreateDeco\.gradle\repositories\ng_dummy_ng\net\neoforged\neoforge\21.1.193\neoforge-21.1.193.jar
[30Aug2025 03:42:21.383] [main/DEBUG] [net.neoforged.fml.loading.moddiscovery.ModFileInfo/LOADING]: Found valid mod file neoforge-21.1.193.jar with {neoforge} mods - versions {21.1.193}
[30Aug2025 03:42:21.384] [main/INFO] [net.neoforged.fml.loading.moddiscovery.ModDiscoverer/SCAN]: Found mod file "neoforge-21.1.193.jar" [locator: userdev mods and services, reader: mod manifest]
[30Aug2025 03:42:21.389] [main/DEBUG] [net.neoforged.fml.loading.moddiscovery.readers.JarModsDotTomlModFileReader/SCAN]: Found META-INF/neoforge.mods.toml mod of type null: C:\Users\micha\.gradle\caches\modules-2\files-2.1\com.simibubi.create\create-1.21.1\6.0.6-98\f78dd4cfec2a3f87c3880db203e9167ce84da86\create-1.21.1-6.0.6-98.jar
[30Aug2025 03:42:21.389] [main/DEBUG] [net.neoforged.fml.loading.moddiscovery.ModFileParser/LOADING]: Considering mod file candidate C:\Users\micha\.gradle\caches\modules-2\files-2.1\com.simibubi.create\create-1.21.1\6.0.6-98\f78dd4cfec2a3f87c3880db203e9167ce84da86\create-1.21.1-6.0.6-98.jar
[30Aug2025 03:42:21.392] [main/DEBUG] [net.neoforged.fml.loading.moddiscovery.ModFileInfo/LOADING]: Found valid mod file create-1.21.1-6.0.6-98.jar with {create} mods - versions {6.0.6}
[30Aug2025 03:42:21.392] [main/INFO] [net.neoforged.fml.loading.moddiscovery.ModDiscoverer/SCAN]: Found mod file "create-1.21.1-6.0.6-98.jar" [locator: userdev mods and services, reader: mod manifest]
[30Aug2025 03:42:21.394] [main/DEBUG] [net.neoforged.fml.loading.moddiscovery.readers.JarModsDotTomlModFileReader/SCAN]: Found META-INF/neoforge.mods.toml mod of type null: C:\Users\micha\.gradle\caches\modules-2\files-2.1\net.createmod.ponder\Ponder-NeoForge-1.21.1\1.0.59\cdc698c9b96261f43253c94289c24c580b3d603\Ponder-NeoForge-1.21.1-1.0.59.jar
[30Aug2025 03:42:21.394] [main/DEBUG] [net.neoforged.fml.loading.moddiscovery.ModFileParser/LOADING]: Considering mod file candidate C:\Users\micha\.gradle\caches\modules-2\files-2.1\net.createmod.ponder\Ponder-NeoForge-1.21.1\1.0.59\cdc698c9b96261f43253c94289c24c580b3d603\Ponder-NeoForge-1.21.1-1.0.59.jar
[30Aug2025 03:42:21.395] [main/DEBUG] [net.neoforged.fml.loading.moddiscovery.ModFileInfo/LOADING]: Found valid mod file Ponder-NeoForge-1.21.1-1.0.59.jar with {ponder} mods - versions {1.0.59}
[30Aug2025 03:42:21.395] [main/INFO] [net.neoforged.fml.loading.moddiscovery.ModDiscoverer/SCAN]: Found mod file "Ponder-NeoForge-1.21.1-1.0.59.jar" [locator: userdev mods and services, reader: mod manifest]
[30Aug2025 03:42:21.398] [main/DEBUG] [net.neoforged.fml.loading.moddiscovery.readers.JarModsDotTomlModFileReader/SCAN]: Found META-INF/neoforge.mods.toml mod of type null: C:\Users\micha\.gradle\caches\modules-2\files-2.1\dev.engine-room.flywheel\flywheel-neoforge-1.21.1\1.0.4\47fe9da825b4479bbac55d6432d5932ee76f32f0\flywheel-neoforge-1.21.1-1.0.4.jar
[30Aug2025 03:42:21.398] [main/DEBUG] [net.neoforged.fml.loading.moddiscovery.ModFileParser/LOADING]: Considering mod file candidate C:\Users\micha\.gradle\caches\modules-2\files-2.1\dev.engine-room.flywheel\flywheel-neoforge-1.21.1\1.0.4\47fe9da825b4479bbac55d6432d5932ee76f32f0\flywheel-neoforge-1.21.1-1.0.4.jar
[30Aug2025 03:42:21.399] [main/DEBUG] [net.neoforged.fml.loading.moddiscovery.ModFileInfo/LOADING]: Found valid mod file flywheel-neoforge-1.21.1-1.0.4.jar with {flywheel} mods - versions {1.0.4}
[30Aug2025 03:42:21.399] [main/INFO] [net.neoforged.fml.loading.moddiscovery.ModDiscoverer/SCAN]: Found mod file "flywheel-neoforge-1.21.1-1.0.4.jar" [locator: userdev mods and services, reader: mod manifest]
[30Aug2025 03:42:21.419] [main/DEBUG] [net.neoforged.fml.loading.moddiscovery.ModDiscoverer/]: Skipping C:\Users\micha\.gradle\caches\modules-2\files-2.1\com.github.oshi\oshi-core\6.4.10\b1d8ab82d11d92fd639b56d639f8f46f739dd5fa\oshi-core-6.4.10.jar because it was already located earlier
[30Aug2025 03:42:21.419] [main/DEBUG] [net.neoforged.fml.loading.moddiscovery.ModDiscoverer/]: Skipping C:\Users\micha\.gradle\caches\modules-2\files-2.1\com.mojang\authlib\6.0.54\de8bc95660e1b2fe8793fd427a7a10dcec5b3ea7\authlib-6.0.54.jar because it was already located earlier
[30Aug2025 03:42:21.419] [main/DEBUG] [net.neoforged.fml.loading.moddiscovery.ModDiscoverer/]: Skipping C:\Users\micha\.gradle\caches\modules-2\files-2.1\com.mojang\datafixerupper\8.0.16\67d4de6d7f95d89bcf5862995fb854ebaec02a34\datafixerupper-8.0.16.jar because it was already located earlier
[30Aug2025 03:42:21.419] [main/DEBUG] [net.neoforged.fml.loading.moddiscovery.ModDiscoverer/]: Skipping C:\Users\micha\.gradle\caches\modules-2\files-2.1\net.neoforged.fancymodloader\earlydisplay\4.0.41\53dfbd387ed1b88c7d144bdb6551b7f57d5da6d7\earlydisplay-4.0.41.jar because it was already located earlier
[30Aug2025 03:42:21.419] [main/DEBUG] [net.neoforged.fml.loading.moddiscovery.ModDiscoverer/]: Skipping C:\Users\micha\.gradle\caches\modules-2\files-2.1\net.neoforged.fancymodloader\loader\4.0.41\3aebc81b9347fa87bb629ffaed20276f2a4c944e\loader-4.0.41.jar because it was already located earlier
[30Aug2025 03:42:21.419] [main/DEBUG] [net.neoforged.fml.loading.moddiscovery.ModDiscoverer/]: Skipping C:\Users\micha\.gradle\caches\modules-2\files-2.1\net.neoforged\JarJarSelector\0.4.1\fb3cc7a58af22ad2880adb98af6d518128c47dae\JarJarSelector-0.4.1.jar because it was already located earlier
[30Aug2025 03:42:21.419] [main/DEBUG] [net.neoforged.fml.loading.moddiscovery.ModDiscoverer/]: Skipping C:\Users\micha\.gradle\caches\modules-2\files-2.1\net.neoforged\JarJarMetadata\0.4.1\f8da03683dc81694556dc3e177c5e3bb77ae6fcb\JarJarMetadata-0.4.1.jar because it was already located earlier
[30Aug2025 03:42:21.420] [main/DEBUG] [net.neoforged.fml.loading.moddiscovery.ModDiscoverer/]: Skipping C:\Users\micha\.gradle\caches\modules-2\files-2.1\net.fabricmc\sponge-mixin\0.15.2+mixin.0.8.7\2af2f021d8e02a0220dc27a7a72b4666d66d44ca\sponge-mixin-0.15.2+mixin.0.8.7.jar because it was already located earlier
[30Aug2025 03:42:21.420] [main/DEBUG] [net.neoforged.fml.loading.moddiscovery.ModDiscoverer/]: Skipping C:\Users\micha\.gradle\caches\modules-2\files-2.1\com.google.code.gson\gson\2.10.1\b3add478d4382b78ea20b1671390a858002feb6c\gson-2.10.1.jar because it was already located earlier
[30Aug2025 03:42:21.420] [main/DEBUG] [net.neoforged.fml.loading.moddiscovery.ModDiscoverer/]: Skipping C:\Users\micha\.gradle\caches\modules-2\files-2.1\com.mojang\patchy\2.2.10\da05971b07cbb379d002cf7eaec6a2048211fefc\patchy-2.2.10.jar because it was already located earlier
[30Aug2025 03:42:21.420] [main/DEBUG] [net.neoforged.fml.loading.moddiscovery.ModDiscoverer/]: Skipping C:\Users\micha\.gradle\caches\modules-2\files-2.1\com.mojang\text2speech\1.17.9\3cad216e3a7f0c19b4b394388bc9ffc446f13b14\text2speech-1.17.9.jar because it was already located earlier
[30Aug2025 03:42:21.420] [main/DEBUG] [net.neoforged.fml.loading.moddiscovery.ModDiscoverer/]: Skipping C:\Users\micha\.gradle\caches\modules-2\files-2.1\com.google.guava\guava\32.1.2-jre\5e64ec7e056456bef3a4bc4c6fdaef71e8ab6318\guava-32.1.2-jre.jar because it was already located earlier
[30Aug2025 03:42:21.420] [main/DEBUG] [net.neoforged.fml.loading.moddiscovery.ModDiscoverer/]: Skipping C:\Users\micha\.gradle\caches\modules-2\files-2.1\com.google.guava\failureaccess\1.0.1\1dcf1de382a0bf95a3d8b0849546c88bac1292c9\failureaccess-1.0.1.jar because it was already located earlier
[30Aug2025 03:42:21.420] [main/DEBUG] [net.neoforged.fml.loading.moddiscovery.ModDiscoverer/]: Skipping C:\Users\micha\.gradle\caches\modules-2\files-2.1\com.ibm.icu\icu4j\73.2\61ad4ef7f9131fcf6d25c34b817f90d6da06c9e9\icu4j-73.2.jar because it was already located earlier
[30Aug2025 03:42:21.420] [main/DEBUG] [net.neoforged.fml.loading.moddiscovery.ModDiscoverer/]: Skipping C:\Users\micha\.gradle\caches\modules-2\files-2.1\com.mojang\blocklist\1.0.10\5c685c5ffa94c4cd39496c7184c1d122e515ecef\blocklist-1.0.10.jar because it was already located earlier
[30Aug2025 03:42:21.420] [main/DEBUG] [net.neoforged.fml.loading.moddiscovery.ModDiscoverer/]: Skipping C:\Users\micha\.gradle\caches\modules-2\files-2.1\com.mojang\brigadier\1.3.10\d15b53a14cf20fdcaa98f731af5dda654452c010\brigadier-1.3.10.jar because it was already located earlier
[30Aug2025 03:42:21.420] [main/DEBUG] [net.neoforged.fml.loading.moddiscovery.ModDiscoverer/]: Skipping C:\Users\micha\.gradle\caches\modules-2\files-2.1\com.mojang\logging\1.2.7\24cb95ffb0e3433fd6e844c04e68009e504ca1c0\logging-1.2.7.jar because it was already located earlier
[30Aug2025 03:42:21.420] [main/DEBUG] [net.neoforged.fml.loading.moddiscovery.ModDiscoverer/]: Skipping C:\Users\micha\.gradle\caches\modules-2\files-2.1\org.apache.httpcomponents\httpclient\4.5.13\e5f6cae5ca7ecaac1ec2827a9e2d65ae2869cada\httpclient-4.5.13.jar because it was already located earlier
[30Aug2025 03:42:21.420] [main/DEBUG] [net.neoforged.fml.loading.moddiscovery.ModDiscoverer/]: Skipping C:\Users\micha\.gradle\caches\modules-2\files-2.1\commons-codec\commons-codec\1.16.0\4e3eb3d79888d76b54e28b350915b5dc3919c9de\commons-codec-1.16.0.jar because it was already located earlier
[30Aug2025 03:42:21.420] [main/DEBUG] [net.neoforged.fml.loading.moddiscovery.ModDiscoverer/]: Skipping C:\Users\micha\.gradle\caches\modules-2\files-2.1\org.apache.commons\commons-compress\1.26.0\659feffdd12280201c8aacb8f7be94f9a883c824\commons-compress-1.26.0.jar because it was already located earlier
[30Aug2025 03:42:21.420] [main/DEBUG] [net.neoforged.fml.loading.moddiscovery.ModDiscoverer/]: Skipping C:\Users\micha\.gradle\caches\modules-2\files-2.1\commons-io\commons-io\2.15.1\f11560da189ab563a5c8e351941415430e9304ea\commons-io-2.15.1.jar because it was already located earlier
[30Aug2025 03:42:21.420] [main/DEBUG] [net.neoforged.fml.loading.moddiscovery.ModDiscoverer/]: Skipping C:\Users\micha\.gradle\caches\modules-2\files-2.1\commons-logging\commons-logging\1.2\4bfc12adfe4842bf07b657f0369c4cb522955686\commons-logging-1.2.jar because it was already located earlier
[30Aug2025 03:42:21.420] [main/DEBUG] [net.neoforged.fml.loading.moddiscovery.ModDiscoverer/]: Skipping C:\Users\micha\.gradle\caches\modules-2\files-2.1\io.netty\netty-handler\4.1.97.Final\abb86c6906bf512bf2b797a41cd7d2e8d3cd7c36\netty-handler-4.1.97.Final.jar because it was already located earlier
[30Aug2025 03:42:21.420] [main/DEBUG] [net.neoforged.fml.loading.moddiscovery.ModDiscoverer/]: Skipping C:\Users\micha\.gradle\caches\modules-2\files-2.1\io.netty\netty-codec\4.1.97.Final\384ba4d75670befbedb45c4d3b497a93639c206d\netty-codec-4.1.97.Final.jar because it was already located earlier
[30Aug2025 03:42:21.420] [main/DEBUG] [net.neoforged.fml.loading.moddiscovery.ModDiscoverer/]: Skipping C:\Users\micha\.gradle\caches\modules-2\files-2.1\io.netty\netty-transport-classes-epoll\4.1.97.Final\795da37ded759e862457a82d9d92c4d39ce8ecee\netty-transport-classes-epoll-4.1.97.Final.jar because it was already located earlier
[30Aug2025 03:42:21.420] [main/DEBUG] [net.neoforged.fml.loading.moddiscovery.ModDiscoverer/]: Skipping C:\Users\micha\.gradle\caches\modules-2\files-2.1\io.netty\netty-transport-native-unix-common\4.1.97.Final\d469d84265ab70095b01b40886cabdd433b6e664\netty-transport-native-unix-common-4.1.97.Final.jar because it was already located earlier
[30Aug2025 03:42:21.420] [main/DEBUG] [net.neoforged.fml.loading.moddiscovery.ModDiscoverer/]: Skipping C:\Users\micha\.gradle\caches\modules-2\files-2.1\io.netty\netty-transport\4.1.97.Final\f37380d23c9bb079bc702910833b2fd532c9abd0\netty-transport-4.1.97.Final.jar because it was already located earlier
[30Aug2025 03:42:21.420] [main/DEBUG] [net.neoforged.fml.loading.moddiscovery.ModDiscoverer/]: Skipping C:\Users\micha\.gradle\caches\modules-2\files-2.1\io.netty\netty-buffer\4.1.97.Final\f8f3d8644afa5e6e1a40a3a6aeb9d9aa970ecb4f\netty-buffer-4.1.97.Final.jar because it was already located earlier
[30Aug2025 03:42:21.420] [main/DEBUG] [net.neoforged.fml.loading.moddiscovery.ModDiscoverer/]: Skipping C:\Users\micha\.gradle\caches\modules-2\files-2.1\io.netty\netty-resolver\4.1.97.Final\cec8348108dc76c47cf87c669d514be52c922144\netty-resolver-4.1.97.Final.jar because it was already located earlier
[30Aug2025 03:42:21.420] [main/DEBUG] [net.neoforged.fml.loading.moddiscovery.ModDiscoverer/]: Skipping C:\Users\micha\.gradle\caches\modules-2\files-2.1\io.netty\netty-common\4.1.97.Final\7cceacaf11df8dc63f23d0fb58e9d4640fc88404\netty-common-4.1.97.Final.jar because it was already located earlier
[30Aug2025 03:42:21.420] [main/DEBUG] [net.neoforged.fml.loading.moddiscovery.ModDiscoverer/]: Skipping C:\Users\micha\.gradle\caches\modules-2\files-2.1\it.unimi.dsi\fastutil\8.5.12\c24946d46824bd528054bface3231d2ecb7e95e8\fastutil-8.5.12.jar because it was already located earlier
[30Aug2025 03:42:21.420] [main/DEBUG] [net.neoforged.fml.loading.moddiscovery.ModDiscoverer/]: Skipping C:\Users\micha\.gradle\caches\modules-2\files-2.1\net.java.dev.jna\jna-platform\5.14.0\28934d48aed814f11e4c584da55c49fa7032b31b\jna-platform-5.14.0.jar because it was already located earlier
[30Aug2025 03:42:21.422] [main/DEBUG] [net.neoforged.fml.loading.moddiscovery.ModDiscoverer/]: Skipping C:\Users\micha\.gradle\caches\modules-2\files-2.1\ca.weblite\java-objc-bridge\1.1\1227f9e0666314f9de41477e3ec277e542ed7f7b\java-objc-bridge-1.1.jar because it was already located earlier
[30Aug2025 03:42:21.422] [main/DEBUG] [net.neoforged.fml.loading.moddiscovery.ModDiscoverer/]: Skipping C:\Users\micha\.gradle\caches\modules-2\files-2.1\net.java.dev.jna\jna\5.14.0\67bf3eaea4f0718cb376a181a629e5f88fa1c9dd\jna-5.14.0.jar because it was already located earlier
[30Aug2025 03:42:21.422] [main/DEBUG] [net.neoforged.fml.loading.moddiscovery.ModDiscoverer/]: Skipping C:\Users\micha\.gradle\caches\modules-2\files-2.1\net.neoforged\mergetool\2.0.3\1275202cbbb248f49345cf6787ce299afd9a02fb\mergetool-2.0.3-api.jar because it was already located earlier
[30Aug2025 03:42:21.422] [main/DEBUG] [net.neoforged.fml.loading.moddiscovery.ModDiscoverer/]: Skipping C:\Users\micha\.gradle\caches\modules-2\files-2.1\net.neoforged.accesstransformers\at-modlauncher\10.0.1\5aba50202aceead086bc09fbc2751c9f05cb4890\at-modlauncher-10.0.1.jar because it was already located earlier
[30Aug2025 03:42:21.422] [main/DEBUG] [net.neoforged.fml.loading.moddiscovery.ModDiscoverer/]: Skipping C:\Users\micha\.gradle\caches\modules-2\files-2.1\net.neoforged\coremods\7.0.3\9147e6f638b4272b3bd5fc8f92ad37802512c6c\coremods-7.0.3.jar because it was already located earlier
[30Aug2025 03:42:21.422] [main/DEBUG] [net.neoforged.fml.loading.moddiscovery.ModDiscoverer/]: Skipping C:\Users\micha\.gradle\caches\modules-2\files-2.1\cpw.mods\modlauncher\11.0.5\b8f0d49294f733fdb6173931b263553e943dc950\modlauncher-11.0.5.jar because it was already located earlier
[30Aug2025 03:42:21.422] [main/DEBUG] [net.neoforged.fml.loading.moddiscovery.ModDiscoverer/]: Skipping C:\Users\micha\.gradle\caches\modules-2\files-2.1\net.sf.jopt-simple\jopt-simple\5.0.4\4fdac2fbe92dfad86aa6e9301736f6b4342a3f5c\jopt-simple-5.0.4.jar because it was already located earlier
[30Aug2025 03:42:21.422] [main/DEBUG] [net.neoforged.fml.loading.moddiscovery.ModDiscoverer/]: Skipping C:\Users\micha\.gradle\caches\modules-2\files-2.1\org.apache.maven\maven-artifact\3.8.5\4433f50c07debefaed0553bd0068f4f48d449313\maven-artifact-3.8.5.jar because it was already located earlier
[30Aug2025 03:42:21.422] [main/DEBUG] [net.neoforged.fml.loading.moddiscovery.ModDiscoverer/]: Skipping C:\Users\micha\.gradle\caches\modules-2\files-2.1\org.apache.commons\commons-lang3\3.14.0\1ed471194b02f2c6cb734a0cd6f6f107c673afae\commons-lang3-3.14.0.jar because it was already located earlier
[30Aug2025 03:42:21.422] [main/DEBUG] [net.neoforged.fml.loading.moddiscovery.ModDiscoverer/]: Skipping C:\Users\micha\.gradle\caches\modules-2\files-2.1\org.apache.httpcomponents\httpcore\4.4.16\51cf043c87253c9f58b539c9f7e44c8894223850\httpcore-4.4.16.jar because it was already located earlier
[30Aug2025 03:42:21.422] [main/DEBUG] [net.neoforged.fml.loading.moddiscovery.ModDiscoverer/]: Skipping C:\Users\micha\.gradle\caches\modules-2\files-2.1\org.apache.logging.log4j\log4j-slf4j2-impl\2.22.1\d7e6693c2606cb7e7335047d7bb96dec52db5665\log4j-slf4j2-impl-2.22.1.jar because it was already located earlier
[30Aug2025 03:42:21.422] [main/DEBUG] [net.neoforged.fml.loading.moddiscovery.ModDiscoverer/]: Skipping C:\Users\micha\.gradle\caches\modules-2\files-2.1\net.minecrell\terminalconsoleappender\1.3.0\b562e9bb61235c9520e26282cdee71f8f802d1fc\terminalconsoleappender-1.3.0.jar because it was already located earlier
[30Aug2025 03:42:21.422] [main/DEBUG] [net.neoforged.fml.loading.moddiscovery.ModDiscoverer/]: Skipping C:\Users\micha\.gradle\caches\modules-2\files-2.1\org.apache.logging.log4j\log4j-core\2.22.1\7183a25510a02ad00cc6a95d3b3d2a7d3c5a8dc4\log4j-core-2.22.1.jar because it was already located earlier
[30Aug2025 03:42:21.422] [main/DEBUG] [net.neoforged.fml.loading.moddiscovery.ModDiscoverer/]: Skipping C:\Users\micha\.gradle\caches\modules-2\files-2.1\net.neoforged\bus\8.0.5\5b2d33285ab5d1554e9798ad98c40d6ea3868bd5\bus-8.0.5.jar because it was already located earlier
[30Aug2025 03:42:21.422] [main/DEBUG] [net.neoforged.fml.loading.moddiscovery.ModDiscoverer/]: Skipping C:\Users\micha\.gradle\caches\modules-2\files-2.1\org.apache.logging.log4j\log4j-api\2.22.1\bea6fede6328fabafd7e68363161a7ea6605abd1\log4j-api-2.22.1.jar because it was already located earlier
[30Aug2025 03:42:21.422] [main/DEBUG] [net.neoforged.fml.loading.moddiscovery.ModDiscoverer/]: Skipping C:\Users\micha\.gradle\caches\modules-2\files-2.1\org.jcraft\jorbis\0.0.17\8872d22b293e8f5d7d56ff92be966e6dc28ebdc6\jorbis-0.0.17.jar because it was already located earlier
[30Aug2025 03:42:21.422] [main/DEBUG] [net.neoforged.fml.loading.moddiscovery.ModDiscoverer/]: Skipping C:\Users\micha\.gradle\caches\modules-2\files-2.1\org.joml\joml\1.10.5\22566d58af70ad3d72308bab63b8339906deb649\joml-1.10.5.jar because it was already located earlier
[30Aug2025 03:42:21.422] [main/DEBUG] [net.neoforged.fml.loading.moddiscovery.ModDiscoverer/]: Skipping C:\Users\micha\.gradle\caches\modules-2\files-2.1\org.lwjgl\lwjgl-freetype\3.3.3\a0db6c84a8becc8ca05f9dbfa985edc348a824c7\lwjgl-freetype-3.3.3.jar because it was already located earlier
[30Aug2025 03:42:21.427] [main/DEBUG] [net.neoforged.fml.loading.moddiscovery.ModDiscoverer/]: Skipping C:\Users\micha\.gradle\caches\modules-2\files-2.1\org.lwjgl\lwjgl-freetype\3.3.3\15a8c1de7f51d07a92eae7ce1222557073a0c0c3\lwjgl-freetype-3.3.3-natives-windows-x86.jar because it was already located earlier
[30Aug2025 03:42:21.427] [main/DEBUG] [net.neoforged.fml.loading.moddiscovery.ModDiscoverer/]: Skipping C:\Users\micha\.gradle\caches\modules-2\files-2.1\org.lwjgl\lwjgl-glfw\3.3.3\efa1eb78c5ccd840e9f329717109b5e892d72f8e\lwjgl-glfw-3.3.3.jar because it was already located earlier
[30Aug2025 03:42:21.431] [main/DEBUG] [net.neoforged.fml.loading.moddiscovery.ModDiscoverer/]: Skipping C:\Users\micha\.gradle\caches\modules-2\files-2.1\org.lwjgl\lwjgl-glfw\3.3.3\32334f3fd5270a59bad9939a93115acb6de36dcf\lwjgl-glfw-3.3.3-natives-windows-x86.jar because it was already located earlier
[30Aug2025 03:42:21.431] [main/DEBUG] [net.neoforged.fml.loading.moddiscovery.ModDiscoverer/]: Skipping C:\Users\micha\.gradle\caches\modules-2\files-2.1\org.lwjgl\lwjgl-jemalloc\3.3.3\b543467b7ff3c6920539a88ee602d34098628be5\lwjgl-jemalloc-3.3.3.jar because it was already located earlier
[30Aug2025 03:42:21.431] [main/DEBUG] [net.neoforged.fml.loading.moddiscovery.ModDiscoverer/]: Skipping C:\Users\micha\.gradle\caches\modules-2\files-2.1\org.lwjgl\lwjgl-jemalloc\3.3.3\426222fc027602a5f21b9c0fe79cde6a4c7a011f\lwjgl-jemalloc-3.3.3-natives-windows.jar because it was already located earlier
[30Aug2025 03:42:21.434] [main/DEBUG] [net.neoforged.fml.loading.moddiscovery.ModDiscoverer/]: Skipping C:\Users\micha\.gradle\caches\modules-2\files-2.1\org.lwjgl\lwjgl-openal\3.3.3\daada81ceb5fc0c291fbfdd4433cb8d9423577f2\lwjgl-openal-3.3.3.jar because it was already located earlier
[30Aug2025 03:42:21.439] [main/DEBUG] [net.neoforged.fml.loading.moddiscovery.ModDiscoverer/]: Skipping C:\Users\micha\.gradle\caches\modules-2\files-2.1\org.lwjgl\lwjgl-openal\3.3.3\87b8d5050e3adb46bb58fe1cb2669a4a48fce10d\lwjgl-openal-3.3.3-natives-windows-x86.jar because it was already located earlier
[30Aug2025 03:42:21.439] [main/DEBUG] [net.neoforged.fml.loading.moddiscovery.ModDiscoverer/]: Skipping C:\Users\micha\.gradle\caches\modules-2\files-2.1\org.lwjgl\lwjgl-opengl\3.3.3\2f6b0147078396a58979125a4c947664e98293a\lwjgl-opengl-3.3.3.jar because it was already located earlier
[30Aug2025 03:42:21.441] [main/DEBUG] [net.neoforged.fml.loading.moddiscovery.ModDiscoverer/]: Skipping C:\Users\micha\.gradle\caches\modules-2\files-2.1\org.lwjgl\lwjgl-opengl\3.3.3\65e956d3735a1abdc82eff4baec1b61174697d4b\lwjgl-opengl-3.3.3-natives-windows-arm64.jar because it was already located earlier
[30Aug2025 03:42:21.443] [main/DEBUG] [net.neoforged.fml.loading.moddiscovery.ModDiscoverer/]: Skipping C:\Users\micha\.gradle\caches\modules-2\files-2.1\org.lwjgl\lwjgl-stb\3.3.3\25dd6161988d7e65f71d5065c99902402ee32746\lwjgl-stb-3.3.3.jar because it was already located earlier
[30Aug2025 03:42:21.443] [main/DEBUG] [net.neoforged.fml.loading.moddiscovery.ModDiscoverer/]: Skipping C:\Users\micha\.gradle\caches\modules-2\files-2.1\org.lwjgl\lwjgl-stb\3.3.3\1d9facdf6541de114b0f963be33505b7679c78cb\lwjgl-stb-3.3.3-natives-windows.jar because it was already located earlier
[30Aug2025 03:42:21.448] [main/DEBUG] [net.neoforged.fml.loading.moddiscovery.ModDiscoverer/]: Skipping C:\Users\micha\.gradle\caches\modules-2\files-2.1\org.lwjgl\lwjgl-tinyfd\3.3.3\82d755ca94b102e9ca77283b9e2dc46d1b15fbe5\lwjgl-tinyfd-3.3.3.jar because it was already located earlier
[30Aug2025 03:42:21.448] [main/DEBUG] [net.neoforged.fml.loading.moddiscovery.ModDiscoverer/]: Skipping C:\Users\micha\.gradle\caches\modules-2\files-2.1\org.lwjgl\lwjgl-tinyfd\3.3.3\a6697981b0449a5087c1d546fc08b4f73e8f98c9\lwjgl-tinyfd-3.3.3-natives-windows.jar because it was already located earlier
[30Aug2025 03:42:21.451] [main/DEBUG] [net.neoforged.fml.loading.moddiscovery.ModDiscoverer/]: Skipping C:\Users\micha\.gradle\caches\modules-2\files-2.1\org.lwjgl\lwjgl\3.3.3\29589b5f87ed335a6c7e7ee6a5775f81f97ecb84\lwjgl-3.3.3.jar because it was already located earlier
[30Aug2025 03:42:21.454] [main/DEBUG] [net.neoforged.fml.loading.moddiscovery.ModDiscoverer/]: Skipping C:\Users\micha\.gradle\caches\modules-2\files-2.1\org.lwjgl\lwjgl\3.3.3\9e670718e050aeaeea0c2d5b907cffb142f2e58f\lwjgl-3.3.3-natives-windows-x86.jar because it was already located earlier
[30Aug2025 03:42:21.455] [main/DEBUG] [net.neoforged.fml.loading.moddiscovery.ModDiscoverer/]: Skipping C:\Users\micha\.gradle\caches\modules-2\files-2.1\org.lz4\lz4-java\1.8.0\4b986a99445e49ea5fbf5d149c4b63f6ed6c6780\lz4-java-1.8.0.jar because it was already located earlier
[30Aug2025 03:42:21.455] [main/DEBUG] [net.neoforged.fml.loading.moddiscovery.ModDiscoverer/]: Skipping C:\Users\micha\.gradle\caches\modules-2\files-2.1\net.neoforged\accesstransformers\10.0.1\fd83b5725f76eae9115e9355fa1c456a6a441400\accesstransformers-10.0.1.jar because it was already located earlier
[30Aug2025 03:42:21.455] [main/DEBUG] [net.neoforged.fml.loading.moddiscovery.ModDiscoverer/]: Skipping C:\Users\micha\.gradle\caches\modules-2\files-2.1\com.machinezoo.noexception\noexception\1.7.1\b65330c98e38a1f915fa54a6e5eca496505e3f0a\noexception-1.7.1.jar because it was already located earlier
[30Aug2025 03:42:21.455] [main/DEBUG] [net.neoforged.fml.loading.moddiscovery.ModDiscoverer/]: Skipping C:\Users\micha\.gradle\caches\modules-2\files-2.1\org.slf4j\slf4j-api\2.0.9\7cf2726fdcfbc8610f9a71fb3ed639871f315340\slf4j-api-2.0.9.jar because it was already located earlier
[30Aug2025 03:42:21.455] [main/DEBUG] [net.neoforged.fml.loading.moddiscovery.ModDiscoverer/]: Skipping C:\Users\micha\.gradle\caches\modules-2\files-2.1\com.google.code.findbugs\jsr305\3.0.2\25ea2e8b0c338a877313bd4672d3fe056ea78f0d\jsr305-3.0.2.jar because it was already located earlier
[30Aug2025 03:42:21.455] [main/DEBUG] [net.neoforged.fml.loading.moddiscovery.ModDiscoverer/]: Skipping C:\Users\micha\.gradle\caches\modules-2\files-2.1\org.jetbrains\annotations\24.1.0\7af6a669488450c4a07c2c3254e2151df42d7d04\annotations-24.1.0.jar because it was already located earlier
[30Aug2025 03:42:21.455] [main/DEBUG] [net.neoforged.fml.loading.moddiscovery.ModDiscoverer/]: Skipping C:\Users\micha\.gradle\caches\modules-2\files-2.1\com.electronwill.night-config\toml\3.8.2\c128842f759692f613ea6c3ef0ef052273bbb38c\toml-3.8.2.jar because it was already located earlier
[30Aug2025 03:42:21.455] [main/DEBUG] [net.neoforged.fml.loading.moddiscovery.ModDiscoverer/]: Skipping C:\Users\micha\.gradle\caches\modules-2\files-2.1\com.electronwill.night-config\core\3.8.2\94eee571e1524129804d08c75f6416a3be380ad4\core-3.8.2.jar because it was already located earlier
[30Aug2025 03:42:21.455] [main/DEBUG] [net.neoforged.fml.loading.moddiscovery.ModDiscoverer/]: Skipping C:\Users\micha\.gradle\caches\modules-2\files-2.1\net.jodah\typetools\0.6.3\a01aaa6ddaea9ec07ec4f209487b7a46a526283a\typetools-0.6.3.jar because it was already located earlier
[30Aug2025 03:42:21.455] [main/DEBUG] [net.neoforged.fml.loading.moddiscovery.ModDiscoverer/]: Skipping C:\Users\micha\.gradle\caches\modules-2\files-2.1\org.openjdk.nashorn\nashorn-core\15.4\f67f5ffaa5f5130cf6fb9b133da00c7df3b532a5\nashorn-core-15.4.jar because it was already located earlier
[30Aug2025 03:42:21.457] [main/DEBUG] [net.neoforged.fml.loading.moddiscovery.readers.JarModsDotTomlModFileReader/SCAN]: Found META-INF/MANIFEST.MF mod of type GAMELIBRARY: C:\Users\micha\.gradle\caches\modules-2\files-2.1\io.github.llamalad7\mixinextras-neoforge\0.4.1\eff97772ecd0dcf8e52cdbafd3b3ccec425f8314\mixinextras-neoforge-0.4.1.jar
[30Aug2025 03:42:21.459] [main/INFO] [net.neoforged.fml.loading.moddiscovery.ModDiscoverer/SCAN]: Found gamelibrary file "mixinextras-neoforge-0.4.1.jar" [locator: userdev mods and services, reader: mod manifest]
[30Aug2025 03:42:21.459] [main/DEBUG] [net.neoforged.fml.loading.moddiscovery.ModDiscoverer/]: Skipping C:\Users\micha\.gradle\caches\modules-2\files-2.1\org.antlr\antlr4-runtime\4.13.1\17125bae1d965624e265ef49552f6465a2bfa307\antlr4-runtime-4.13.1.jar because it was already located earlier
[30Aug2025 03:42:21.459] [main/DEBUG] [net.neoforged.fml.loading.moddiscovery.ModDiscoverer/]: Skipping C:\Users\micha\.gradle\caches\modules-2\files-2.1\org.jline\jline-reader\3.20.0\8f15415b022a25b473e8e16c28ae913186ffb9c4\jline-reader-3.20.0.jar because it was already located earlier
[30Aug2025 03:42:21.459] [main/DEBUG] [net.neoforged.fml.loading.moddiscovery.ModDiscoverer/]: Skipping C:\Users\micha\.gradle\caches\modules-2\files-2.1\org.jline\jline-terminal\3.20.0\d0ddcc708ddf527a3454c941b7b9225cc83a15ff\jline-terminal-3.20.0.jar because it was already located earlier
[30Aug2025 03:42:21.459] [main/DEBUG] [net.neoforged.fml.loading.moddiscovery.ModDiscoverer/]: Skipping C:\Users\micha\.gradle\caches\modules-2\files-2.1\net.minecraftforge\srgutils\0.4.15\ca408b131759478f164e010fae0d73997e125fb5\srgutils-0.4.15.jar because it was already located earlier
[30Aug2025 03:42:21.459] [main/DEBUG] [net.neoforged.fml.loading.moddiscovery.ModDiscoverer/]: Skipping C:\Users\micha\.gradle\caches\modules-2\files-2.1\com.google.guava\listenablefuture\9999.0-empty-to-avoid-conflict-with-guava\b421526c5f297295adef1c886e5246c39d4ac629\listenablefuture-9999.0-empty-to-avoid-conflict-with-guava.jar because it was already located earlier
[30Aug2025 03:42:21.459] [main/DEBUG] [net.neoforged.fml.loading.moddiscovery.ModDiscoverer/]: Skipping C:\Users\micha\.gradle\caches\modules-2\files-2.1\org.checkerframework\checker-qual\3.33.0\de2b60b62da487644fc11f734e73c8b0b431238f\checker-qual-3.33.0.jar because it was already located earlier
[30Aug2025 03:42:21.459] [main/DEBUG] [net.neoforged.fml.loading.moddiscovery.ModDiscoverer/]: Skipping C:\Users\micha\.gradle\caches\modules-2\files-2.1\com.google.errorprone\error_prone_annotations\2.18.0\89b684257096f548fa39a7df9fdaa409d4d4df91\error_prone_annotations-2.18.0.jar because it was already located earlier
[30Aug2025 03:42:21.459] [main/DEBUG] [net.neoforged.fml.loading.moddiscovery.ModDiscoverer/]: Skipping C:\Users\micha\.gradle\caches\modules-2\files-2.1\com.google.j2objc\j2objc-annotations\2.8\c85270e307e7b822f1086b93689124b89768e273\j2objc-annotations-2.8.jar because it was already located earlier
[30Aug2025 03:42:21.459] [main/DEBUG] [net.neoforged.fml.loading.moddiscovery.ModDiscoverer/]: Skipping C:\Users\micha\.gradle\caches\modules-2\files-2.1\org.codehaus.plexus\plexus-utils\3.3.0\cf43b5391de623b36fe066a21127baef82c64022\plexus-utils-3.3.0.jar because it was already located earlier
[30Aug2025 03:42:21.459] [main/DEBUG] [net.neoforged.fml.loading.moddiscovery.ModDiscoverer/]: Skipping C:\Users\micha\Documents\Blocks & Bogeys 1.21.1\CreateDeco\.gradle\repositories\ng_dummy_ng\net\minecraft\client\1.21.1\client-1.21.1-client-extra.jar because it was already located earlier
[30Aug2025 03:42:21.459] [main/DEBUG] [net.neoforged.fml.loading.moddiscovery.ModDiscoverer/SCAN]: Locator userdev mods and services found 6 mods, 0 warnings, 0 errors and skipped 85 candidates
[30Aug2025 03:42:21.462] [main/DEBUG] [net.neoforged.fml.loading.UniqueModListBuilder/]: Found 2 mods for first modid neoforge, selecting most recent based on version data
[30Aug2025 03:42:21.462] [main/DEBUG] [net.neoforged.fml.loading.UniqueModListBuilder/]: Selected file neoforge-21.1.193.jar for modid neoforge with version 21.1.193
[30Aug2025 03:42:21.466] [main/DEBUG] [net.neoforged.fml.loading.moddiscovery.ModDiscoverer/SCAN]: Successfully Loaded 7 mods. Attempting to load dependencies...
[30Aug2025 03:42:21.466] [main/DEBUG] [net.neoforged.fml.loading.moddiscovery.ModDiscoverer/SCAN]: Trying locator jarinjar
[30Aug2025 03:42:21.469] [main/TRACE] [net.neoforged.fml.loading.moddiscovery.locators.JarInJarDependencyLocator/]: Failed to load resource META-INF\jarjar\metadata.json from neoforge-21.1.193.jar, it does not contain dependency information.
[30Aug2025 03:42:21.469] [main/TRACE] [net.neoforged.fml.loading.moddiscovery.locators.JarInJarDependencyLocator/]: Failed to load resource META-INF\jarjar\metadata.json from mixinextras-neoforge-0.4.1.jar, it does not contain dependency information.
[30Aug2025 03:42:21.469] [main/TRACE] [net.neoforged.fml.loading.moddiscovery.locators.JarInJarDependencyLocator/]: Failed to load resource META-INF\jarjar\metadata.json from flywheel-neoforge-1.21.1-1.0.4.jar, it does not contain dependency information.
[30Aug2025 03:42:21.471] [main/TRACE] [net.neoforged.fml.loading.moddiscovery.locators.JarInJarDependencyLocator/]: Failed to load resource META-INF\jarjar\metadata.json from main, it does not contain dependency information.
[30Aug2025 03:42:21.471] [main/TRACE] [net.neoforged.fml.loading.moddiscovery.locators.JarInJarDependencyLocator/]: Failed to load resource META-INF\jarjar\metadata.json from Ponder-NeoForge-1.21.1-1.0.59.jar, it does not contain dependency information.
[30Aug2025 03:42:21.574] [main/DEBUG] [net.neoforged.fml.loading.moddiscovery.readers.JarModsDotTomlModFileReader/SCAN]: Found META-INF/MANIFEST.MF mod of type GAMELIBRARY: 
[30Aug2025 03:42:21.575] [main/DEBUG] [net.neoforged.fml.loading.moddiscovery.readers.JarModsDotTomlModFileReader/SCAN]: Found META-INF/MANIFEST.MF mod of type LIBRARY: 
[30Aug2025 03:42:21.579] [main/DEBUG] [net.neoforged.fml.loading.moddiscovery.readers.JarModsDotTomlModFileReader/SCAN]: Found META-INF/MANIFEST.MF mod of type GAMELIBRARY: 
[30Aug2025 03:42:21.589] [main/DEBUG] [net.neoforged.fml.loading.moddiscovery.readers.JarModsDotTomlModFileReader/SCAN]: Found META-INF/neoforge.mods.toml mod of type null: 
[30Aug2025 03:42:21.589] [main/DEBUG] [net.neoforged.fml.loading.moddiscovery.ModFileParser/LOADING]: Considering mod file candidate 
[30Aug2025 03:42:21.590] [main/DEBUG] [net.neoforged.fml.loading.moddiscovery.ModFileInfo/LOADING]: Found valid mod file flywheel-neoforge-1.21.1-1.0.4.jar with {flywheel} mods - versions {1.0.4}
[30Aug2025 03:42:21.601] [main/DEBUG] [net.neoforged.fml.loading.moddiscovery.readers.JarModsDotTomlModFileReader/SCAN]: Found META-INF/neoforge.mods.toml mod of type null: 
[30Aug2025 03:42:21.601] [main/DEBUG] [net.neoforged.fml.loading.moddiscovery.ModFileParser/LOADING]: Considering mod file candidate 
[30Aug2025 03:42:21.603] [main/DEBUG] [net.neoforged.fml.loading.moddiscovery.ModFileInfo/LOADING]: Found valid mod file Ponder-NeoForge-1.21.1-1.0.56.jar with {ponder} mods - versions {1.0.56}
[30Aug2025 03:42:21.603] [main/TRACE] [net.neoforged.fml.loading.moddiscovery.locators.JarInJarDependencyLocator/]: Failed to load resource META-INF\jarjar\metadata.json from mixinextras-neoforge-0.4.1.jar, it does not contain dependency information.
[30Aug2025 03:42:21.603] [main/TRACE] [net.neoforged.fml.loading.moddiscovery.locators.JarInJarDependencyLocator/]: Failed to load resource META-INF\jarjar\metadata.json from net.neoforged.neoforge-coremods-21.1.193.jar, it does not contain dependency information.
[30Aug2025 03:42:21.603] [main/TRACE] [net.neoforged.fml.loading.moddiscovery.locators.JarInJarDependencyLocator/]: Failed to load resource META-INF\jarjar\metadata.json from Registrate-MC1.21-1.3.0+62.jar, it does not contain dependency information.
[30Aug2025 03:42:21.603] [main/TRACE] [net.neoforged.fml.loading.moddiscovery.locators.JarInJarDependencyLocator/]: Failed to load resource META-INF\jarjar\metadata.json from flywheel-neoforge-1.21.1-1.0.4.jar, it does not contain dependency information.
[30Aug2025 03:42:21.603] [main/TRACE] [net.neoforged.fml.loading.moddiscovery.locators.JarInJarDependencyLocator/]: Failed to load resource META-INF\jarjar\metadata.json from Ponder-NeoForge-1.21.1-1.0.56.jar, it does not contain dependency information.
[30Aug2025 03:42:21.683] [main/DEBUG] [net.neoforged.fml.loading.moddiscovery.readers.JarModsDotTomlModFileReader/SCAN]: Found META-INF/MANIFEST.MF mod of type GAMELIBRARY: 
[30Aug2025 03:42:21.690] [main/DEBUG] [net.neoforged.fml.loading.moddiscovery.readers.JarModsDotTomlModFileReader/SCAN]: Found META-INF/neoforge.mods.toml mod of type null: 
[30Aug2025 03:42:21.690] [main/DEBUG] [net.neoforged.fml.loading.moddiscovery.ModFileParser/LOADING]: Considering mod file candidate 
[30Aug2025 03:42:21.692] [main/DEBUG] [net.neoforged.fml.loading.moddiscovery.ModFileInfo/LOADING]: Found valid mod file flywheel-neoforge-1.21.1-1.0.4.jar with {flywheel} mods - versions {1.0.4}
[30Aug2025 03:42:21.716] [main/DEBUG] [net.neoforged.fml.loading.moddiscovery.readers.JarModsDotTomlModFileReader/SCAN]: Found META-INF/neoforge.mods.toml mod of type null: 
[30Aug2025 03:42:21.716] [main/DEBUG] [net.neoforged.fml.loading.moddiscovery.ModFileParser/LOADING]: Considering mod file candidate 
[30Aug2025 03:42:21.717] [main/DEBUG] [net.neoforged.fml.loading.moddiscovery.ModFileInfo/LOADING]: Found valid mod file Ponder-NeoForge-1.21.1-1.0.56.jar with {ponder} mods - versions {1.0.56}
[30Aug2025 03:42:21.719] [main/DEBUG] [net.neoforged.fml.loading.moddiscovery.readers.JarModsDotTomlModFileReader/SCAN]: Found META-INF/MANIFEST.MF mod of type LIBRARY: 
[30Aug2025 03:42:21.722] [main/DEBUG] [net.neoforged.fml.loading.moddiscovery.readers.JarModsDotTomlModFileReader/SCAN]: Found META-INF/MANIFEST.MF mod of type GAMELIBRARY: 
[30Aug2025 03:42:21.723] [main/WARN] [net.neoforged.jarjar.selection.JarSelector/]: Attempted to select a dependency jar for JarJar which was passed in as source: library:mixinextras.neoforge. Using Mod File: C:\Users\micha\.gradle\caches\modules-2\files-2.1\io.github.llamalad7\mixinextras-neoforge\0.4.1\eff97772ecd0dcf8e52cdbafd3b3ccec425f8314\mixinextras-neoforge-0.4.1.jar
[30Aug2025 03:42:21.725] [main/WARN] [net.neoforged.jarjar.selection.JarSelector/]: Attempted to select a dependency jar for JarJar which was passed in as source: flywheel. Using Mod File: C:\Users\micha\.gradle\caches\modules-2\files-2.1\dev.engine-room.flywheel\flywheel-neoforge-1.21.1\1.0.4\47fe9da825b4479bbac55d6432d5932ee76f32f0\flywheel-neoforge-1.21.1-1.0.4.jar
[30Aug2025 03:42:21.725] [main/WARN] [net.neoforged.jarjar.selection.JarSelector/]: Attempted to select a dependency jar for JarJar which was passed in as source: ponder. Using Mod File: C:\Users\micha\.gradle\caches\modules-2\files-2.1\net.createmod.ponder\Ponder-NeoForge-1.21.1\1.0.59\cdc698c9b96261f43253c94289c24c580b3d603\Ponder-NeoForge-1.21.1-1.0.59.jar
[30Aug2025 03:42:21.725] [main/INFO] [net.neoforged.fml.loading.moddiscovery.locators.JarInJarDependencyLocator/]: Found 2 dependencies adding them to mods collection
[30Aug2025 03:42:21.725] [main/INFO] [net.neoforged.fml.loading.moddiscovery.ModDiscoverer/SCAN]: Found library file "net.neoforged.neoforge-coremods-21.1.193.jar" [parent: neoforge-21.1.193.jar, locator: jarinjar, reader: mod manifest]
[30Aug2025 03:42:21.725] [main/INFO] [net.neoforged.fml.loading.moddiscovery.ModDiscoverer/SCAN]: Found gamelibrary file "Registrate-MC1.21-1.3.0+62.jar" [parent: create-1.21.1-6.0.6-98.jar, locator: jarinjar, reader: mod manifest]
[30Aug2025 03:42:21.728] [main/INFO] [net.neoforged.fml.loading.moddiscovery.ModDiscoverer/]: 
     Mod List:
		Name Version (Mod Id)

		Create 6.0.6 (create)
		Create Deco 2.0.3 (createdeco)
		Flywheel 1.0.4 (flywheel)
		Minecraft 1.21.1 (minecraft)
		NeoForge 21.1.193 (neoforge)
		Ponder 1.0.59 (ponder)
[30Aug2025 03:42:21.729] [main/DEBUG] [net.neoforged.fml.loading.moddiscovery.ModFileInfo/LOADING]: Found valid mod file neoforge-21.1.193.jar with {minecraft} mods - versions {1.21.1}
[30Aug2025 03:42:21.732] [main/DEBUG] [net.neoforged.fml.loading.moddiscovery.ModFile/LOADING]: Loading mod file C:\Users\micha\Documents\Blocks & Bogeys 1.21.1\CreateDeco\.gradle\repositories\ng_dummy_ng\net\neoforged\neoforge\21.1.193\neoforge-21.1.193.jar with languages [LanguageSpec[languageName=minecraft, acceptedVersions=1]]
[30Aug2025 03:42:21.735] [main/DEBUG] [net.neoforged.fml.loading.moddiscovery.ModFileParser/LOADING]: Considering mod file candidate C:\Users\micha\.gradle\caches\modules-2\files-2.1\dev.engine-room.flywheel\flywheel-neoforge-1.21.1\1.0.4\47fe9da825b4479bbac55d6432d5932ee76f32f0\flywheel-neoforge-1.21.1-1.0.4.jar
[30Aug2025 03:42:21.736] [main/DEBUG] [net.neoforged.fml.loading.moddiscovery.ModFileInfo/LOADING]: Found valid mod file flywheel-neoforge-1.21.1-1.0.4.jar with {flywheel} mods - versions {1.0.4}
[30Aug2025 03:42:21.736] [main/DEBUG] [net.neoforged.fml.loading.moddiscovery.ModFile/LOADING]: Loading mod file C:\Users\micha\.gradle\caches\modules-2\files-2.1\dev.engine-room.flywheel\flywheel-neoforge-1.21.1\1.0.4\47fe9da825b4479bbac55d6432d5932ee76f32f0\flywheel-neoforge-1.21.1-1.0.4.jar with languages [LanguageSpec[languageName=javafml, acceptedVersions=[0,)]]
[30Aug2025 03:42:21.736] [main/DEBUG] [net.neoforged.fml.loading.moddiscovery.ModFile/LOADING]: Found mixin config MixinConfig[config=flywheel.backend.mixins.json, requiredMods=[]]
[30Aug2025 03:42:21.736] [main/DEBUG] [net.neoforged.fml.loading.moddiscovery.ModFile/LOADING]: Found mixin config MixinConfig[config=flywheel.impl.mixins.json, requiredMods=[]]
[30Aug2025 03:42:21.736] [main/DEBUG] [net.neoforged.fml.loading.moddiscovery.ModFileParser/LOADING]: Considering mod file candidate C:\Users\micha\.gradle\caches\modules-2\files-2.1\com.simibubi.create\create-1.21.1\6.0.6-98\f78dd4cfec2a3f87c3880db203e9167ce84da86\create-1.21.1-6.0.6-98.jar
[30Aug2025 03:42:21.738] [main/DEBUG] [net.neoforged.fml.loading.moddiscovery.ModFileInfo/LOADING]: Found valid mod file create-1.21.1-6.0.6-98.jar with {create} mods - versions {6.0.6}
[30Aug2025 03:42:21.738] [main/DEBUG] [net.neoforged.fml.loading.moddiscovery.ModFile/LOADING]: Loading mod file C:\Users\micha\.gradle\caches\modules-2\files-2.1\com.simibubi.create\create-1.21.1\6.0.6-98\f78dd4cfec2a3f87c3880db203e9167ce84da86\create-1.21.1-6.0.6-98.jar with languages [LanguageSpec[languageName=javafml, acceptedVersions=[0,)]]
[30Aug2025 03:42:21.738] [main/DEBUG] [net.neoforged.fml.loading.moddiscovery.ModFile/LOADING]: Found mixin config MixinConfig[config=create.mixins.json, requiredMods=[]]
[30Aug2025 03:42:21.738] [main/DEBUG] [net.neoforged.fml.loading.moddiscovery.ModFileParser/LOADING]: Considering mod file candidate C:\Users\micha\Documents\Blocks & Bogeys 1.21.1\CreateDeco\build\resources\main
[30Aug2025 03:42:21.739] [main/DEBUG] [net.neoforged.fml.loading.moddiscovery.ModFileInfo/LOADING]: Found valid mod file main with {createdeco} mods - versions {2.0.3}
[30Aug2025 03:42:21.739] [main/DEBUG] [net.neoforged.fml.loading.moddiscovery.ModFile/LOADING]: Loading mod file C:\Users\micha\Documents\Blocks & Bogeys 1.21.1\CreateDeco\build\resources\main with languages [LanguageSpec[languageName=javafml, acceptedVersions=[4,)]]
[30Aug2025 03:42:21.739] [main/DEBUG] [net.neoforged.fml.loading.moddiscovery.ModFile/LOADING]: Found mixin config MixinConfig[config=createdeco.mixins.json, requiredMods=[]]
[30Aug2025 03:42:21.739] [main/DEBUG] [net.neoforged.fml.loading.moddiscovery.ModFileParser/LOADING]: Considering mod file candidate C:\Users\micha\.gradle\caches\modules-2\files-2.1\net.createmod.ponder\Ponder-NeoForge-1.21.1\1.0.59\cdc698c9b96261f43253c94289c24c580b3d603\Ponder-NeoForge-1.21.1-1.0.59.jar
[30Aug2025 03:42:21.741] [main/DEBUG] [net.neoforged.fml.loading.moddiscovery.ModFileInfo/LOADING]: Found valid mod file Ponder-NeoForge-1.21.1-1.0.59.jar with {ponder} mods - versions {1.0.59}
[30Aug2025 03:42:21.741] [main/DEBUG] [net.neoforged.fml.loading.moddiscovery.ModFile/LOADING]: Loading mod file C:\Users\micha\.gradle\caches\modules-2\files-2.1\net.createmod.ponder\Ponder-NeoForge-1.21.1\1.0.59\cdc698c9b96261f43253c94289c24c580b3d603\Ponder-NeoForge-1.21.1-1.0.59.jar with languages [LanguageSpec[languageName=javafml, acceptedVersions=[0,)]]
[30Aug2025 03:42:21.741] [main/DEBUG] [net.neoforged.fml.loading.moddiscovery.ModFile/LOADING]: Found mixin config MixinConfig[config=ponder.mixins.json, requiredMods=[]]
[30Aug2025 03:42:21.741] [main/DEBUG] [net.neoforged.fml.loading.moddiscovery.ModFile/LOADING]: Found mixin config MixinConfig[config=ponder-common.mixins.json, requiredMods=[]]
[30Aug2025 03:42:21.741] [main/DEBUG] [net.neoforged.fml.loading.moddiscovery.ModFileParser/LOADING]: Considering mod file candidate C:\Users\micha\Documents\Blocks & Bogeys 1.21.1\CreateDeco\.gradle\repositories\ng_dummy_ng\net\neoforged\neoforge\21.1.193\neoforge-21.1.193.jar
[30Aug2025 03:42:21.742] [main/DEBUG] [net.neoforged.fml.loading.moddiscovery.ModFileInfo/LOADING]: Found valid mod file neoforge-21.1.193.jar with {neoforge} mods - versions {21.1.193}
[30Aug2025 03:42:21.742] [main/DEBUG] [net.neoforged.fml.loading.moddiscovery.ModFile/LOADING]: Loading mod file C:\Users\micha\Documents\Blocks & Bogeys 1.21.1\CreateDeco\.gradle\repositories\ng_dummy_ng\net\neoforged\neoforge\21.1.193\neoforge-21.1.193.jar with languages [LanguageSpec[languageName=javafml, acceptedVersions=[3,]]]
[30Aug2025 03:42:21.742] [main/DEBUG] [net.neoforged.fml.loading.moddiscovery.ModFile/LOADING]: Found mixin config MixinConfig[config=neoforge.mixins.json, requiredMods=[]]
[30Aug2025 03:42:21.742] [main/DEBUG] [net.neoforged.fml.loading.moddiscovery.ModFile/LOADING]: Loading mod file  with languages []
[30Aug2025 03:42:21.742] [main/DEBUG] [net.neoforged.fml.loading.moddiscovery.ModFile/LOADING]: Loading mod file C:\Users\micha\.gradle\caches\modules-2\files-2.1\io.github.llamalad7\mixinextras-neoforge\0.4.1\eff97772ecd0dcf8e52cdbafd3b3ccec425f8314\mixinextras-neoforge-0.4.1.jar with languages []
[30Aug2025 03:42:21.745] [main/DEBUG] [net.neoforged.fml.loading.moddiscovery.ModValidator/SCAN]: Found 8 mod files with 6 mods
[30Aug2025 03:42:21.746] [main/DEBUG] [cpw.mods.modlauncher.TransformationServiceDecorator/MODLAUNCHER]: End scan trigger - transformation service fml
[30Aug2025 03:42:21.761] [main/DEBUG] [net.neoforged.fml.util.ServiceLoaderUtil/CORE]: Found 3 implementations of IModLanguageLoader:
[30Aug2025 03:42:21.761] [main/DEBUG] [net.neoforged.fml.util.ServiceLoaderUtil/CORE]: 	net.neoforged.fml.javafmlmod.FMLJavaModLanguageProvider from loader-4.0.41.jar
[30Aug2025 03:42:21.761] [main/DEBUG] [net.neoforged.fml.util.ServiceLoaderUtil/CORE]: 	net.neoforged.fml.lowcodemod.LowCodeModLanguageProvider from loader-4.0.41.jar
[30Aug2025 03:42:21.761] [main/DEBUG] [net.neoforged.fml.util.ServiceLoaderUtil/CORE]: 	net.neoforged.fml.mclanguageprovider.MinecraftModLanguageProvider from loader-4.0.41.jar
[30Aug2025 03:42:21.763] [main/DEBUG] [net.neoforged.fml.loading.LanguageProviderLoader/CORE]: Found language provider javafml, version 4.0.41
[30Aug2025 03:42:21.763] [main/DEBUG] [net.neoforged.fml.loading.LanguageProviderLoader/CORE]: Found language provider lowcodefml, version 4.0.41
[30Aug2025 03:42:21.763] [main/DEBUG] [net.neoforged.fml.loading.LanguageProviderLoader/CORE]: Found language provider minecraft, version 4.0.41
[30Aug2025 03:42:21.771] [main/DEBUG] [net.neoforged.fml.loading.ModSorter/]: Configured system mods: [minecraft, neoforge]
[30Aug2025 03:42:21.771] [main/DEBUG] [net.neoforged.fml.loading.ModSorter/]: Found system mod: minecraft
[30Aug2025 03:42:21.771] [main/DEBUG] [net.neoforged.fml.loading.ModSorter/]: Found system mod: neoforge
[30Aug2025 03:42:21.775] [main/DEBUG] [net.neoforged.fml.loading.ModSorter/LOADING]: Found 18 mod requirements (11 mandatory, 7 optional)
[30Aug2025 03:42:21.775] [main/DEBUG] [net.neoforged.fml.loading.ModSorter/LOADING]: Found 0 mod requirements missing (0 mandatory, 0 optional)
[30Aug2025 03:42:21.809] [main/DEBUG] [net.neoforged.fml.loading.FMLLoader/SCAN]: Adding Access Transformer in C:\Users\micha\.gradle\caches\modules-2\files-2.1\net.createmod.ponder\Ponder-NeoForge-1.21.1\1.0.59\cdc698c9b96261f43253c94289c24c580b3d603\Ponder-NeoForge-1.21.1-1.0.59.jar
[30Aug2025 03:42:21.812] [main/DEBUG] [AXFORM/AXFORM]: Loading access transformer accesstransformer.cfg
[30Aug2025 03:42:21.885] [main/DEBUG] [AXFORM/AXFORM]: Loaded access transformer accesstransformer.cfg
[30Aug2025 03:42:21.885] [main/DEBUG] [net.neoforged.fml.loading.FMLLoader/SCAN]: Adding Access Transformer in C:\Users\micha\.gradle\caches\modules-2\files-2.1\com.simibubi.create\create-1.21.1\6.0.6-98\f78dd4cfec2a3f87c3880db203e9167ce84da86\create-1.21.1-6.0.6-98.jar
[30Aug2025 03:42:21.885] [main/DEBUG] [AXFORM/AXFORM]: Loading access transformer accesstransformer.cfg
[30Aug2025 03:42:21.894] [main/DEBUG] [AXFORM/AXFORM]: Loaded access transformer accesstransformer.cfg
[30Aug2025 03:42:21.894] [main/DEBUG] [net.neoforged.fml.loading.FMLLoader/SCAN]: Adding Access Transformer in C:\Users\micha\Documents\Blocks & Bogeys 1.21.1\CreateDeco\.gradle\repositories\ng_dummy_ng\net\neoforged\neoforge\21.1.193\neoforge-21.1.193.jar
[30Aug2025 03:42:21.896] [main/DEBUG] [AXFORM/AXFORM]: Loading access transformer accesstransformer.cfg
[30Aug2025 03:42:21.919] [main/DEBUG] [AXFORM/AXFORM]: Loaded access transformer accesstransformer.cfg
[30Aug2025 03:42:21.923] [main/DEBUG] [mixin/]: Adding mixin platform agents for container net.neoforged.fml.loading.mixin.FMLMixinContainerHandle@31e72cbc
[30Aug2025 03:42:21.923] [main/DEBUG] [mixin/]: Instancing new MixinPlatformAgentMinecraftForge for net.neoforged.fml.loading.mixin.FMLMixinContainerHandle@31e72cbc
[30Aug2025 03:42:21.923] [main/DEBUG] [mixin/]: MixinPlatformAgentMinecraftForge rejected container net.neoforged.fml.loading.mixin.FMLMixinContainerHandle@31e72cbc
[30Aug2025 03:42:21.923] [main/DEBUG] [mixin/]: Instancing new MixinPlatformAgentDefault for net.neoforged.fml.loading.mixin.FMLMixinContainerHandle@31e72cbc
[30Aug2025 03:42:21.923] [main/DEBUG] [mixin/]: MixinPlatformAgentDefault accepted container net.neoforged.fml.loading.mixin.FMLMixinContainerHandle@31e72cbc
[30Aug2025 03:42:21.923] [main/DEBUG] [mixin/]: Instancing new FMLMixinPlatformAgent for net.neoforged.fml.loading.mixin.FMLMixinContainerHandle@31e72cbc
[30Aug2025 03:42:21.923] [main/DEBUG] [mixin/]: FMLMixinPlatformAgent accepted container net.neoforged.fml.loading.mixin.FMLMixinContainerHandle@31e72cbc
[30Aug2025 03:42:21.934] [main/DEBUG] [cpw.mods.modlauncher.TransformationServicesHandler/MODLAUNCHER]: Transformation services loading transformers
[30Aug2025 03:42:21.936] [main/DEBUG] [cpw.mods.modlauncher.TransformationServiceDecorator/MODLAUNCHER]: Initializing transformers for transformation service mixin
[30Aug2025 03:42:21.937] [main/DEBUG] [cpw.mods.modlauncher.TransformationServiceDecorator/MODLAUNCHER]: Initialized transformers for transformation service mixin
[30Aug2025 03:42:21.937] [main/DEBUG] [cpw.mods.modlauncher.TransformationServiceDecorator/MODLAUNCHER]: Initializing transformers for transformation service fml
[30Aug2025 03:42:21.937] [main/DEBUG] [net.neoforged.fml.loading.FMLServiceProvider/LOADING]: Loading coremod transformers
[30Aug2025 03:42:21.937] [main/DEBUG] [net.neoforged.fml.loading.FMLServiceProvider/CORE]: Not loading coremod script-engine since no mod requested it
[30Aug2025 03:42:21.939] [main/DEBUG] [net.neoforged.fml.util.ServiceLoaderUtil/CORE]: Found 1 implementations of ICoreMod:
[30Aug2025 03:42:21.939] [main/DEBUG] [net.neoforged.fml.util.ServiceLoaderUtil/CORE]: 	net.neoforged.neoforge.coremods.NeoForgeCoreMod from neoforge-21.1.193.jar > net.neoforged.neoforge-coremods-21.1.193.jar
[30Aug2025 03:42:21.954] [main/DEBUG] [net.neoforged.fml.loading.FMLServiceProvider/CORE]: Adding [Target[className=net.minecraft.world.level.biome.Biome, elementName=, elementDescriptor=, targetType=cpw.mods.modlauncher.api.TargetType@625abb97]] transformer from core-mod net.neoforged.neoforge.coremods.NeoForgeCoreMod@31c2affc in neoforge-21.1.193.jar > net.neoforged.neoforge-coremods-21.1.193.jar
[30Aug2025 03:42:21.954] [main/DEBUG] [net.neoforged.fml.loading.FMLServiceProvider/CORE]: Adding [Target[className=net.minecraft.world.level.levelgen.structure.Structure, elementName=, elementDescriptor=, targetType=cpw.mods.modlauncher.api.TargetType@625abb97]] transformer from core-mod net.neoforged.neoforge.coremods.NeoForgeCoreMod@31c2affc in neoforge-21.1.193.jar > net.neoforged.neoforge-coremods-21.1.193.jar
[30Aug2025 03:42:21.954] [main/DEBUG] [net.neoforged.fml.loading.FMLServiceProvider/CORE]: Adding [Target[className=net.minecraft.world.level.block.FlowerPotBlock, elementName=, elementDescriptor=, targetType=cpw.mods.modlauncher.api.TargetType@625abb97]] transformer from core-mod net.neoforged.neoforge.coremods.NeoForgeCoreMod@31c2affc in neoforge-21.1.193.jar > net.neoforged.neoforge-coremods-21.1.193.jar
[30Aug2025 03:42:21.954] [main/DEBUG] [net.neoforged.fml.loading.FMLServiceProvider/CORE]: Adding [Target[className=net/minecraft/world/level/NaturalSpawner, elementName=, elementDescriptor=, targetType=cpw.mods.modlauncher.api.TargetType@625abb97], Target[className=net/minecraft/server/commands/SummonCommand, elementName=, elementDescriptor=, targetType=cpw.mods.modlauncher.api.TargetType@625abb97], Target[className=net/minecraft/world/level/levelgen/structure/structures/WoodlandMansionPieces$WoodlandMansionPiece, elementName=, elementDescriptor=, targetType=cpw.mods.modlauncher.api.TargetType@625abb97], Target[className=net/minecraft/server/commands/RaidCommand, elementName=, elementDescriptor=, targetType=cpw.mods.modlauncher.api.TargetType@625abb97], Target[className=net/minecraft/world/entity/npc/CatSpawner, elementName=, elementDescriptor=, targetType=cpw.mods.modlauncher.api.TargetType@625abb97], Target[className=net/minecraft/world/level/levelgen/structure/structures/OceanRuinPieces$OceanRuinPiece, elementName=, elementDescriptor=, targetType=cpw.mods.modlauncher.api.TargetType@625abb97], Target[className=net/minecraft/world/level/levelgen/PatrolSpawner, elementName=, elementDescriptor=, targetType=cpw.mods.modlauncher.api.TargetType@625abb97], Target[className=net/minecraft/world/entity/EntityType, elementName=, elementDescriptor=, targetType=cpw.mods.modlauncher.api.TargetType@625abb97], Target[className=net/minecraft/world/level/levelgen/structure/templatesystem/StructureTemplate, elementName=, elementDescriptor=, targetType=cpw.mods.modlauncher.api.TargetType@625abb97], Target[className=net/minecraft/world/entity/ai/village/VillageSiege, elementName=, elementDescriptor=, targetType=cpw.mods.modlauncher.api.TargetType@625abb97], Target[className=net/minecraft/world/entity/monster/Evoker$EvokerSummonSpellGoal, elementName=, elementDescriptor=, targetType=cpw.mods.modlauncher.api.TargetType@625abb97], Target[className=net/minecraft/world/entity/monster/Strider, elementName=, elementDescriptor=, targetType=cpw.mods.modlauncher.api.TargetType@625abb97], Target[className=net/minecraft/world/level/levelgen/structure/structures/SwampHutPiece, elementName=, elementDescriptor=, targetType=cpw.mods.modlauncher.api.TargetType@625abb97], Target[className=net/minecraft/world/entity/animal/frog/Tadpole, elementName=, elementDescriptor=, targetType=cpw.mods.modlauncher.api.TargetType@625abb97], Target[className=net/minecraft/world/entity/animal/horse/SkeletonTrapGoal, elementName=, elementDescriptor=, targetType=cpw.mods.modlauncher.api.TargetType@625abb97], Target[className=net/minecraft/world/entity/npc/Villager, elementName=, elementDescriptor=, targetType=cpw.mods.modlauncher.api.TargetType@625abb97], Target[className=net/minecraft/world/entity/raid/Raid, elementName=, elementDescriptor=, targetType=cpw.mods.modlauncher.api.TargetType@625abb97], Target[className=net/minecraft/world/entity/monster/ZombieVillager, elementName=, elementDescriptor=, targetType=cpw.mods.modlauncher.api.TargetType@625abb97], Target[className=net/minecraft/world/entity/monster/Zombie, elementName=, elementDescriptor=, targetType=cpw.mods.modlauncher.api.TargetType@625abb97], Target[className=net/minecraft/world/entity/monster/Spider, elementName=, elementDescriptor=, targetType=cpw.mods.modlauncher.api.TargetType@625abb97], Target[className=net/minecraft/world/level/levelgen/PhantomSpawner, elementName=, elementDescriptor=, targetType=cpw.mods.modlauncher.api.TargetType@625abb97], Target[className=net/minecraft/world/level/levelgen/structure/structures/OceanMonumentPieces$OceanMonumentPiece, elementName=, elementDescriptor=, targetType=cpw.mods.modlauncher.api.TargetType@625abb97]] transformer from core-mod net.neoforged.neoforge.coremods.NeoForgeCoreMod@31c2affc in neoforge-21.1.193.jar > net.neoforged.neoforge-coremods-21.1.193.jar
[30Aug2025 03:42:21.960] [main/DEBUG] [cpw.mods.modlauncher.TransformStore/MODLAUNCHER]: Adding transformer net.neoforged.neoforge.coremods.ReplaceFieldWithGetterAccess@7428de63 to Target : cpw.mods.modlauncher.api.TargetType@625abb97 {Lnet/minecraft/world/level/biome/Biome;} {} {V}
[30Aug2025 03:42:21.963] [main/DEBUG] [cpw.mods.modlauncher.TransformStore/MODLAUNCHER]: Adding transformer net.neoforged.neoforge.coremods.ReplaceFieldWithGetterAccess@2a9bc08f to Target : cpw.mods.modlauncher.api.TargetType@625abb97 {Lnet/minecraft/world/level/levelgen/structure/Structure;} {} {V}
[30Aug2025 03:42:21.964] [main/DEBUG] [cpw.mods.modlauncher.TransformStore/MODLAUNCHER]: Adding transformer net.neoforged.neoforge.coremods.ReplaceFieldWithGetterAccess@50f40653 to Target : cpw.mods.modlauncher.api.TargetType@625abb97 {Lnet/minecraft/world/level/block/FlowerPotBlock;} {} {V}
[30Aug2025 03:42:21.964] [main/DEBUG] [cpw.mods.modlauncher.TransformStore/MODLAUNCHER]: Adding transformer net.neoforged.neoforge.coremods.MethodRedirector@50a3d0f6 to Target : cpw.mods.modlauncher.api.TargetType@625abb97 {Lnet/minecraft/world/level/NaturalSpawner;} {} {V}
[30Aug2025 03:42:21.964] [main/DEBUG] [cpw.mods.modlauncher.TransformStore/MODLAUNCHER]: Adding transformer net.neoforged.neoforge.coremods.MethodRedirector@50a3d0f6 to Target : cpw.mods.modlauncher.api.TargetType@625abb97 {Lnet/minecraft/server/commands/SummonCommand;} {} {V}
[30Aug2025 03:42:21.964] [main/DEBUG] [cpw.mods.modlauncher.TransformStore/MODLAUNCHER]: Adding transformer net.neoforged.neoforge.coremods.MethodRedirector@50a3d0f6 to Target : cpw.mods.modlauncher.api.TargetType@625abb97 {Lnet/minecraft/world/level/levelgen/structure/structures/WoodlandMansionPieces$WoodlandMansionPiece;} {} {V}
[30Aug2025 03:42:21.964] [main/DEBUG] [cpw.mods.modlauncher.TransformStore/MODLAUNCHER]: Adding transformer net.neoforged.neoforge.coremods.MethodRedirector@50a3d0f6 to Target : cpw.mods.modlauncher.api.TargetType@625abb97 {Lnet/minecraft/server/commands/RaidCommand;} {} {V}
[30Aug2025 03:42:21.964] [main/DEBUG] [cpw.mods.modlauncher.TransformStore/MODLAUNCHER]: Adding transformer net.neoforged.neoforge.coremods.MethodRedirector@50a3d0f6 to Target : cpw.mods.modlauncher.api.TargetType@625abb97 {Lnet/minecraft/world/entity/npc/CatSpawner;} {} {V}
[30Aug2025 03:42:21.964] [main/DEBUG] [cpw.mods.modlauncher.TransformStore/MODLAUNCHER]: Adding transformer net.neoforged.neoforge.coremods.MethodRedirector@50a3d0f6 to Target : cpw.mods.modlauncher.api.TargetType@625abb97 {Lnet/minecraft/world/level/levelgen/structure/structures/OceanRuinPieces$OceanRuinPiece;} {} {V}
[30Aug2025 03:42:21.964] [main/DEBUG] [cpw.mods.modlauncher.TransformStore/MODLAUNCHER]: Adding transformer net.neoforged.neoforge.coremods.MethodRedirector@50a3d0f6 to Target : cpw.mods.modlauncher.api.TargetType@625abb97 {Lnet/minecraft/world/level/levelgen/PatrolSpawner;} {} {V}
[30Aug2025 03:42:21.964] [main/DEBUG] [cpw.mods.modlauncher.TransformStore/MODLAUNCHER]: Adding transformer net.neoforged.neoforge.coremods.MethodRedirector@50a3d0f6 to Target : cpw.mods.modlauncher.api.TargetType@625abb97 {Lnet/minecraft/world/entity/EntityType;} {} {V}
[30Aug2025 03:42:21.964] [main/DEBUG] [cpw.mods.modlauncher.TransformStore/MODLAUNCHER]: Adding transformer net.neoforged.neoforge.coremods.MethodRedirector@50a3d0f6 to Target : cpw.mods.modlauncher.api.TargetType@625abb97 {Lnet/minecraft/world/level/levelgen/structure/templatesystem/StructureTemplate;} {} {V}
[30Aug2025 03:42:21.964] [main/DEBUG] [cpw.mods.modlauncher.TransformStore/MODLAUNCHER]: Adding transformer net.neoforged.neoforge.coremods.MethodRedirector@50a3d0f6 to Target : cpw.mods.modlauncher.api.TargetType@625abb97 {Lnet/minecraft/world/entity/ai/village/VillageSiege;} {} {V}
[30Aug2025 03:42:21.964] [main/DEBUG] [cpw.mods.modlauncher.TransformStore/MODLAUNCHER]: Adding transformer net.neoforged.neoforge.coremods.MethodRedirector@50a3d0f6 to Target : cpw.mods.modlauncher.api.TargetType@625abb97 {Lnet/minecraft/world/entity/monster/Evoker$EvokerSummonSpellGoal;} {} {V}
[30Aug2025 03:42:21.964] [main/DEBUG] [cpw.mods.modlauncher.TransformStore/MODLAUNCHER]: Adding transformer net.neoforged.neoforge.coremods.MethodRedirector@50a3d0f6 to Target : cpw.mods.modlauncher.api.TargetType@625abb97 {Lnet/minecraft/world/entity/monster/Strider;} {} {V}
[30Aug2025 03:42:21.964] [main/DEBUG] [cpw.mods.modlauncher.TransformStore/MODLAUNCHER]: Adding transformer net.neoforged.neoforge.coremods.MethodRedirector@50a3d0f6 to Target : cpw.mods.modlauncher.api.TargetType@625abb97 {Lnet/minecraft/world/level/levelgen/structure/structures/SwampHutPiece;} {} {V}
[30Aug2025 03:42:21.966] [main/DEBUG] [cpw.mods.modlauncher.TransformStore/MODLAUNCHER]: Adding transformer net.neoforged.neoforge.coremods.MethodRedirector@50a3d0f6 to Target : cpw.mods.modlauncher.api.TargetType@625abb97 {Lnet/minecraft/world/entity/animal/frog/Tadpole;} {} {V}
[30Aug2025 03:42:21.966] [main/DEBUG] [cpw.mods.modlauncher.TransformStore/MODLAUNCHER]: Adding transformer net.neoforged.neoforge.coremods.MethodRedirector@50a3d0f6 to Target : cpw.mods.modlauncher.api.TargetType@625abb97 {Lnet/minecraft/world/entity/animal/horse/SkeletonTrapGoal;} {} {V}
[30Aug2025 03:42:21.966] [main/DEBUG] [cpw.mods.modlauncher.TransformStore/MODLAUNCHER]: Adding transformer net.neoforged.neoforge.coremods.MethodRedirector@50a3d0f6 to Target : cpw.mods.modlauncher.api.TargetType@625abb97 {Lnet/minecraft/world/entity/npc/Villager;} {} {V}
[30Aug2025 03:42:21.966] [main/DEBUG] [cpw.mods.modlauncher.TransformStore/MODLAUNCHER]: Adding transformer net.neoforged.neoforge.coremods.MethodRedirector@50a3d0f6 to Target : cpw.mods.modlauncher.api.TargetType@625abb97 {Lnet/minecraft/world/entity/raid/Raid;} {} {V}
[30Aug2025 03:42:21.966] [main/DEBUG] [cpw.mods.modlauncher.TransformStore/MODLAUNCHER]: Adding transformer net.neoforged.neoforge.coremods.MethodRedirector@50a3d0f6 to Target : cpw.mods.modlauncher.api.TargetType@625abb97 {Lnet/minecraft/world/entity/monster/ZombieVillager;} {} {V}
[30Aug2025 03:42:21.966] [main/DEBUG] [cpw.mods.modlauncher.TransformStore/MODLAUNCHER]: Adding transformer net.neoforged.neoforge.coremods.MethodRedirector@50a3d0f6 to Target : cpw.mods.modlauncher.api.TargetType@625abb97 {Lnet/minecraft/world/entity/monster/Zombie;} {} {V}
[30Aug2025 03:42:21.966] [main/DEBUG] [cpw.mods.modlauncher.TransformStore/MODLAUNCHER]: Adding transformer net.neoforged.neoforge.coremods.MethodRedirector@50a3d0f6 to Target : cpw.mods.modlauncher.api.TargetType@625abb97 {Lnet/minecraft/world/entity/monster/Spider;} {} {V}
[30Aug2025 03:42:21.966] [main/DEBUG] [cpw.mods.modlauncher.TransformStore/MODLAUNCHER]: Adding transformer net.neoforged.neoforge.coremods.MethodRedirector@50a3d0f6 to Target : cpw.mods.modlauncher.api.TargetType@625abb97 {Lnet/minecraft/world/level/levelgen/PhantomSpawner;} {} {V}
[30Aug2025 03:42:21.966] [main/DEBUG] [cpw.mods.modlauncher.TransformStore/MODLAUNCHER]: Adding transformer net.neoforged.neoforge.coremods.MethodRedirector@50a3d0f6 to Target : cpw.mods.modlauncher.api.TargetType@625abb97 {Lnet/minecraft/world/level/levelgen/structure/structures/OceanMonumentPieces$OceanMonumentPiece;} {} {V}
[30Aug2025 03:42:21.966] [main/DEBUG] [cpw.mods.modlauncher.TransformationServiceDecorator/MODLAUNCHER]: Initialized transformers for transformation service fml
[30Aug2025 03:42:22.289] [main/DEBUG] [mixin/]: Processing prepare() for PlatformAgent[MixinPlatformAgentDefault:ModLauncher Root Container(ModLauncher:4f56a0a2)]
[30Aug2025 03:42:22.290] [main/DEBUG] [mixin/]: Processing prepare() for PlatformAgent[MixinPlatformAgentDefault:net.neoforged.fml.loading.mixin.FMLMixinContainerHandle@31e72cbc]
[30Aug2025 03:42:22.290] [main/DEBUG] [mixin/]: Processing prepare() for PlatformAgent[FMLMixinPlatformAgent:null]
[30Aug2025 03:42:22.350] [main/DEBUG] [mixin/]: Compatibility level JAVA_21 specified by flywheel.backend.mixins.json is higher than the maximum level supported by this version of mixin (JAVA_13).
[30Aug2025 03:42:22.361] [main/INFO] [mixin/]: Compatibility level set to JAVA_21
[30Aug2025 03:42:22.366] [main/DEBUG] [mixin/]: Compatibility level JAVA_17 specified by ponder.mixins.json is higher than the maximum level supported by this version of mixin (JAVA_13).
[30Aug2025 03:42:22.369] [main/DEBUG] [mixin/]: Compatibility level JAVA_17 specified by ponder-common.mixins.json is higher than the maximum level supported by this version of mixin (JAVA_13).
[30Aug2025 03:42:22.373] [main/DEBUG] [mixin/]: Mixin config createdeco.mixins.json does not specify "minVersion" or "requiredFeatures" property
[30Aug2025 03:42:22.377] [main/DEBUG] [mixin/]: Processing launch tasks for PlatformAgent[MixinPlatformAgentDefault:ModLauncher Root Container(ModLauncher:4f56a0a2)]
[30Aug2025 03:42:22.378] [main/DEBUG] [mixin/]: Adding mixin platform agents for container SecureJarResource(mixin_synthetic)
[30Aug2025 03:42:22.378] [main/DEBUG] [mixin/]: Instancing new MixinPlatformAgentMinecraftForge for SecureJarResource(mixin_synthetic)
[30Aug2025 03:42:22.378] [main/DEBUG] [mixin/]: MixinPlatformAgentMinecraftForge rejected container SecureJarResource(mixin_synthetic)
[30Aug2025 03:42:22.378] [main/DEBUG] [mixin/]: Instancing new MixinPlatformAgentDefault for SecureJarResource(mixin_synthetic)
[30Aug2025 03:42:22.378] [main/DEBUG] [mixin/]: MixinPlatformAgentDefault accepted container SecureJarResource(mixin_synthetic)
[30Aug2025 03:42:22.378] [main/DEBUG] [mixin/]: Instancing new FMLMixinPlatformAgent for SecureJarResource(mixin_synthetic)
[30Aug2025 03:42:22.379] [main/DEBUG] [mixin/]: FMLMixinPlatformAgent rejected container SecureJarResource(mixin_synthetic)
[30Aug2025 03:42:22.379] [main/DEBUG] [mixin/]: Processing prepare() for PlatformAgent[MixinPlatformAgentDefault:SecureJarResource(mixin_synthetic)]
[30Aug2025 03:42:22.379] [main/DEBUG] [mixin/]: Adding mixin platform agents for container SecureJarResource(minecraft)
[30Aug2025 03:42:22.379] [main/DEBUG] [mixin/]: Instancing new MixinPlatformAgentMinecraftForge for SecureJarResource(minecraft)
[30Aug2025 03:42:22.379] [main/DEBUG] [mixin/]: MixinPlatformAgentMinecraftForge rejected container SecureJarResource(minecraft)
[30Aug2025 03:42:22.379] [main/DEBUG] [mixin/]: Instancing new MixinPlatformAgentDefault for SecureJarResource(minecraft)
[30Aug2025 03:42:22.379] [main/DEBUG] [mixin/]: MixinPlatformAgentDefault accepted container SecureJarResource(minecraft)
[30Aug2025 03:42:22.379] [main/DEBUG] [mixin/]: Instancing new FMLMixinPlatformAgent for SecureJarResource(minecraft)
[30Aug2025 03:42:22.379] [main/DEBUG] [mixin/]: FMLMixinPlatformAgent rejected container SecureJarResource(minecraft)
[30Aug2025 03:42:22.379] [main/DEBUG] [mixin/]: Processing prepare() for PlatformAgent[MixinPlatformAgentDefault:SecureJarResource(minecraft)]
[30Aug2025 03:42:22.379] [main/DEBUG] [mixin/]: Adding mixin platform agents for container SecureJarResource(flywheel)
[30Aug2025 03:42:22.379] [main/DEBUG] [mixin/]: Instancing new MixinPlatformAgentMinecraftForge for SecureJarResource(flywheel)
[30Aug2025 03:42:22.379] [main/DEBUG] [mixin/]: MixinPlatformAgentMinecraftForge rejected container SecureJarResource(flywheel)
[30Aug2025 03:42:22.379] [main/DEBUG] [mixin/]: Instancing new MixinPlatformAgentDefault for SecureJarResource(flywheel)
[30Aug2025 03:42:22.379] [main/DEBUG] [mixin/]: MixinPlatformAgentDefault accepted container SecureJarResource(flywheel)
[30Aug2025 03:42:22.379] [main/DEBUG] [mixin/]: Instancing new FMLMixinPlatformAgent for SecureJarResource(flywheel)
[30Aug2025 03:42:22.379] [main/DEBUG] [mixin/]: FMLMixinPlatformAgent rejected container SecureJarResource(flywheel)
[30Aug2025 03:42:22.379] [main/DEBUG] [mixin/]: Processing prepare() for PlatformAgent[MixinPlatformAgentDefault:SecureJarResource(flywheel)]
[30Aug2025 03:42:22.379] [main/DEBUG] [mixin/]: Adding mixin platform agents for container SecureJarResource(ponder)
[30Aug2025 03:42:22.379] [main/DEBUG] [mixin/]: Instancing new MixinPlatformAgentMinecraftForge for SecureJarResource(ponder)
[30Aug2025 03:42:22.379] [main/DEBUG] [mixin/]: MixinPlatformAgentMinecraftForge rejected container SecureJarResource(ponder)
[30Aug2025 03:42:22.379] [main/DEBUG] [mixin/]: Instancing new MixinPlatformAgentDefault for SecureJarResource(ponder)
[30Aug2025 03:42:22.381] [main/DEBUG] [mixin/]: MixinPlatformAgentDefault accepted container SecureJarResource(ponder)
[30Aug2025 03:42:22.381] [main/DEBUG] [mixin/]: Instancing new FMLMixinPlatformAgent for SecureJarResource(ponder)
[30Aug2025 03:42:22.381] [main/DEBUG] [mixin/]: FMLMixinPlatformAgent rejected container SecureJarResource(ponder)
[30Aug2025 03:42:22.381] [main/DEBUG] [mixin/]: Processing prepare() for PlatformAgent[MixinPlatformAgentDefault:SecureJarResource(ponder)]
[30Aug2025 03:42:22.381] [main/DEBUG] [mixin/]: Adding mixin platform agents for container SecureJarResource(create)
[30Aug2025 03:42:22.381] [main/DEBUG] [mixin/]: Instancing new MixinPlatformAgentMinecraftForge for SecureJarResource(create)
[30Aug2025 03:42:22.381] [main/DEBUG] [mixin/]: MixinPlatformAgentMinecraftForge rejected container SecureJarResource(create)
[30Aug2025 03:42:22.381] [main/DEBUG] [mixin/]: Instancing new MixinPlatformAgentDefault for SecureJarResource(create)
[30Aug2025 03:42:22.381] [main/DEBUG] [mixin/]: MixinPlatformAgentDefault accepted container SecureJarResource(create)
[30Aug2025 03:42:22.381] [main/DEBUG] [mixin/]: Instancing new FMLMixinPlatformAgent for SecureJarResource(create)
[30Aug2025 03:42:22.381] [main/DEBUG] [mixin/]: FMLMixinPlatformAgent rejected container SecureJarResource(create)
[30Aug2025 03:42:22.381] [main/DEBUG] [mixin/]: Processing prepare() for PlatformAgent[MixinPlatformAgentDefault:SecureJarResource(create)]
[30Aug2025 03:42:22.381] [main/DEBUG] [mixin/]: Registering mixin config: create.mixins.json source=SecureJarResource(create)
[30Aug2025 03:42:22.382] [main/DEBUG] [mixin/]: Adding mixin platform agents for container SecureJarResource(createdeco)
[30Aug2025 03:42:22.382] [main/DEBUG] [mixin/]: Instancing new MixinPlatformAgentMinecraftForge for SecureJarResource(createdeco)
[30Aug2025 03:42:22.382] [main/DEBUG] [mixin/]: MixinPlatformAgentMinecraftForge rejected container SecureJarResource(createdeco)
[30Aug2025 03:42:22.382] [main/DEBUG] [mixin/]: Instancing new MixinPlatformAgentDefault for SecureJarResource(createdeco)
[30Aug2025 03:42:22.382] [main/DEBUG] [mixin/]: MixinPlatformAgentDefault accepted container SecureJarResource(createdeco)
[30Aug2025 03:42:22.382] [main/DEBUG] [mixin/]: Instancing new FMLMixinPlatformAgent for SecureJarResource(createdeco)
[30Aug2025 03:42:22.382] [main/DEBUG] [mixin/]: FMLMixinPlatformAgent rejected container SecureJarResource(createdeco)
[30Aug2025 03:42:22.382] [main/DEBUG] [mixin/]: Processing prepare() for PlatformAgent[MixinPlatformAgentDefault:SecureJarResource(createdeco)]
[30Aug2025 03:42:22.382] [main/DEBUG] [mixin/]: Adding mixin platform agents for container SecureJarResource(Registrate.MC1._21._62)
[30Aug2025 03:42:22.382] [main/DEBUG] [mixin/]: Instancing new MixinPlatformAgentMinecraftForge for SecureJarResource(Registrate.MC1._21._62)
[30Aug2025 03:42:22.382] [main/DEBUG] [mixin/]: MixinPlatformAgentMinecraftForge rejected container SecureJarResource(Registrate.MC1._21._62)
[30Aug2025 03:42:22.382] [main/DEBUG] [mixin/]: Instancing new MixinPlatformAgentDefault for SecureJarResource(Registrate.MC1._21._62)
[30Aug2025 03:42:22.382] [main/DEBUG] [mixin/]: MixinPlatformAgentDefault accepted container SecureJarResource(Registrate.MC1._21._62)
[30Aug2025 03:42:22.382] [main/DEBUG] [mixin/]: Instancing new FMLMixinPlatformAgent for SecureJarResource(Registrate.MC1._21._62)
[30Aug2025 03:42:22.382] [main/DEBUG] [mixin/]: FMLMixinPlatformAgent rejected container SecureJarResource(Registrate.MC1._21._62)
[30Aug2025 03:42:22.382] [main/DEBUG] [mixin/]: Processing prepare() for PlatformAgent[MixinPlatformAgentDefault:SecureJarResource(Registrate.MC1._21._62)]
[30Aug2025 03:42:22.382] [main/DEBUG] [mixin/]: Adding mixin platform agents for container SecureJarResource(mixinextras.neoforge)
[30Aug2025 03:42:22.383] [main/DEBUG] [mixin/]: Instancing new MixinPlatformAgentMinecraftForge for SecureJarResource(mixinextras.neoforge)
[30Aug2025 03:42:22.383] [main/DEBUG] [mixin/]: MixinPlatformAgentMinecraftForge rejected container SecureJarResource(mixinextras.neoforge)
[30Aug2025 03:42:22.383] [main/DEBUG] [mixin/]: Instancing new MixinPlatformAgentDefault for SecureJarResource(mixinextras.neoforge)
[30Aug2025 03:42:22.383] [main/DEBUG] [mixin/]: MixinPlatformAgentDefault accepted container SecureJarResource(mixinextras.neoforge)
[30Aug2025 03:42:22.383] [main/DEBUG] [mixin/]: Instancing new FMLMixinPlatformAgent for SecureJarResource(mixinextras.neoforge)
[30Aug2025 03:42:22.383] [main/DEBUG] [mixin/]: FMLMixinPlatformAgent rejected container SecureJarResource(mixinextras.neoforge)
[30Aug2025 03:42:22.383] [main/DEBUG] [mixin/]: Processing prepare() for PlatformAgent[MixinPlatformAgentDefault:SecureJarResource(mixinextras.neoforge)]
[30Aug2025 03:42:22.384] [main/DEBUG] [mixin/]: Registering mixin config: mixinextras.init.mixins.json source=SecureJarResource(mixinextras.neoforge)
[30Aug2025 03:42:22.385] [main/DEBUG] [mixin/]: inject() running with 10 agents
[30Aug2025 03:42:22.385] [main/DEBUG] [mixin/]: Processing inject() for PlatformAgent[MixinPlatformAgentDefault:ModLauncher Root Container(ModLauncher:4f56a0a2)]
[30Aug2025 03:42:22.385] [main/DEBUG] [mixin/]: Processing inject() for PlatformAgent[MixinPlatformAgentDefault:net.neoforged.fml.loading.mixin.FMLMixinContainerHandle@31e72cbc]
[30Aug2025 03:42:22.385] [main/DEBUG] [mixin/]: Processing inject() for PlatformAgent[FMLMixinPlatformAgent:null]
[30Aug2025 03:42:22.385] [main/DEBUG] [mixin/]: Processing inject() for PlatformAgent[MixinPlatformAgentDefault:SecureJarResource(mixin_synthetic)]
[30Aug2025 03:42:22.385] [main/DEBUG] [mixin/]: Processing inject() for PlatformAgent[MixinPlatformAgentDefault:SecureJarResource(minecraft)]
[30Aug2025 03:42:22.385] [main/DEBUG] [mixin/]: Processing inject() for PlatformAgent[MixinPlatformAgentDefault:SecureJarResource(flywheel)]
[30Aug2025 03:42:22.385] [main/DEBUG] [mixin/]: Processing inject() for PlatformAgent[MixinPlatformAgentDefault:SecureJarResource(ponder)]
[30Aug2025 03:42:22.385] [main/DEBUG] [mixin/]: Processing inject() for PlatformAgent[MixinPlatformAgentDefault:SecureJarResource(create)]
[30Aug2025 03:42:22.385] [main/DEBUG] [mixin/]: Processing inject() for PlatformAgent[MixinPlatformAgentDefault:SecureJarResource(createdeco)]
[30Aug2025 03:42:22.385] [main/DEBUG] [mixin/]: Processing inject() for PlatformAgent[MixinPlatformAgentDefault:SecureJarResource(Registrate.MC1._21._62)]
[30Aug2025 03:42:22.385] [main/DEBUG] [mixin/]: Processing inject() for PlatformAgent[MixinPlatformAgentDefault:SecureJarResource(mixinextras.neoforge)]
[30Aug2025 03:42:22.386] [main/INFO] [cpw.mods.modlauncher.LaunchServiceHandler/MODLAUNCHER]: Launching target 'forgedatadev' with arguments [--gameDir, ., --assetsDir, C:\Users\micha\.gradle\caches\minecraft\assets, --mod, createdeco, --all, --output, C:\Users\micha\Documents\Blocks & Bogeys 1.21.1\CreateDeco\src\generated\resources, --existing, C:\Users\micha\Documents\Blocks & Bogeys 1.21.1\CreateDeco\src\main\resources, --assetIndex, asset-index]
[30Aug2025 03:42:22.479] [main/DEBUG] [mixin/]: Preparing mixins for MixinEnvironment[DEFAULT]
[30Aug2025 03:42:22.479] [main/DEBUG] [mixin/]: Selecting config flywheel.backend.mixins.json
[30Aug2025 03:42:22.503] [main/DEBUG] [mixin/]: Selecting config flywheel.impl.mixins.json
[30Aug2025 03:42:22.504] [main/DEBUG] [mixin/]: Selecting config ponder.mixins.json
[30Aug2025 03:42:22.507] [main/WARN] [mixin/]: Reference map 'ponder.refmap.json' for ponder.mixins.json could not be read. If this is a development environment you can ignore this message
[30Aug2025 03:42:22.507] [main/DEBUG] [mixin/]: Selecting config ponder-common.mixins.json
[30Aug2025 03:42:22.507] [main/WARN] [mixin/]: Reference map 'ponder.refmap.json' for ponder-common.mixins.json could not be read. If this is a development environment you can ignore this message
[30Aug2025 03:42:22.507] [main/DEBUG] [mixin/]: Selecting config create.mixins.json
[30Aug2025 03:42:22.509] [main/WARN] [mixin/]: Reference map 'create.refmap.json' for create.mixins.json could not be read. If this is a development environment you can ignore this message
[30Aug2025 03:42:22.509] [main/DEBUG] [mixin/]: Selecting config createdeco.mixins.json
[30Aug2025 03:42:22.509] [main/DEBUG] [mixin/]: Selecting config neoforge.mixins.json
[30Aug2025 03:42:22.509] [main/DEBUG] [mixin/]: Selecting config mixinextras.init.mixins.json
[30Aug2025 03:42:22.557] [main/DEBUG] [MixinExtras|Service/]: com.llamalad7.mixinextras.service.MixinExtrasServiceImpl(version=0.4.1) is taking over from null
[30Aug2025 03:42:22.589] [main/DEBUG] [mixin/]: Registering new injector for @Inject with org.spongepowered.asm.mixin.injection.struct.CallbackInjectionInfo
[30Aug2025 03:42:22.591] [main/DEBUG] [mixin/]: Registering new injector for @ModifyArg with org.spongepowered.asm.mixin.injection.struct.ModifyArgInjectionInfo
[30Aug2025 03:42:22.593] [main/DEBUG] [mixin/]: Registering new injector for @ModifyArgs with org.spongepowered.asm.mixin.injection.struct.ModifyArgsInjectionInfo
[30Aug2025 03:42:22.594] [main/DEBUG] [mixin/]: Registering new injector for @Redirect with org.spongepowered.asm.mixin.injection.struct.RedirectInjectionInfo
[30Aug2025 03:42:22.596] [main/DEBUG] [mixin/]: Registering new injector for @ModifyVariable with org.spongepowered.asm.mixin.injection.struct.ModifyVariableInjectionInfo
[30Aug2025 03:42:22.597] [main/DEBUG] [mixin/]: Registering new injector for @ModifyConstant with org.spongepowered.asm.mixin.injection.struct.ModifyConstantInjectionInfo
[30Aug2025 03:42:22.608] [main/DEBUG] [mixin/]: Preparing flywheel.backend.mixins.json (8)
[30Aug2025 03:42:22.642] [main/DEBUG] [net.neoforged.fml.common.asm.RuntimeDistCleaner/DISTXFORM]: Removing Class Annotation: net/minecraft/client/player/AbstractClientPlayer @Lnet/neoforged/api/distmarker/OnlyIn;
[30Aug2025 03:42:22.658] [main/TRACE] [mixin/]: Added class metadata for net/minecraft/client/player/AbstractClientPlayer to metadata cache
[30Aug2025 03:42:22.662] [main/DEBUG] [net.neoforged.fml.common.asm.RuntimeDistCleaner/DISTXFORM]: Removing Class Annotation: com/mojang/blaze3d/platform/GlStateManager @Lnet/neoforged/api/distmarker/OnlyIn;
[30Aug2025 03:42:22.668] [main/TRACE] [mixin/]: Added class metadata for com/mojang/blaze3d/platform/GlStateManager to metadata cache
[30Aug2025 03:42:22.675] [main/DEBUG] [net.neoforged.accesstransformer.AccessTransformer/AXFORM]: Transforming net.minecraft.client.renderer.LevelRenderer METHOD shouldShowEntityOutlines()Z to access PUBLIC and LEAVE
[30Aug2025 03:42:22.675] [main/DEBUG] [net.neoforged.fml.common.asm.RuntimeDistCleaner/DISTXFORM]: Removing Class Annotation: net/minecraft/client/renderer/LevelRenderer @Lnet/neoforged/api/distmarker/OnlyIn;
[30Aug2025 03:42:22.693] [main/TRACE] [mixin/]: Added class metadata for net/minecraft/client/renderer/LevelRenderer to metadata cache
[30Aug2025 03:42:22.696] [main/DEBUG] [net.neoforged.accesstransformer.AccessTransformer/AXFORM]: Transforming net.minecraft.client.Options INNERCLASS FieldAccess to access PUBLIC and LEAVE
[30Aug2025 03:42:22.698] [main/DEBUG] [net.neoforged.accesstransformer.AccessTransformer/AXFORM]: Transforming net.minecraft.client.Options FIELD keyMappings to access PUBLIC and REMOVEFINAL
[30Aug2025 03:42:22.698] [main/DEBUG] [net.neoforged.fml.common.asm.RuntimeDistCleaner/DISTXFORM]: Removing Class Annotation: net/minecraft/client/Options @Lnet/neoforged/api/distmarker/OnlyIn;
[30Aug2025 03:42:22.704] [main/TRACE] [mixin/]: Added class metadata for net/minecraft/client/Options to metadata cache
[30Aug2025 03:42:22.705] [main/DEBUG] [net.neoforged.fml.common.asm.RuntimeDistCleaner/DISTXFORM]: Removing Class Annotation: com/mojang/blaze3d/systems/RenderSystem @Lnet/neoforged/api/distmarker/OnlyIn;
[30Aug2025 03:42:22.709] [main/TRACE] [mixin/]: Added class metadata for com/mojang/blaze3d/systems/RenderSystem to metadata cache
[30Aug2025 03:42:22.709] [main/TRACE] [mixin/]: Added class metadata for net/minecraft/world/level/lighting/LightEngine to metadata cache
[30Aug2025 03:42:22.709] [main/TRACE] [mixin/]: Added class metadata for net/minecraft/world/level/lighting/SkyLightSectionStorage$SkyDataLayerStorageMap to metadata cache
[30Aug2025 03:42:22.709] [main/TRACE] [mixin/]: Added class metadata for net/minecraft/world/level/lighting/SkyLightSectionStorage to metadata cache
[30Aug2025 03:42:22.709] [main/DEBUG] [mixin/]: Preparing flywheel.impl.mixins.json (14)
[30Aug2025 03:42:22.719] [main/DEBUG] [net.neoforged.accesstransformer.AccessTransformer/AXFORM]: Transforming net.minecraft.world.level.block.entity.BlockEntityType INNERCLASS BlockEntitySupplier to access PUBLIC and LEAVE
[30Aug2025 03:42:22.720] [main/TRACE] [mixin/]: Added class metadata for net/minecraft/world/level/block/entity/BlockEntityType to metadata cache
[30Aug2025 03:42:22.722] [main/DEBUG] [net.neoforged.fml.common.asm.RuntimeDistCleaner/DISTXFORM]: Removing Class Annotation: net/minecraft/client/multiplayer/ClientChunkCache @Lnet/neoforged/api/distmarker/OnlyIn;
[30Aug2025 03:42:22.722] [main/TRACE] [mixin/]: Added class metadata for net/minecraft/client/multiplayer/ClientChunkCache to metadata cache
[30Aug2025 03:42:22.737] [main/TRACE] [mixin/]: Added class metadata for net/minecraft/world/entity/EntityType to metadata cache
[30Aug2025 03:42:22.737] [main/DEBUG] [net.neoforged.accesstransformer.AccessTransformer/AXFORM]: Transforming net.minecraft.world.level.Level FIELD oRainLevel to access PUBLIC and LEAVE
[30Aug2025 03:42:22.739] [main/DEBUG] [net.neoforged.accesstransformer.AccessTransformer/AXFORM]: Transforming net.minecraft.world.level.Level FIELD rainLevel to access PUBLIC and LEAVE
[30Aug2025 03:42:22.739] [main/DEBUG] [net.neoforged.accesstransformer.AccessTransformer/AXFORM]: Transforming net.minecraft.world.level.Level FIELD oThunderLevel to access PUBLIC and LEAVE
[30Aug2025 03:42:22.739] [main/DEBUG] [net.neoforged.accesstransformer.AccessTransformer/AXFORM]: Transforming net.minecraft.world.level.Level FIELD thunderLevel to access PUBLIC and LEAVE
[30Aug2025 03:42:22.741] [main/TRACE] [mixin/]: Added class metadata for net/minecraft/world/level/Level to metadata cache
[30Aug2025 03:42:22.744] [main/DEBUG] [net.neoforged.fml.common.asm.RuntimeDistCleaner/DISTXFORM]: Removing Class Annotation: net/minecraft/client/Minecraft @Lnet/neoforged/api/distmarker/OnlyIn;
[30Aug2025 03:42:22.752] [main/TRACE] [mixin/]: Added class metadata for net/minecraft/client/Minecraft to metadata cache
[30Aug2025 03:42:22.752] [main/DEBUG] [net.neoforged.accesstransformer.AccessTransformer/AXFORM]: Transforming net.minecraft.client.model.geom.ModelPart FIELD cubes to access PUBLIC and LEAVE
[30Aug2025 03:42:22.752] [main/DEBUG] [net.neoforged.accesstransformer.AccessTransformer/AXFORM]: Transforming net.minecraft.client.model.geom.ModelPart FIELD children to access PUBLIC and LEAVE
[30Aug2025 03:42:22.752] [main/DEBUG] [net.neoforged.fml.common.asm.RuntimeDistCleaner/DISTXFORM]: Removing Class Annotation: net/minecraft/client/model/geom/ModelPart @Lnet/neoforged/api/distmarker/OnlyIn;
[30Aug2025 03:42:22.754] [main/TRACE] [mixin/]: Added class metadata for net/minecraft/client/model/geom/ModelPart to metadata cache
[30Aug2025 03:42:22.754] [main/DEBUG] [net.neoforged.fml.common.asm.RuntimeDistCleaner/DISTXFORM]: Removing Class Annotation: com/mojang/blaze3d/vertex/PoseStack @Lnet/neoforged/api/distmarker/OnlyIn;
[30Aug2025 03:42:22.754] [main/TRACE] [mixin/]: Added class metadata for com/mojang/blaze3d/vertex/PoseStack to metadata cache
[30Aug2025 03:42:22.754] [main/TRACE] [mixin/]: Added class metadata for net/minecraft/world/level/block/entity/BlockEntity to metadata cache
[30Aug2025 03:42:22.755] [main/TRACE] [mixin/]: Added class metadata for net/minecraft/world/level/chunk/LevelChunk to metadata cache
[30Aug2025 03:42:22.757] [main/DEBUG] [net.neoforged.fml.common.asm.RuntimeDistCleaner/DISTXFORM]: Removing Class Annotation: net/minecraft/client/renderer/chunk/SectionCompiler @Lnet/neoforged/api/distmarker/OnlyIn;
[30Aug2025 03:42:22.757] [main/TRACE] [mixin/]: Added class metadata for net/minecraft/client/renderer/chunk/SectionCompiler to metadata cache
[30Aug2025 03:42:22.757] [main/DEBUG] [mixin/]: Preparing ponder.mixins.json (1)
[30Aug2025 03:42:22.759] [main/DEBUG] [net.neoforged.accesstransformer.AccessTransformer/AXFORM]: Transforming net.minecraft.client.particle.ParticleEngine INNERCLASS SpriteParticleRegistration to access PUBLIC and LEAVE
[30Aug2025 03:42:22.759] [main/DEBUG] [net.neoforged.accesstransformer.AccessTransformer/AXFORM]: Transforming net.minecraft.client.particle.ParticleEngine METHOD register(Lnet/minecraft/core/particles/ParticleType;Lnet/minecraft/client/particle/ParticleProvider;)V to access PUBLIC and LEAVE
[30Aug2025 03:42:22.759] [main/DEBUG] [net.neoforged.accesstransformer.AccessTransformer/AXFORM]: Transforming net.minecraft.client.particle.ParticleEngine METHOD register(Lnet/minecraft/core/particles/ParticleType;Lnet/minecraft/client/particle/ParticleProvider$Sprite;)V to access PUBLIC and LEAVE
[30Aug2025 03:42:22.759] [main/DEBUG] [net.neoforged.accesstransformer.AccessTransformer/AXFORM]: Transforming net.minecraft.client.particle.ParticleEngine METHOD register(Lnet/minecraft/core/particles/ParticleType;Lnet/minecraft/client/particle/ParticleEngine$SpriteParticleRegistration;)V to access PUBLIC and LEAVE
[30Aug2025 03:42:22.759] [main/DEBUG] [net.neoforged.fml.common.asm.RuntimeDistCleaner/DISTXFORM]: Removing Class Annotation: net/minecraft/client/particle/ParticleEngine @Lnet/neoforged/api/distmarker/OnlyIn;
[30Aug2025 03:42:22.762] [main/TRACE] [mixin/]: Added class metadata for net/minecraft/client/particle/ParticleEngine to metadata cache
[30Aug2025 03:42:22.762] [main/DEBUG] [mixin/]: Preparing ponder-common.mixins.json (12)
[30Aug2025 03:42:22.763] [main/DEBUG] [net.neoforged.accesstransformer.AccessTransformer/AXFORM]: Transforming net.minecraft.world.level.biome.BiomeManager FIELD biomeZoomSeed to access PUBLIC and LEAVE
[30Aug2025 03:42:22.765] [main/TRACE] [mixin/]: Added class metadata for net/minecraft/world/level/biome/BiomeManager to metadata cache
[30Aug2025 03:42:22.769] [main/DEBUG] [net.neoforged.accesstransformer.AccessTransformer/AXFORM]: Transforming net.minecraft.world.entity.Entity FIELD ENTITY_COUNTER to access PROTECTED and LEAVE
[30Aug2025 03:42:22.769] [main/DEBUG] [net.neoforged.accesstransformer.AccessTransformer/AXFORM]: Transforming net.minecraft.world.entity.Entity FIELD removalReason to access PUBLIC and LEAVE
[30Aug2025 03:42:22.769] [main/DEBUG] [net.neoforged.accesstransformer.AccessTransformer/AXFORM]: Transforming net.minecraft.world.entity.Entity METHOD getEncodeId()Ljava/lang/String; to access PUBLIC and LEAVE
[30Aug2025 03:42:22.783] [main/TRACE] [mixin/]: Added class metadata for net/minecraft/world/entity/Entity to metadata cache
[30Aug2025 03:42:22.784] [main/DEBUG] [net.neoforged.accesstransformer.AccessTransformer/AXFORM]: Transforming net.minecraft.server.MinecraftServer INNERCLASS ReloadableResources to access PUBLIC and LEAVE
[30Aug2025 03:42:22.784] [main/DEBUG] [net.neoforged.accesstransformer.AccessTransformer/AXFORM]: Transforming net.minecraft.server.MinecraftServer FIELD storageSource to access PUBLIC and LEAVE
[30Aug2025 03:42:22.784] [main/DEBUG] [net.neoforged.accesstransformer.AccessTransformer/AXFORM]: Transforming net.minecraft.server.MinecraftServer FIELD nextTickTimeNanos to access PROTECTED and LEAVE
[30Aug2025 03:42:22.788] [main/TRACE] [mixin/]: Added class metadata for net/minecraft/server/MinecraftServer to metadata cache
[30Aug2025 03:42:22.791] [main/DEBUG] [net.neoforged.fml.common.asm.RuntimeDistCleaner/DISTXFORM]: Removing Class Annotation: net/minecraft/client/DeltaTracker$Timer @Lnet/neoforged/api/distmarker/OnlyIn;
[30Aug2025 03:42:22.791] [main/TRACE] [mixin/]: Added class metadata for net/minecraft/client/DeltaTracker$Timer to metadata cache
[30Aug2025 03:42:22.791] [main/DEBUG] [net.neoforged.fml.common.asm.RuntimeDistCleaner/DISTXFORM]: Removing Class Annotation: com/mojang/blaze3d/vertex/BufferBuilder @Lnet/neoforged/api/distmarker/OnlyIn;
[30Aug2025 03:42:22.793] [main/TRACE] [mixin/]: Added class metadata for com/mojang/blaze3d/vertex/BufferBuilder to metadata cache
[30Aug2025 03:42:22.796] [main/DEBUG] [net.neoforged.accesstransformer.AccessTransformer/AXFORM]: Transforming net.minecraft.client.multiplayer.ClientPacketListener FIELD serverChunkRadius to access PUBLIC and LEAVE
[30Aug2025 03:42:22.796] [main/DEBUG] [net.neoforged.accesstransformer.AccessTransformer/AXFORM]: Transforming net.minecraft.client.multiplayer.ClientPacketListener FIELD commands to access PUBLIC and LEAVE
[30Aug2025 03:42:22.796] [main/DEBUG] [net.neoforged.fml.common.asm.RuntimeDistCleaner/DISTXFORM]: Removing Class Annotation: net/minecraft/client/multiplayer/ClientPacketListener @Lnet/neoforged/api/distmarker/OnlyIn;
[30Aug2025 03:42:22.800] [main/TRACE] [mixin/]: Added class metadata for net/minecraft/client/multiplayer/ClientPacketListener to metadata cache
[30Aug2025 03:42:22.804] [main/DEBUG] [net.neoforged.accesstransformer.AccessTransformer/AXFORM]: Transforming net.minecraft.client.renderer.GameRenderer METHOD loadEffect(Lnet/minecraft/resources/ResourceLocation;)V to access PUBLIC and LEAVE
[30Aug2025 03:42:22.804] [main/DEBUG] [net.neoforged.fml.common.asm.RuntimeDistCleaner/DISTXFORM]: Removing Class Annotation: net/minecraft/client/renderer/GameRenderer @Lnet/neoforged/api/distmarker/OnlyIn;
[30Aug2025 03:42:22.807] [main/TRACE] [mixin/]: Added class metadata for net/minecraft/client/renderer/GameRenderer to metadata cache
[30Aug2025 03:42:22.807] [main/DEBUG] [net.neoforged.accesstransformer.AccessTransformer/AXFORM]: Transforming net.minecraft.client.renderer.entity.ItemRenderer FIELD textureManager to access PUBLIC and LEAVE
[30Aug2025 03:42:22.807] [main/DEBUG] [net.neoforged.accesstransformer.AccessTransformer/AXFORM]: Transforming net.minecraft.client.renderer.entity.ItemRenderer METHOD renderModelLists(Lnet/minecraft/client/resources/model/BakedModel;Lnet/minecraft/world/item/ItemStack;IILcom/mojang/blaze3d/vertex/PoseStack;Lcom/mojang/blaze3d/vertex/VertexConsumer;)V to access PUBLIC and LEAVE
[30Aug2025 03:42:22.808] [main/DEBUG] [net.neoforged.accesstransformer.AccessTransformer/AXFORM]: Transforming net.minecraft.client.renderer.entity.ItemRenderer METHOD renderQuadList(Lcom/mojang/blaze3d/vertex/PoseStack;Lcom/mojang/blaze3d/vertex/VertexConsumer;Ljava/util/List;Lnet/minecraft/world/item/ItemStack;II)V to access PUBLIC and LEAVE
[30Aug2025 03:42:22.808] [main/DEBUG] [net.neoforged.fml.common.asm.RuntimeDistCleaner/DISTXFORM]: Removing Class Annotation: net/minecraft/client/renderer/entity/ItemRenderer @Lnet/neoforged/api/distmarker/OnlyIn;
[30Aug2025 03:42:22.809] [main/TRACE] [mixin/]: Added class metadata for net/minecraft/client/renderer/entity/ItemRenderer to metadata cache
[30Aug2025 03:42:22.811] [main/DEBUG] [net.neoforged.accesstransformer.AccessTransformer/AXFORM]: Transforming net.minecraft.client.renderer.RenderType FIELDWILDCARD to access PUBLIC and LEAVE
[30Aug2025 03:42:22.811] [main/DEBUG] [net.neoforged.accesstransformer.AccessTransformer/AXFORM]: Transforming net.minecraft.client.renderer.RenderType INNERCLASS CompositeRenderType to access PUBLIC and LEAVE
[30Aug2025 03:42:22.811] [main/DEBUG] [net.neoforged.accesstransformer.AccessTransformer/AXFORM]: Transforming net.minecraft.client.renderer.RenderType INNERCLASS CompositeState to access PUBLIC and LEAVE
[30Aug2025 03:42:22.811] [main/DEBUG] [net.neoforged.accesstransformer.AccessTransformer/AXFORM]: Transforming net.minecraft.client.renderer.RenderType INNERCLASS OutlineProperty to access PUBLIC and LEAVE
[30Aug2025 03:42:22.811] [main/DEBUG] [net.neoforged.accesstransformer.AccessTransformer/AXFORM]: Transforming net.minecraft.client.renderer.RenderType METHOD create(Ljava/lang/String;Lcom/mojang/blaze3d/vertex/VertexFormat;Lcom/mojang/blaze3d/vertex/VertexFormat$Mode;ILnet/minecraft/client/renderer/RenderType$CompositeState;)Lnet/minecraft/client/renderer/RenderType$CompositeRenderType; to access PUBLIC and LEAVE
[30Aug2025 03:42:22.811] [main/DEBUG] [net.neoforged.accesstransformer.AccessTransformer/AXFORM]: Transforming net.minecraft.client.renderer.RenderType METHOD create(Ljava/lang/String;Lcom/mojang/blaze3d/vertex/VertexFormat;Lcom/mojang/blaze3d/vertex/VertexFormat$Mode;IZZLnet/minecraft/client/renderer/RenderType$CompositeState;)Lnet/minecraft/client/renderer/RenderType$CompositeRenderType; to access PUBLIC and LEAVE
[30Aug2025 03:42:22.811] [main/DEBUG] [net.neoforged.fml.common.asm.RuntimeDistCleaner/DISTXFORM]: Removing Class Annotation: net/minecraft/client/renderer/RenderType @Lnet/neoforged/api/distmarker/OnlyIn;
[30Aug2025 03:42:22.814] [main/TRACE] [mixin/]: Added class metadata for net/minecraft/client/renderer/RenderType to metadata cache
[30Aug2025 03:42:22.814] [main/DEBUG] [net.neoforged.accesstransformer.AccessTransformer/AXFORM]: Transforming net.minecraft.client.gui.screens.Screen FIELD renderables to access PUBLIC and LEAVE
[30Aug2025 03:42:22.815] [main/DEBUG] [net.neoforged.fml.common.asm.RuntimeDistCleaner/DISTXFORM]: Removing Class Annotation: net/minecraft/client/gui/screens/Screen @Lnet/neoforged/api/distmarker/OnlyIn;
[30Aug2025 03:42:22.817] [main/TRACE] [mixin/]: Added class metadata for net/minecraft/client/gui/screens/Screen to metadata cache
[30Aug2025 03:42:22.817] [main/DEBUG] [mixin/]: Preparing createdeco.mixins.json (1)
[30Aug2025 03:42:22.819] [main/TRACE] [mixin/]: Added class metadata for com/simibubi/create/content/logistics/vault/ItemVaultBlockEntity to metadata cache
[30Aug2025 03:42:22.821] [main/DEBUG] [mixin/]: Preparing neoforge.mixins.json (2)
[30Aug2025 03:42:22.822] [main/TRACE] [mixin/]: Added class metadata for net/minecraft/core/MappedRegistry to metadata cache
[30Aug2025 03:42:22.822] [main/DEBUG] [mixin/]: Preparing mixinextras.init.mixins.json (0)
[30Aug2025 03:42:22.822] [main/DEBUG] [mixin/]: Preparing create.mixins.json (61)
[30Aug2025 03:42:22.833] [main/TRACE] [mixin/]: Added class metadata for net/minecraft/world/item/armortrim/ArmorTrim to metadata cache
[30Aug2025 03:42:22.834] [main/TRACE] [mixin/]: Added class metadata for net/minecraft/world/level/block/BeehiveBlock to metadata cache
[30Aug2025 03:42:22.834] [main/TRACE] [mixin/]: Added class metadata for net/minecraft/world/item/BlockItem to metadata cache
[30Aug2025 03:42:22.836] [main/DEBUG] [net.neoforged.accesstransformer.AccessTransformer/AXFORM]: Transforming net.minecraft.world.level.block.Block METHOD popExperience(Lnet/minecraft/server/level/ServerLevel;Lnet/minecraft/core/BlockPos;I)V to access PUBLIC and LEAVE
[30Aug2025 03:42:22.837] [main/TRACE] [mixin/]: Added class metadata for net/minecraft/world/level/block/Block to metadata cache
[30Aug2025 03:42:22.839] [main/TRACE] [mixin/]: Added class metadata for net/minecraft/core/registries/BuiltInRegistries to metadata cache
[30Aug2025 03:42:22.843] [main/DEBUG] [net.neoforged.accesstransformer.AccessTransformer/AXFORM]: Transforming net.minecraft.world.entity.LivingEntity FIELD jumping to access PUBLIC and LEAVE
[30Aug2025 03:42:22.843] [main/DEBUG] [net.neoforged.accesstransformer.AccessTransformer/AXFORM]: Transforming net.minecraft.world.entity.LivingEntity METHOD getHitbox()Lnet/minecraft/world/phys/AABB; to access PUBLIC and LEAVE
[30Aug2025 03:42:22.843] [main/DEBUG] [net.neoforged.accesstransformer.AccessTransformer/AXFORM]: Transforming net.minecraft.world.entity.LivingEntity METHOD getCurrentSwingDuration()I to access PUBLIC and LEAVE
[30Aug2025 03:42:22.850] [main/TRACE] [mixin/]: Added class metadata for net/minecraft/world/entity/LivingEntity to metadata cache
[30Aug2025 03:42:22.851] [main/TRACE] [mixin/]: Added class metadata for net/minecraft/world/level/storage/loot/functions/EnchantedCountIncreaseFunction to metadata cache
[30Aug2025 03:42:22.853] [main/DEBUG] [net.neoforged.accesstransformer.AccessTransformer/AXFORM]: Transforming net.minecraft.world.level.saveddata.maps.MapItemSavedData METHOD removeDecoration(Ljava/lang/String;)V to access PUBLIC and LEAVE
[30Aug2025 03:42:22.853] [main/DEBUG] [net.neoforged.accesstransformer.AccessTransformer/AXFORM]: Transforming net.minecraft.world.level.saveddata.maps.MapItemSavedData METHOD addDecoration(Lnet/minecraft/core/Holder;Lnet/minecraft/world/level/LevelAccessor;Ljava/lang/String;DDDLnet/minecraft/network/chat/Component;)V to access PUBLIC and LEAVE
[30Aug2025 03:42:22.853] [main/TRACE] [mixin/]: Added class metadata for net/minecraft/world/level/saveddata/maps/MapItemSavedData to metadata cache
[30Aug2025 03:42:22.856] [main/DEBUG] [net.neoforged.accesstransformer.AccessTransformer/AXFORM]: Transforming net.minecraft.world.entity.Mob FIELD goalSelector to access PUBLIC and LEAVE
[30Aug2025 03:42:22.856] [main/DEBUG] [net.neoforged.accesstransformer.AccessTransformer/AXFORM]: Transforming net.minecraft.world.entity.Mob FIELD targetSelector to access PUBLIC and LEAVE
[30Aug2025 03:42:22.859] [main/TRACE] [mixin/]: Added class metadata for net/minecraft/world/entity/Mob to metadata cache
[30Aug2025 03:42:22.861] [main/DEBUG] [net.neoforged.accesstransformer.AccessTransformer/AXFORM]: Transforming net.minecraft.world.entity.player.Player METHOD closeContainer()V to access PUBLIC and LEAVE
[30Aug2025 03:42:22.865] [main/TRACE] [mixin/]: Added class metadata for net/minecraft/world/entity/player/Player to metadata cache
[30Aug2025 03:42:22.865] [main/TRACE] [mixin/]: Added class metadata for net/minecraft/world/entity/projectile/ProjectileUtil to metadata cache
[30Aug2025 03:42:22.867] [main/TRACE] [mixin/]: Added class metadata for net/minecraft/world/level/block/ShulkerBoxBlock to metadata cache
[30Aug2025 03:42:22.867] [main/TRACE] [mixin/]: Added class metadata for net/minecraft/world/inventory/SmithingMenu to metadata cache
[30Aug2025 03:42:22.868] [main/TRACE] [mixin/]: Added class metadata for net/minecraft/gametest/framework/TestCommand to metadata cache
[30Aug2025 03:42:22.870] [main/TRACE] [mixin/]: Added class metadata for net/minecraft/world/level/material/FlowingFluid to metadata cache
[30Aug2025 03:42:22.871] [main/DEBUG] [net.neoforged.accesstransformer.AccessTransformer/AXFORM]: Transforming net.minecraft.world.level.block.state.BlockBehaviour METHOD propertiesCodec()Lcom/mojang/serialization/codecs/RecordCodecBuilder; to access PUBLIC and LEAVE
[30Aug2025 03:42:22.877] [main/TRACE] [mixin/]: Added class metadata for net/minecraft/world/level/block/state/BlockBehaviour to metadata cache
[30Aug2025 03:42:22.877] [main/DEBUG] [net.neoforged.accesstransformer.AccessTransformer/AXFORM]: Transforming net.minecraft.data.loot.BlockLootSubProvider METHOD createSelfDropDispatchTable(Lnet/minecraft/world/level/block/Block;Lnet/minecraft/world/level/storage/loot/predicates/LootItemCondition$Builder;Lnet/minecraft/world/level/storage/loot/entries/LootPoolEntryContainer$Builder;)Lnet/minecraft/world/level/storage/loot/LootTable$Builder; to access PROTECTED and LEAVE
[30Aug2025 03:42:22.879] [main/DEBUG] [net.neoforged.accesstransformer.AccessTransformer/AXFORM]: Transforming net.minecraft.data.loot.BlockLootSubProvider METHOD createSilkTouchOnlyTable(Lnet/minecraft/world/level/ItemLike;)Lnet/minecraft/world/level/storage/loot/LootTable$Builder; to access PROTECTED and LEAVE
[30Aug2025 03:42:22.879] [main/DEBUG] [net.neoforged.accesstransformer.AccessTransformer/AXFORM]: Transforming net.minecraft.data.loot.BlockLootSubProvider METHOD createPotFlowerItemTable(Lnet/minecraft/world/level/ItemLike;)Lnet/minecraft/world/level/storage/loot/LootTable$Builder; to access PROTECTED and LEAVE
[30Aug2025 03:42:22.880] [main/TRACE] [mixin/]: Added class metadata for net/minecraft/data/loot/BlockLootSubProvider to metadata cache
[30Aug2025 03:42:22.880] [main/TRACE] [mixin/]: Added class metadata for net/minecraft/world/level/block/ConcretePowderBlock to metadata cache
[30Aug2025 03:42:22.880] [main/DEBUG] [net.neoforged.accesstransformer.AccessTransformer/AXFORM]: Transforming net.minecraft.world.level.block.CropBlock METHOD <init>(Lnet/minecraft/world/level/block/state/BlockBehaviour$Properties;)V to access PUBLIC and LEAVE
[30Aug2025 03:42:22.880] [main/DEBUG] [net.neoforged.accesstransformer.AccessTransformer/AXFORM]: Transforming net.minecraft.world.level.block.CropBlock METHOD hasSufficientLight(Lnet/minecraft/world/level/LevelReader;Lnet/minecraft/core/BlockPos;)Z to access PUBLIC and LEAVE
[30Aug2025 03:42:22.882] [main/TRACE] [mixin/]: Added class metadata for net/minecraft/world/level/block/CropBlock to metadata cache
[30Aug2025 03:42:22.882] [main/DEBUG] [net.neoforged.accesstransformer.AccessTransformer/AXFORM]: Transforming net.minecraft.world.level.block.DispenserBlock METHOD <init>(Lnet/minecraft/world/level/block/state/BlockBehaviour$Properties;)V to access PUBLIC and LEAVE
[30Aug2025 03:42:22.882] [main/TRACE] [mixin/]: Added class metadata for net/minecraft/world/level/block/DispenserBlock to metadata cache
[30Aug2025 03:42:22.883] [main/TRACE] [mixin/]: Added class metadata for net/minecraft/world/entity/item/FallingBlockEntity to metadata cache
[30Aug2025 03:42:22.883] [main/TRACE] [mixin/]: Added class metadata for net/neoforged/neoforge/fluids/FluidInteractionRegistry to metadata cache
[30Aug2025 03:42:22.885] [main/DEBUG] [net.neoforged.accesstransformer.AccessTransformer/AXFORM]: Transforming net.minecraft.gametest.framework.GameTestHelper FIELD testInfo to access PUBLIC and LEAVE
[30Aug2025 03:42:22.888] [main/TRACE] [mixin/]: Added class metadata for net/minecraft/gametest/framework/GameTestHelper to metadata cache
[30Aug2025 03:42:22.889] [main/DEBUG] [net.neoforged.accesstransformer.AccessTransformer/AXFORM]: Transforming net.minecraft.data.models.ItemModelGenerators INNERCLASS TrimModelData to access PUBLIC and LEAVE
[30Aug2025 03:42:22.889] [main/DEBUG] [net.neoforged.accesstransformer.AccessTransformer/AXFORM]: Transforming net.minecraft.data.models.ItemModelGenerators FIELD GENERATED_TRIM_MODELS to access PUBLIC and LEAVE
[30Aug2025 03:42:22.891] [main/TRACE] [mixin/]: Added class metadata for net/minecraft/data/models/ItemModelGenerators to metadata cache
[30Aug2025 03:42:22.891] [main/TRACE] [mixin/]: Added class metadata for net/neoforged/neoforge/items/ItemStackHandler to metadata cache
[30Aug2025 03:42:22.891] [main/TRACE] [mixin/]: Added class metadata for net/minecraft/world/entity/vehicle/MinecartFurnace to metadata cache
[30Aug2025 03:42:22.892] [main/TRACE] [mixin/]: Added class metadata for net/minecraft/world/effect/MobEffectInstance to metadata cache
[30Aug2025 03:42:22.892] [main/TRACE] [mixin/]: Added class metadata for net/minecraft/nbt/NbtAccounter to metadata cache
[30Aug2025 03:42:22.892] [main/DEBUG] [net.neoforged.accesstransformer.AccessTransformer/AXFORM]: Transforming net.minecraft.world.item.alchemy.PotionBrewing INNERCLASS Mix to access PUBLIC and LEAVE
[30Aug2025 03:42:22.894] [main/TRACE] [mixin/]: Added class metadata for net/minecraft/world/item/alchemy/PotionBrewing to metadata cache
[30Aug2025 03:42:22.894] [main/TRACE] [mixin/]: Added class metadata for net/minecraft/core/dispenser/ProjectileDispenseBehavior to metadata cache
[30Aug2025 03:42:22.895] [main/DEBUG] [net.neoforged.accesstransformer.AccessTransformer/AXFORM]: Transforming net.minecraft.server.level.ServerLevel METHOD getEntities()Lnet/minecraft/world/level/entity/LevelEntityGetter; to access PUBLIC and LEAVE
[30Aug2025 03:42:22.899] [main/TRACE] [mixin/]: Added class metadata for net/minecraft/server/level/ServerLevel to metadata cache
[30Aug2025 03:42:22.900] [main/DEBUG] [net.neoforged.accesstransformer.AccessTransformer/AXFORM]: Transforming net.minecraft.world.item.crafting.ShapedRecipe FIELD pattern to access PUBLIC and LEAVE
[30Aug2025 03:42:22.900] [main/TRACE] [mixin/]: Added class metadata for net/minecraft/world/item/crafting/ShapedRecipe to metadata cache
[30Aug2025 03:42:22.900] [main/TRACE] [mixin/]: Added class metadata for net/minecraft/world/level/block/state/StateHolder to metadata cache
[30Aug2025 03:42:22.901] [main/TRACE] [mixin/]: Added class metadata for net/minecraft/SystemReport to metadata cache
[30Aug2025 03:42:22.901] [main/DEBUG] [net.neoforged.accesstransformer.AccessTransformer/AXFORM]: Transforming net.minecraft.world.item.context.UseOnContext METHOD <init>(Lnet/minecraft/world/level/Level;Lnet/minecraft/world/entity/player/Player;Lnet/minecraft/world/InteractionHand;Lnet/minecraft/world/item/ItemStack;Lnet/minecraft/world/phys/BlockHitResult;)V to access PUBLIC and LEAVE
[30Aug2025 03:42:22.901] [main/TRACE] [mixin/]: Added class metadata for net/minecraft/world/item/context/UseOnContext to metadata cache
[30Aug2025 03:42:22.902] [main/TRACE] [mixin/]: Added class metadata for net/minecraft/util/datafix/fixes/BlockPosFormatAndRenamesFix to metadata cache
[30Aug2025 03:42:22.902] [main/DEBUG] [net.neoforged.accesstransformer.AccessTransformer/AXFORM]: Transforming net.minecraft.util.datafix.fixes.ItemStackComponentizationFix INNERCLASS ItemStackData to access PUBLIC and LEAVE
[30Aug2025 03:42:22.904] [main/TRACE] [mixin/]: Added class metadata for net/minecraft/util/datafix/fixes/ItemStackComponentizationFix to metadata cache
[30Aug2025 03:42:22.905] [main/TRACE] [mixin/]: Added class metadata for net/minecraft/util/datafix/schemas/V1460 to metadata cache
[30Aug2025 03:42:22.909] [main/DEBUG] [net.neoforged.accesstransformer.AccessTransformer/AXFORM]: Transforming net.minecraft.client.model.AgeableListModel FIELD scaleHead to access PUBLIC and LEAVE
[30Aug2025 03:42:22.909] [main/DEBUG] [net.neoforged.accesstransformer.AccessTransformer/AXFORM]: Transforming net.minecraft.client.model.AgeableListModel FIELD babyYHeadOffset to access PUBLIC and LEAVE
[30Aug2025 03:42:22.909] [main/DEBUG] [net.neoforged.accesstransformer.AccessTransformer/AXFORM]: Transforming net.minecraft.client.model.AgeableListModel FIELD babyZHeadOffset to access PUBLIC and LEAVE
[30Aug2025 03:42:22.909] [main/DEBUG] [net.neoforged.accesstransformer.AccessTransformer/AXFORM]: Transforming net.minecraft.client.model.AgeableListModel FIELD babyHeadScale to access PUBLIC and LEAVE
[30Aug2025 03:42:22.909] [main/DEBUG] [net.neoforged.fml.common.asm.RuntimeDistCleaner/DISTXFORM]: Removing Class Annotation: net/minecraft/client/model/AgeableListModel @Lnet/neoforged/api/distmarker/OnlyIn;
[30Aug2025 03:42:22.910] [main/TRACE] [mixin/]: Added class metadata for net/minecraft/client/model/AgeableListModel to metadata cache
[30Aug2025 03:42:22.910] [main/DEBUG] [net.neoforged.fml.common.asm.RuntimeDistCleaner/DISTXFORM]: Removing Class Annotation: net/minecraft/client/renderer/entity/EntityRenderDispatcher @Lnet/neoforged/api/distmarker/OnlyIn;
[30Aug2025 03:42:22.912] [main/TRACE] [mixin/]: Added class metadata for net/minecraft/client/renderer/entity/EntityRenderDispatcher to metadata cache
[30Aug2025 03:42:22.912] [main/DEBUG] [net.neoforged.accesstransformer.AccessTransformer/AXFORM]: Transforming net.minecraft.client.gui.Font METHOD getFontSet(Lnet/minecraft/resources/ResourceLocation;)Lnet/minecraft/client/gui/font/FontSet; to access PUBLIC and LEAVE
[30Aug2025 03:42:22.912] [main/DEBUG] [net.neoforged.fml.common.asm.RuntimeDistCleaner/DISTXFORM]: Removing Class Annotation: net/minecraft/client/gui/Font @Lnet/neoforged/api/distmarker/OnlyIn;
[30Aug2025 03:42:22.912] [main/TRACE] [mixin/]: Added class metadata for net/minecraft/client/gui/Font to metadata cache
[30Aug2025 03:42:22.914] [main/DEBUG] [net.neoforged.accesstransformer.AccessTransformer/AXFORM]: Transforming net.minecraft.client.gui.Gui INNERCLASS HeartType to access PUBLIC and LEAVE
[30Aug2025 03:42:22.914] [main/DEBUG] [net.neoforged.fml.common.asm.RuntimeDistCleaner/DISTXFORM]: Removing Class Annotation: net/minecraft/client/gui/Gui @Lnet/neoforged/api/distmarker/OnlyIn;
[30Aug2025 03:42:22.917] [main/TRACE] [mixin/]: Added class metadata for net/minecraft/client/gui/Gui to metadata cache
[30Aug2025 03:42:22.917] [main/DEBUG] [net.neoforged.fml.common.asm.RuntimeDistCleaner/DISTXFORM]: Removing Class Annotation: net/minecraft/client/renderer/entity/layers/HumanoidArmorLayer @Lnet/neoforged/api/distmarker/OnlyIn;
[30Aug2025 03:42:22.918] [main/TRACE] [mixin/]: Added class metadata for net/minecraft/client/renderer/entity/layers/HumanoidArmorLayer to metadata cache
[30Aug2025 03:42:22.918] [main/DEBUG] [net.neoforged.fml.common.asm.RuntimeDistCleaner/DISTXFORM]: Removing Class Annotation: net/minecraft/client/MouseHandler @Lnet/neoforged/api/distmarker/OnlyIn;
[30Aug2025 03:42:22.920] [main/TRACE] [mixin/]: Added class metadata for net/minecraft/client/MouseHandler to metadata cache
[30Aug2025 03:42:22.920] [main/TRACE] [mixin/]: Added class metadata for net/minecraft/server/level/BlockDestructionProgress to metadata cache
[30Aug2025 03:42:22.920] [main/DEBUG] [net.neoforged.fml.common.asm.RuntimeDistCleaner/DISTXFORM]: Removing Class Annotation: net/minecraft/client/Camera @Lnet/neoforged/api/distmarker/OnlyIn;
[30Aug2025 03:42:22.921] [main/TRACE] [mixin/]: Added class metadata for net/minecraft/client/Camera to metadata cache
[30Aug2025 03:42:22.922] [main/DEBUG] [net.neoforged.accesstransformer.AccessTransformer/AXFORM]: Transforming net.minecraft.client.player.LocalPlayer METHOD getPermissionLevel()I to access PUBLIC and LEAVE
[30Aug2025 03:42:22.922] [main/DEBUG] [net.neoforged.fml.common.asm.RuntimeDistCleaner/DISTXFORM]: Removing Class Annotation: net/minecraft/client/player/LocalPlayer @Lnet/neoforged/api/distmarker/OnlyIn;
[30Aug2025 03:42:22.925] [main/TRACE] [mixin/]: Added class metadata for net/minecraft/client/player/LocalPlayer to metadata cache
[30Aug2025 03:42:22.925] [main/DEBUG] [net.neoforged.fml.common.asm.RuntimeDistCleaner/DISTXFORM]: Removing Class Annotation: net/minecraft/client/model/HumanoidModel @Lnet/neoforged/api/distmarker/OnlyIn;
[30Aug2025 03:42:22.926] [main/TRACE] [mixin/]: Added class metadata for net/minecraft/client/model/HumanoidModel to metadata cache
[30Aug2025 03:42:22.927] [main/DEBUG] [net.neoforged.fml.common.asm.RuntimeDistCleaner/DISTXFORM]: Removing Class Annotation: net/minecraft/client/renderer/entity/player/PlayerRenderer @Lnet/neoforged/api/distmarker/OnlyIn;
[30Aug2025 03:42:22.928] [main/TRACE] [mixin/]: Added class metadata for net/minecraft/client/renderer/entity/player/PlayerRenderer to metadata cache
[30Aug2025 03:42:22.938] [main/TRACE] [mixin/]: Added class metadata for net/minecraft/world/level/lighting/LayerLightSectionStorage to metadata cache
[30Aug2025 03:42:22.939] [main/TRACE] [mixin/]: Added class metadata for dev/engine_room/flywheel/api/visualization/VisualizationManager$RenderDispatcher to metadata cache
[30Aug2025 03:42:22.940] [main/DEBUG] [net.neoforged.fml.common.asm.RuntimeDistCleaner/DISTXFORM]: Removing Class Annotation: com/mojang/blaze3d/vertex/PoseStack$Pose @Lnet/neoforged/api/distmarker/OnlyIn;
[30Aug2025 03:42:22.940] [main/TRACE] [mixin/]: Added class metadata for com/mojang/blaze3d/vertex/PoseStack$Pose to metadata cache
[30Aug2025 03:42:22.941] [main/TRACE] [mixin/]: Added class metadata for net/minecraft/world/level/storage/LevelStorageSource$LevelStorageAccess to metadata cache
[30Aug2025 03:42:22.942] [main/DEBUG] [net.neoforged.fml.common.asm.RuntimeDistCleaner/DISTXFORM]: Removing Class Annotation: com/mojang/blaze3d/vertex/VertexFormat$Mode @Lnet/neoforged/api/distmarker/OnlyIn;
[30Aug2025 03:42:22.942] [main/TRACE] [mixin/]: Added class metadata for com/mojang/blaze3d/vertex/VertexFormat$Mode to metadata cache
[30Aug2025 03:42:22.942] [main/DEBUG] [net.neoforged.accesstransformer.AccessTransformer/AXFORM]: Transforming net.minecraft.client.renderer.RenderType$CompositeState CLASS to access PUBLIC and LEAVE
[30Aug2025 03:42:22.943] [main/DEBUG] [net.neoforged.fml.common.asm.RuntimeDistCleaner/DISTXFORM]: Removing Class Annotation: net/minecraft/client/renderer/RenderType$CompositeState @Lnet/neoforged/api/distmarker/OnlyIn;
[30Aug2025 03:42:22.943] [main/TRACE] [mixin/]: Added class metadata for net/minecraft/client/renderer/RenderType$CompositeState to metadata cache
[30Aug2025 03:42:22.944] [main/DEBUG] [net.neoforged.accesstransformer.AccessTransformer/AXFORM]: Transforming net.minecraft.client.renderer.RenderType$CompositeRenderType CLASS to access PUBLIC and LEAVE
[30Aug2025 03:42:22.944] [main/DEBUG] [net.neoforged.fml.common.asm.RuntimeDistCleaner/DISTXFORM]: Removing Class Annotation: net/minecraft/client/renderer/RenderType$CompositeRenderType @Lnet/neoforged/api/distmarker/OnlyIn;
[30Aug2025 03:42:22.944] [main/TRACE] [mixin/]: Added class metadata for net/minecraft/client/renderer/RenderType$CompositeRenderType to metadata cache
[30Aug2025 03:42:22.945] [main/TRACE] [mixin/]: Added class metadata for com/github/talrey/createdeco/blocks/ShippingContainerBlock$Entity to metadata cache
[30Aug2025 03:42:22.947] [main/TRACE] [mixin/]: Added class metadata for java/lang/invoke/MethodHandles$Lookup to metadata cache
[30Aug2025 03:42:22.948] [main/TRACE] [mixin/]: Added class metadata for org/spongepowered/asm/mixin/injection/At$Shift to metadata cache
[30Aug2025 03:42:22.949] [main/TRACE] [mixin/]: Added class metadata for net/minecraft/core/HolderLookup$Provider to metadata cache
[30Aug2025 03:42:22.950] [main/TRACE] [mixin/]: Added class metadata for net/createmod/catnip/config/ConfigBase$ConfigBool to metadata cache
[30Aug2025 03:42:22.950] [main/TRACE] [mixin/]: Added class metadata for net/minecraft/world/item/enchantment/ItemEnchantments$Mutable to metadata cache
[30Aug2025 03:42:22.951] [main/TRACE] [mixin/]: Added class metadata for net/minecraft/core/Direction$Axis to metadata cache
[30Aug2025 03:42:22.951] [main/TRACE] [mixin/]: Added class metadata for net/minecraft/world/level/storage/loot/predicates/LootItemCondition$Builder to metadata cache
[30Aug2025 03:42:22.953] [main/TRACE] [mixin/]: Added class metadata for net/neoforged/neoforge/fluids/FluidInteractionRegistry$InteractionInformation to metadata cache
[30Aug2025 03:42:22.953] [main/DEBUG] [net.neoforged.accesstransformer.AccessTransformer/AXFORM]: Transforming net.minecraft.data.models.ItemModelGenerators$TrimModelData CLASS to access PUBLIC and LEAVE
[30Aug2025 03:42:22.953] [main/DEBUG] [net.neoforged.accesstransformer.AccessTransformer/AXFORM]: Transforming net.minecraft.data.models.ItemModelGenerators$TrimModelData METHOD <init>(Ljava/lang/String;FLjava/util/Map;)V to access PUBLIC and LEAVE
[30Aug2025 03:42:22.953] [main/TRACE] [mixin/]: Added class metadata for net/minecraft/data/models/ItemModelGenerators$TrimModelData to metadata cache
[30Aug2025 03:42:22.954] [main/TRACE] [mixin/]: Added class metadata for net/minecraft/core/Holder$Reference to metadata cache
[30Aug2025 03:42:22.954] [main/DEBUG] [net.neoforged.accesstransformer.AccessTransformer/AXFORM]: Transforming net.minecraft.world.item.alchemy.PotionBrewing$Mix CLASS to access PUBLIC and LEAVE
[30Aug2025 03:42:22.956] [main/TRACE] [mixin/]: Added class metadata for net/minecraft/world/item/alchemy/PotionBrewing$Mix to metadata cache
[30Aug2025 03:42:22.956] [main/TRACE] [mixin/]: Added class metadata for net/minecraft/world/item/ProjectileItem$DispenseConfig to metadata cache
[30Aug2025 03:42:22.956] [main/TRACE] [mixin/]: Added class metadata for com/simibubi/create/foundation/utility/DataFixerHelper$BlockPosFixer to metadata cache
[30Aug2025 03:42:22.956] [main/TRACE] [mixin/]: Added class metadata for com/mojang/datafixers/DSL$TypeReference to metadata cache
[30Aug2025 03:42:22.957] [main/TRACE] [mixin/]: Added class metadata for com/mojang/datafixers/DataFix to metadata cache
[30Aug2025 03:42:22.957] [main/DEBUG] [net.neoforged.accesstransformer.AccessTransformer/AXFORM]: Transforming net.minecraft.util.datafix.fixes.ItemStackComponentizationFix$ItemStackData CLASS to access PUBLIC and LEAVE
[30Aug2025 03:42:22.957] [main/TRACE] [mixin/]: Added class metadata for net/minecraft/util/datafix/fixes/ItemStackComponentizationFix$ItemStackData to metadata cache
[30Aug2025 03:42:22.959] [main/TRACE] [mixin/]: Added class metadata for com/simibubi/create/content/equipment/clipboard/ClipboardOverrides$ClipboardType to metadata cache
[30Aug2025 03:42:22.960] [main/TRACE] [mixin/]: Added class metadata for net/minecraft/world/level/levelgen/structure/templatesystem/StructureTemplate$StructureBlockInfo to metadata cache
[30Aug2025 03:42:22.960] [main/DEBUG] [net.neoforged.fml.common.asm.RuntimeDistCleaner/DISTXFORM]: Removing Class Annotation: net/minecraft/client/model/HumanoidModel$ArmPose @Lnet/neoforged/api/distmarker/OnlyIn;
[30Aug2025 03:42:22.960] [main/TRACE] [mixin/]: Added class metadata for net/minecraft/client/model/HumanoidModel$ArmPose to metadata cache
[30Aug2025 03:42:22.964] [main/DEBUG] [mixin/]: Prepared 99 mixins in 0.481 sec (4.9ms avg) (0ms load, 0ms transform, 0ms plugin)
[30Aug2025 03:42:23.076] [main/DEBUG] [io.netty.util.internal.logging.InternalLoggerFactory/]: Using SLF4J as the default logging framework
[30Aug2025 03:42:23.085] [main/DEBUG] [io.netty.util.ResourceLeakDetector/]: -Dio.netty.leakDetection.level: simple
[30Aug2025 03:42:23.087] [main/DEBUG] [io.netty.util.ResourceLeakDetector/]: -Dio.netty.leakDetection.targetRecords: 4
[30Aug2025 03:42:23.200] [main/INFO] [MixinExtras|Service/]: Initializing MixinExtras via com.llamalad7.mixinextras.service.MixinExtrasServiceImpl(version=0.4.1).
[30Aug2025 03:42:23.200] [main/DEBUG] [mixin/]: Registering new injector for @SugarWrapper with com.llamalad7.mixinextras.sugar.impl.SugarWrapperInjectionInfo
[30Aug2025 03:42:23.202] [main/DEBUG] [mixin/]: Registering new injector for @FactoryRedirectWrapper with com.llamalad7.mixinextras.wrapper.factory.FactoryRedirectWrapperInjectionInfo
[30Aug2025 03:42:23.208] [main/DEBUG] [mixin/]: Mixing accessor.NbtAccounterAccessor from create.mixins.json into net.minecraft.nbt.NbtAccounter
[30Aug2025 03:42:23.278] [main/INFO] [net.neoforged.neoforge.data.loading.DatagenModLoader/]: Initializing Data Gatherer for mods [createdeco]
[30Aug2025 03:42:23.282] [main/DEBUG] [mixin/]: Mixing BuiltInRegistriesMixin from create.mixins.json into net.minecraft.core.registries.BuiltInRegistries
[30Aug2025 03:42:23.287] [main/DEBUG] [mixin/]: Renaming synthetic method lambda$create$ourRegistriesAreNotEmpty$0(Ljava/util/function/Consumer;Lnet/minecraft/core/Registry;)V to md5a1df6$create$lambda$create$ourRegistriesAreNotEmpty$0$0 in create.mixins.json:BuiltInRegistriesMixin from mod create
[30Aug2025 03:42:23.360] [main/DEBUG] [mixin/]: Mixing MappedRegistryAccessor from neoforge.mixins.json into net.minecraft.core.MappedRegistry
[30Aug2025 03:42:23.362] [main/DEBUG] [mixin/]: Mixing accessor.MappedRegistryAccessor from create.mixins.json into net.minecraft.core.MappedRegistry
[30Aug2025 03:42:23.674] [main/DEBUG] [mixin/]: Mixing BlockMixin from create.mixins.json into net.minecraft.world.level.block.Block
[30Aug2025 03:42:23.696] [main/DEBUG] [mixin/]: Mixing accessor.BlockBehaviourAccessor from create.mixins.json into net.minecraft.world.level.block.state.BlockBehaviour
[30Aug2025 03:42:23.717] [main/DEBUG] [mixin/]: Mixing EntityTypeMixin from flywheel.impl.mixins.json into net.minecraft.world.entity.EntityType
[30Aug2025 03:42:23.764] [main/DEBUG] [mixin/]: Mixing PlayerMixin from create.mixins.json into net.minecraft.world.entity.player.Player
[30Aug2025 03:42:23.821] [main/DEBUG] [mixin/]: Mixing CustomItemUseEffectsMixin from create.mixins.json into net.minecraft.world.entity.LivingEntity
[30Aug2025 03:42:23.834] [main/DEBUG] [mixin/]: Mixing LavaSwimmingMixin from create.mixins.json into net.minecraft.world.entity.LivingEntity
[30Aug2025 03:42:23.839] [main/DEBUG] [mixin/]: Mixing accessor.LivingEntityAccessor from create.mixins.json into net.minecraft.world.entity.LivingEntity
[30Aug2025 03:42:23.853] [main/DEBUG] [mixin/]: create.mixins.json:CustomItemUseEffectsMixin from mod create->@Inject::create$onShouldTriggerUseEffects(Lorg/spongepowered/asm/mixin/injection/callback/CallbackInfoReturnable;)V does use it's CallbackInfoReturnable
[30Aug2025 03:42:23.853] [main/DEBUG] [mixin/]: create.mixins.json:CustomItemUseEffectsMixin from mod create->@Inject::create$onTriggerUseEffects(Lnet/minecraft/world/item/ItemStack;ILorg/spongepowered/asm/mixin/injection/callback/CallbackInfo;)V does use it's CallbackInfo
[30Aug2025 03:42:23.855] [main/DEBUG] [mixin/]: create.mixins.json:LavaSwimmingMixin from mod create->@Inject::create$onLavaTravel(Lnet/minecraft/world/phys/Vec3;Lorg/spongepowered/asm/mixin/injection/callback/CallbackInfo;)V doesn't use it's CallbackInfo
[30Aug2025 03:42:23.855] [main/DEBUG] [mixin/]: create.mixins.json:LavaSwimmingMixin from mod create->@Inject::create$onLavaTravel(Lnet/minecraft/world/phys/Vec3;Lorg/spongepowered/asm/mixin/injection/callback/CallbackInfo;)V has 0 override(s) in child classes
[30Aug2025 03:42:23.855] [main/DEBUG] [mixin/]: create.mixins.json:LavaSwimmingMixin from mod create->@Inject::create$onLavaTravel(Lnet/minecraft/world/phys/Vec3;Lorg/spongepowered/asm/mixin/injection/callback/CallbackInfo;)V won't be passed a CallbackInfo as a result
[30Aug2025 03:42:23.879] [main/DEBUG] [mixin/]: Mixing accessor.EntityAccessor from ponder-common.mixins.json into net.minecraft.world.entity.Entity
[30Aug2025 03:42:23.879] [main/DEBUG] [mixin/]: ponder-common.mixins.json:accessor.EntityAccessor from mod ponder: Class version 65 required is higher than the class version supported by the current version of Mixin (JAVA_17 supports class version 61)
[30Aug2025 03:42:23.881] [main/DEBUG] [mixin/]: Mixing client.EntityContraptionInteractionMixin from create.mixins.json into net.minecraft.world.entity.Entity
[30Aug2025 03:42:23.881] [main/DEBUG] [mixin/]: Renaming synthetic method lambda$create$onSpawnSprintParticle$4(Lnet/minecraft/world/entity/Entity;Lnet/minecraft/core/BlockPos;Lcom/simibubi/create/content/contraptions/Contraption;Lnet/minecraft/world/level/block/state/BlockState;Lnet/minecraft/core/BlockPos;)V to md5a1df6$create$lambda$create$onSpawnSprintParticle$4$0 in create.mixins.json:client.EntityContraptionInteractionMixin from mod create
[30Aug2025 03:42:23.882] [main/DEBUG] [mixin/]: Renaming synthetic method lambda$create$onMove$3(Lnet/minecraft/world/phys/Vec3;Lnet/minecraft/world/entity/Entity;Lcom/simibubi/create/content/contraptions/AbstractContraptionEntity;)Z to md5a1df6$create$lambda$create$onMove$3$1 in create.mixins.json:client.EntityContraptionInteractionMixin from mod create
[30Aug2025 03:42:23.882] [main/DEBUG] [mixin/]: Renaming synthetic method lambda$create$contraptionStepSounds$2(Lorg/apache/commons/lang3/mutable/MutableBoolean;Lcom/simibubi/create/content/contraptions/Contraption;Lnet/minecraft/world/level/block/state/BlockState;Lnet/minecraft/core/BlockPos;)V to md5a1df6$create$lambda$create$contraptionStepSounds$2$2 in create.mixins.json:client.EntityContraptionInteractionMixin from mod create
[30Aug2025 03:42:23.882] [main/DEBUG] [mixin/]: Renaming synthetic method lambda$create$forCollision$1(Lnet/minecraft/world/phys/Vec3;Lorg/apache/logging/log4j/util/TriConsumer;Lcom/simibubi/create/content/contraptions/AbstractContraptionEntity;)V to md5a1df6$create$lambda$create$forCollision$1$3 in create.mixins.json:client.EntityContraptionInteractionMixin from mod create
[30Aug2025 03:42:23.882] [main/DEBUG] [mixin/]: Renaming synthetic method lambda$create$getIntersectionContraptionsStream$0(Lcom/simibubi/create/content/contraptions/AbstractContraptionEntity;)Z to md5a1df6$create$lambda$create$getIntersectionContraptionsStream$0$4 in create.mixins.json:client.EntityContraptionInteractionMixin from mod create
[30Aug2025 03:42:23.936] [main/DEBUG] [mixin/]: Mixing EntityMixin from create.mixins.json into net.minecraft.world.entity.Entity
[30Aug2025 03:42:23.974] [main/DEBUG] [mixin/]: create.mixins.json:client.EntityContraptionInteractionMixin from mod create->@Inject::create$contraptionStepSounds(Lnet/minecraft/world/entity/MoverType;Lnet/minecraft/world/phys/Vec3;Lorg/spongepowered/asm/mixin/injection/callback/CallbackInfo;)V doesn't use it's CallbackInfo
[30Aug2025 03:42:23.974] [main/DEBUG] [mixin/]: create.mixins.json:client.EntityContraptionInteractionMixin from mod create->@Inject::create$contraptionStepSounds(Lnet/minecraft/world/entity/MoverType;Lnet/minecraft/world/phys/Vec3;Lorg/spongepowered/asm/mixin/injection/callback/CallbackInfo;)V has 0 override(s) in child classes
[30Aug2025 03:42:23.974] [main/DEBUG] [mixin/]: create.mixins.json:client.EntityContraptionInteractionMixin from mod create->@Inject::create$contraptionStepSounds(Lnet/minecraft/world/entity/MoverType;Lnet/minecraft/world/phys/Vec3;Lorg/spongepowered/asm/mixin/injection/callback/CallbackInfo;)V won't be passed a CallbackInfo as a result
[30Aug2025 03:42:23.975] [main/DEBUG] [mixin/]: create.mixins.json:client.EntityContraptionInteractionMixin from mod create->@Inject::create$onMove(Lnet/minecraft/world/entity/MoverType;Lnet/minecraft/world/phys/Vec3;Lorg/spongepowered/asm/mixin/injection/callback/CallbackInfo;)V doesn't use it's CallbackInfo
[30Aug2025 03:42:23.975] [main/DEBUG] [mixin/]: create.mixins.json:client.EntityContraptionInteractionMixin from mod create->@Inject::create$onMove(Lnet/minecraft/world/entity/MoverType;Lnet/minecraft/world/phys/Vec3;Lorg/spongepowered/asm/mixin/injection/callback/CallbackInfo;)V has 0 override(s) in child classes
[30Aug2025 03:42:23.976] [main/DEBUG] [mixin/]: create.mixins.json:client.EntityContraptionInteractionMixin from mod create->@Inject::create$onMove(Lnet/minecraft/world/entity/MoverType;Lnet/minecraft/world/phys/Vec3;Lorg/spongepowered/asm/mixin/injection/callback/CallbackInfo;)V won't be passed a CallbackInfo as a result
[30Aug2025 03:42:23.977] [main/DEBUG] [mixin/]: create.mixins.json:client.EntityContraptionInteractionMixin from mod create->@Inject::create$onSpawnSprintParticle(Lorg/spongepowered/asm/mixin/injection/callback/CallbackInfo;)V doesn't use it's CallbackInfo
[30Aug2025 03:42:23.977] [main/DEBUG] [mixin/]: create.mixins.json:client.EntityContraptionInteractionMixin from mod create->@Inject::create$onSpawnSprintParticle(Lorg/spongepowered/asm/mixin/injection/callback/CallbackInfo;)V has 0 override(s) in child classes
[30Aug2025 03:42:23.977] [main/DEBUG] [mixin/]: create.mixins.json:client.EntityContraptionInteractionMixin from mod create->@Inject::create$onSpawnSprintParticle(Lorg/spongepowered/asm/mixin/injection/callback/CallbackInfo;)V won't be passed a CallbackInfo as a result
[30Aug2025 03:42:24.053] [main/DEBUG] [io.netty.util.internal.PlatformDependent0/]: -Dio.netty.noUnsafe: false
[30Aug2025 03:42:24.053] [main/DEBUG] [io.netty.util.internal.PlatformDependent0/]: Java version: 21
[30Aug2025 03:42:24.054] [main/DEBUG] [io.netty.util.internal.PlatformDependent0/]: sun.misc.Unsafe.theUnsafe: available
[30Aug2025 03:42:24.055] [main/DEBUG] [io.netty.util.internal.PlatformDependent0/]: sun.misc.Unsafe.copyMemory: available
[30Aug2025 03:42:24.055] [main/DEBUG] [io.netty.util.internal.PlatformDependent0/]: sun.misc.Unsafe.storeFence: available
[30Aug2025 03:42:24.056] [main/DEBUG] [io.netty.util.internal.PlatformDependent0/]: java.nio.Buffer.address: available
[30Aug2025 03:42:24.057] [main/DEBUG] [io.netty.util.internal.PlatformDependent0/]: java.nio.Bits.unaligned: available, true
[30Aug2025 03:42:24.059] [main/DEBUG] [io.netty.util.internal.PlatformDependent0/]: java.nio.DirectByteBuffer.<init>(long, {int,long}): unavailable
[30Aug2025 03:42:24.059] [main/DEBUG] [io.netty.util.internal.PlatformDependent/]: sun.misc.Unsafe: available
[30Aug2025 03:42:24.060] [main/DEBUG] [io.netty.util.internal.PlatformDependent/]: maxDirectMemory: 8573157376 bytes (maybe)
[30Aug2025 03:42:24.060] [main/DEBUG] [io.netty.util.internal.PlatformDependent/]: -Dio.netty.tmpdir: C:\Users\micha\AppData\Local\Temp (java.io.tmpdir)
[30Aug2025 03:42:24.061] [main/DEBUG] [io.netty.util.internal.PlatformDependent/]: -Dio.netty.bitMode: 64 (sun.arch.data.model)
[30Aug2025 03:42:24.061] [main/DEBUG] [io.netty.util.internal.PlatformDependent/]: Platform: Windows
[30Aug2025 03:42:24.062] [main/DEBUG] [io.netty.util.internal.PlatformDependent/]: -Dio.netty.maxDirectMemory: -1 bytes
[30Aug2025 03:42:24.062] [main/DEBUG] [io.netty.util.internal.PlatformDependent/]: -Dio.netty.uninitializedArrayAllocationThreshold: -1
[30Aug2025 03:42:24.063] [main/DEBUG] [io.netty.util.internal.CleanerJava9/]: java.nio.ByteBuffer.cleaner(): available
[30Aug2025 03:42:24.064] [main/DEBUG] [io.netty.util.internal.PlatformDependent/]: -Dio.netty.noPreferDirect: false
[30Aug2025 03:42:24.074] [main/DEBUG] [mixin/]: Mixing accessor.StateHolderAccessor from create.mixins.json into net.minecraft.world.level.block.state.StateHolder
[30Aug2025 03:42:24.100] [main/DEBUG] [mixin/]: Mixing LevelMixin from flywheel.impl.mixins.json into net.minecraft.world.level.Level
[30Aug2025 03:42:24.108] [main/DEBUG] [mixin/]: Mixing accessor.ServerLevelAccessor from create.mixins.json into net.minecraft.server.level.ServerLevel
[30Aug2025 03:42:24.346] [main/DEBUG] [mixin/]: Mixing accessor.DispenserBlockAccessor from create.mixins.json into net.minecraft.world.level.block.DispenserBlock
[30Aug2025 03:42:24.361] [main/DEBUG] [mixin/]: Mixing accessor.CropBlockAccessor from create.mixins.json into net.minecraft.world.level.block.CropBlock
[30Aug2025 03:42:24.426] [main/DEBUG] [mixin/]: Mixing accessor.ConcretePowderBlockAccessor from create.mixins.json into net.minecraft.world.level.block.ConcretePowderBlock
[30Aug2025 03:42:24.446] [main/DEBUG] [mixin/]: Mixing BeehiveBlockMixin from create.mixins.json into net.minecraft.world.level.block.BeehiveBlock
[30Aug2025 03:42:24.474] [main/DEBUG] [mixin/]: Mixing ShulkerBoxBlockMixin from create.mixins.json into net.minecraft.world.level.block.ShulkerBoxBlock
[30Aug2025 03:42:24.528] [main/DEBUG] [mixin/]: Mixing WaterWheelFluidSpreadMixin from create.mixins.json into net.minecraft.world.level.material.FlowingFluid
[30Aug2025 03:42:24.539] [main/DEBUG] [mixin/]: Mixing accessor.FlowingFluidAccessor from create.mixins.json into net.minecraft.world.level.material.FlowingFluid
[30Aug2025 03:42:24.542] [main/DEBUG] [mixin/]: create.mixins.json:WaterWheelFluidSpreadMixin from mod create->@Inject::create$canPassThroughOnWaterWheel(Lnet/minecraft/world/level/BlockGetter;Lnet/minecraft/world/level/material/Fluid;Lnet/minecraft/core/BlockPos;Lnet/minecraft/world/level/block/state/BlockState;Lnet/minecraft/core/Direction;Lnet/minecraft/core/BlockPos;Lnet/minecraft/world/level/block/state/BlockState;Lnet/minecraft/world/level/material/FluidState;Lorg/spongepowered/asm/mixin/injection/callback/CallbackInfoReturnable;)V does use it's CallbackInfoReturnable
[30Aug2025 03:42:24.626] [main/DEBUG] [mixin/]: Mixing visualmanage.BlockEntityMixin from flywheel.impl.mixins.json into net.minecraft.world.level.block.entity.BlockEntity
[30Aug2025 03:42:24.627] [main/DEBUG] [mixin/]: flywheel.impl.mixins.json:visualmanage.BlockEntityMixin from mod flywheel->@Inject::flywheel$removeVisual(Lorg/spongepowered/asm/mixin/injection/callback/CallbackInfo;)V doesn't use it's CallbackInfo
[30Aug2025 03:42:24.628] [main/DEBUG] [mixin/]: flywheel.impl.mixins.json:visualmanage.BlockEntityMixin from mod flywheel->@Inject::flywheel$removeVisual(Lorg/spongepowered/asm/mixin/injection/callback/CallbackInfo;)V has 0 override(s) in child classes
[30Aug2025 03:42:24.628] [main/DEBUG] [mixin/]: flywheel.impl.mixins.json:visualmanage.BlockEntityMixin from mod flywheel->@Inject::flywheel$removeVisual(Lorg/spongepowered/asm/mixin/injection/callback/CallbackInfo;)V won't be passed a CallbackInfo as a result
[30Aug2025 03:42:24.630] [main/DEBUG] [mixin/]: Mixing accessor.FallingBlockEntityAccessor from create.mixins.json into net.minecraft.world.entity.item.FallingBlockEntity
[30Aug2025 03:42:24.630] [main/DEBUG] [mixin/]: Renaming @Invoker method create$callInit(Lnet/minecraft/world/level/Level;DDDLnet/minecraft/world/level/block/state/BlockState;)Lnet/minecraft/world/entity/item/FallingBlockEntity; to callInit$create_$md$5a1df6$0 in create.mixins.json:accessor.FallingBlockEntityAccessor from mod create
[30Aug2025 03:42:24.838] [main/DEBUG] [mixin/]: Mixing accessor.MobEffectInstanceAccessor from create.mixins.json into net.minecraft.world.effect.MobEffectInstance
[30Aug2025 03:42:24.879] [main/DEBUG] [mixin/]: Mixing MobMixin from create.mixins.json into net.minecraft.world.entity.Mob
[30Aug2025 03:42:24.935] [main/DEBUG] [mixin/]: Mixing BlockEntityTypeMixin from flywheel.impl.mixins.json into net.minecraft.world.level.block.entity.BlockEntityType
[30Aug2025 03:42:24.937] [main/DEBUG] [mixin/]: Mixing BlockEntityTypeAccessor from neoforge.mixins.json into net.minecraft.world.level.block.entity.BlockEntityType
[30Aug2025 03:42:25.305] [main/DEBUG] [mixin/]: Mixing SmithingMenuMixin from create.mixins.json into net.minecraft.world.inventory.SmithingMenu
[30Aug2025 03:42:25.305] [main/DEBUG] [mixin/]: Renaming synthetic method lambda$create$preventUnbreakingOnBacktanks$0(Lnet/minecraft/world/item/ItemStack;Lnet/minecraft/core/Holder;)Z to md5a1df6$create$lambda$create$preventUnbreakingOnBacktanks$0$0 in create.mixins.json:SmithingMenuMixin from mod create
[30Aug2025 03:42:25.310] [main/DEBUG] [mixin/]: create.mixins.json:SmithingMenuMixin from mod create->@Inject::create$awardAdvancementWhenTrimmingCardboardArmor(Lnet/minecraft/world/entity/player/Player;Lnet/minecraft/world/item/ItemStack;Lorg/spongepowered/asm/mixin/injection/callback/CallbackInfo;)V doesn't use it's CallbackInfo
[30Aug2025 03:42:25.310] [main/DEBUG] [mixin/]: create.mixins.json:SmithingMenuMixin from mod create->@Inject::create$awardAdvancementWhenTrimmingCardboardArmor(Lnet/minecraft/world/entity/player/Player;Lnet/minecraft/world/item/ItemStack;Lorg/spongepowered/asm/mixin/injection/callback/CallbackInfo;)V has 0 override(s) in child classes
[30Aug2025 03:42:25.310] [main/DEBUG] [mixin/]: create.mixins.json:SmithingMenuMixin from mod create->@Inject::create$awardAdvancementWhenTrimmingCardboardArmor(Lnet/minecraft/world/entity/player/Player;Lnet/minecraft/world/item/ItemStack;Lorg/spongepowered/asm/mixin/injection/callback/CallbackInfo;)V won't be passed a CallbackInfo as a result
[30Aug2025 03:42:25.956] [main/DEBUG] [mixin/]: Mixing BlockItemMixin from create.mixins.json into net.minecraft.world.item.BlockItem
[30Aug2025 03:42:25.959] [main/DEBUG] [mixin/]: create.mixins.json:BlockItemMixin from mod create->@Inject::create$fixDeployerPlacement(Lnet/minecraft/world/item/context/BlockPlaceContext;Lorg/spongepowered/asm/mixin/injection/callback/CallbackInfoReturnable;)V does use it's CallbackInfoReturnable
[30Aug2025 03:42:26.106] [main/DEBUG] [mixin/]: Mixing ArmorTrimMixin from create.mixins.json into net.minecraft.world.item.armortrim.ArmorTrim
[30Aug2025 03:42:26.107] [main/DEBUG] [mixin/]: Renaming synthetic method lambda$new$0(Ljava/lang/Boolean;Lnet/minecraft/core/Holder;)Lnet/minecraft/resources/ResourceLocation; to md5a1df6$create$lambda$new$0$0 in create.mixins.json:ArmorTrimMixin from mod create
[30Aug2025 03:42:26.112] [main/DEBUG] [mixin/]: create.mixins.json:ArmorTrimMixin from mod create->@Inject::create$swapTexturesForCardboardTrimsInner(Lnet/minecraft/core/Holder;Lorg/spongepowered/asm/mixin/injection/callback/CallbackInfoReturnable;)V does use it's CallbackInfoReturnable
[30Aug2025 03:42:26.112] [main/DEBUG] [mixin/]: create.mixins.json:ArmorTrimMixin from mod create->@Inject::create$swapTexturesForCardboardTrimsOuter(Lnet/minecraft/core/Holder;Lorg/spongepowered/asm/mixin/injection/callback/CallbackInfoReturnable;)V does use it's CallbackInfoReturnable
[30Aug2025 03:42:26.131] [main/DEBUG] [mixin/]: Mixing visualmanage.LevelChunkMixin from flywheel.impl.mixins.json into net.minecraft.world.level.chunk.LevelChunk
[30Aug2025 03:42:26.134] [main/DEBUG] [mixin/]: flywheel.impl.mixins.json:visualmanage.LevelChunkMixin from mod flywheel->@Inject::flywheel$onBlockEntityAdded(Lnet/minecraft/world/level/block/entity/BlockEntity;Lorg/spongepowered/asm/mixin/injection/callback/CallbackInfo;)V doesn't use it's CallbackInfo
[30Aug2025 03:42:26.134] [main/DEBUG] [mixin/]: flywheel.impl.mixins.json:visualmanage.LevelChunkMixin from mod flywheel->@Inject::flywheel$onBlockEntityAdded(Lnet/minecraft/world/level/block/entity/BlockEntity;Lorg/spongepowered/asm/mixin/injection/callback/CallbackInfo;)V has 0 override(s) in child classes
[30Aug2025 03:42:26.134] [main/DEBUG] [mixin/]: flywheel.impl.mixins.json:visualmanage.LevelChunkMixin from mod flywheel->@Inject::flywheel$onBlockEntityAdded(Lnet/minecraft/world/level/block/entity/BlockEntity;Lorg/spongepowered/asm/mixin/injection/callback/CallbackInfo;)V won't be passed a CallbackInfo as a result
[30Aug2025 03:42:26.179] [main/DEBUG] [mixin/]: Mixing accessor.UseOnContextAccessor from create.mixins.json into net.minecraft.world.item.context.UseOnContext
[30Aug2025 03:42:26.269] [main/DEBUG] [mixin/]: Mixing datafixer.BlockPosFormatAndRenamesFixMixin from create.mixins.json into net.minecraft.util.datafix.fixes.BlockPosFormatAndRenamesFix
[30Aug2025 03:42:26.271] [main/DEBUG] [mixin/]: Renaming synthetic method lambda$create$addFixers$2(Lcom/mojang/datafixers/OpticFinder;Lcom/simibubi/create/foundation/utility/DataFixerHelper$BlockPosFixer;Lcom/mojang/datafixers/Typed;)Lcom/mojang/datafixers/Typed; to md5a1df6$create$lambda$create$addFixers$2$0 in create.mixins.json:datafixer.BlockPosFormatAndRenamesFixMixin from mod create
[30Aug2025 03:42:26.271] [main/DEBUG] [mixin/]: Renaming synthetic method lambda$create$addFixers$1(Lcom/simibubi/create/foundation/utility/DataFixerHelper$BlockPosFixer;Lcom/mojang/datafixers/Typed;)Lcom/mojang/datafixers/Typed; to md5a1df6$create$lambda$create$addFixers$1$1 in create.mixins.json:datafixer.BlockPosFormatAndRenamesFixMixin from mod create
[30Aug2025 03:42:26.271] [main/DEBUG] [mixin/]: Renaming synthetic method lambda$create$addFixers$0(Lcom/simibubi/create/foundation/utility/DataFixerHelper$BlockPosFixer;Lcom/mojang/serialization/Dynamic;)Lcom/mojang/serialization/Dynamic; to md5a1df6$create$lambda$create$addFixers$0$2 in create.mixins.json:datafixer.BlockPosFormatAndRenamesFixMixin from mod create
[30Aug2025 03:42:26.275] [main/DEBUG] [mixin/]: create.mixins.json:datafixer.BlockPosFormatAndRenamesFixMixin from mod create->@Inject::create$addFixers(Lorg/spongepowered/asm/mixin/injection/callback/CallbackInfoReturnable;)V doesn't use it's CallbackInfoReturnable
[30Aug2025 03:42:26.275] [main/DEBUG] [mixin/]: create.mixins.json:datafixer.BlockPosFormatAndRenamesFixMixin from mod create->@Inject::create$addFixers(Lorg/spongepowered/asm/mixin/injection/callback/CallbackInfoReturnable;)V has 0 override(s) in child classes
[30Aug2025 03:42:26.275] [main/DEBUG] [mixin/]: create.mixins.json:datafixer.BlockPosFormatAndRenamesFixMixin from mod create->@Inject::create$addFixers(Lorg/spongepowered/asm/mixin/injection/callback/CallbackInfoReturnable;)V won't be passed a CallbackInfoReturnable as a result
[30Aug2025 03:42:26.279] [main/DEBUG] [mixin/]: Mixing datafixer.ItemStackComponentizationFixMixin from create.mixins.json into net.minecraft.util.datafix.fixes.ItemStackComponentizationFix
[30Aug2025 03:42:26.279] [main/DEBUG] [mixin/]: Renaming synthetic method lambda$create$moveItemStackHandlerToItemContainerContents$4(Lcom/mojang/serialization/Dynamic;Lnet/minecraft/util/datafix/fixes/ItemStackComponentizationFix$ItemStackData;Ljava/lang/String;Lcom/mojang/serialization/Dynamic;)V to md5a1df6$create$lambda$create$moveItemStackHandlerToItemContainerContents$4$0 in create.mixins.json:datafixer.ItemStackComponentizationFixMixin from mod create
[30Aug2025 03:42:26.279] [main/DEBUG] [mixin/]: Renaming synthetic method lambda$create$moveItemStackHandlerToItemContainerContents$3(Lcom/mojang/serialization/Dynamic;Ljava/util/List;Lcom/mojang/serialization/Dynamic;)V to md5a1df6$create$lambda$create$moveItemStackHandlerToItemContainerContents$3$1 in create.mixins.json:datafixer.ItemStackComponentizationFixMixin from mod create
[30Aug2025 03:42:26.279] [main/DEBUG] [mixin/]: Renaming synthetic method lambda$create$moveTagToEnumComponent$2([Ljava/lang/Enum;Lnet/minecraft/util/datafix/fixes/ItemStackComponentizationFix$ItemStackData;Ljava/lang/String;Lcom/mojang/serialization/Dynamic;)V to md5a1df6$create$lambda$create$moveTagToEnumComponent$2$2 in create.mixins.json:datafixer.ItemStackComponentizationFixMixin from mod create
[30Aug2025 03:42:26.279] [main/DEBUG] [mixin/]: Renaming synthetic method lambda$create$fixItemsAndTranslateNBTIntoComponents$1(Lnet/minecraft/util/datafix/fixes/ItemStackComponentizationFix$ItemStackData;Lcom/mojang/serialization/Dynamic;)V to md5a1df6$create$lambda$create$fixItemsAndTranslateNBTIntoComponents$1$3 in create.mixins.json:datafixer.ItemStackComponentizationFixMixin from mod create
[30Aug2025 03:42:26.279] [main/DEBUG] [mixin/]: Renaming synthetic method lambda$create$fixItemsAndTranslateNBTIntoComponents$0(Lcom/mojang/serialization/Dynamic;Lnet/minecraft/util/datafix/fixes/ItemStackComponentizationFix$ItemStackData;Lcom/mojang/serialization/Dynamic;)V to md5a1df6$create$lambda$create$fixItemsAndTranslateNBTIntoComponents$0$4 in create.mixins.json:datafixer.ItemStackComponentizationFixMixin from mod create
[30Aug2025 03:42:26.294] [main/DEBUG] [mixin/]: create.mixins.json:datafixer.ItemStackComponentizationFixMixin from mod create->@Inject::create$fixItemsAndTranslateNBTIntoComponents(Lnet/minecraft/util/datafix/fixes/ItemStackComponentizationFix$ItemStackData;Lcom/mojang/serialization/Dynamic;Lorg/spongepowered/asm/mixin/injection/callback/CallbackInfo;)V doesn't use it's CallbackInfo
[30Aug2025 03:42:26.519] [main/DEBUG] [mixin/]: Mixing datafixer.V1460Mixin from create.mixins.json into net.minecraft.util.datafix.schemas.V1460
[30Aug2025 03:42:26.520] [main/DEBUG] [mixin/]: create.mixins.json:datafixer.V1460Mixin from mod create->@Inject::create$registerEntitiesToBeFixed(Lcom/mojang/datafixers/schemas/Schema;Lorg/spongepowered/asm/mixin/injection/callback/CallbackInfoReturnable;)V does use it's CallbackInfoReturnable
[30Aug2025 03:42:26.520] [main/DEBUG] [mixin/]: create.mixins.json:datafixer.V1460Mixin from mod create->@Inject::create$registerBlockEntitiesToBeFixed(Lcom/mojang/datafixers/schemas/Schema;Lorg/spongepowered/asm/mixin/injection/callback/CallbackInfoReturnable;)V does use it's CallbackInfoReturnable
[30Aug2025 03:42:26.759] [main/DEBUG] [mixin/]: Mixing accessor.MinecartFurnaceAccessor from create.mixins.json into net.minecraft.world.entity.vehicle.MinecartFurnace
[30Aug2025 03:42:27.327] [main/DEBUG] [mixin/]: Mixing accessor.ProjectileDispenseBehaviorAccessor from create.mixins.json into net.minecraft.core.dispenser.ProjectileDispenseBehavior
[30Aug2025 03:42:27.426] [main/DEBUG] [mixin/]: Mixing accessor.ShapedRecipeAccessor from create.mixins.json into net.minecraft.world.item.crafting.ShapedRecipe
[30Aug2025 03:42:27.547] [main/DEBUG] [mixin/]: Mixing EnchantedCountIncreaseFunctionMixin from create.mixins.json into net.minecraft.world.level.storage.loot.functions.EnchantedCountIncreaseFunction
[30Aug2025 03:42:27.551] [main/DEBUG] [mixin/]: create.mixins.json:EnchantedCountIncreaseFunctionMixin from mod create->@Inject::fireWithoutAttackingEntity(Lnet/minecraft/world/item/ItemStack;Lnet/minecraft/world/level/storage/loot/LootContext;Lorg/spongepowered/asm/mixin/injection/callback/CallbackInfoReturnable;)V doesn't use it's CallbackInfoReturnable
[30Aug2025 03:42:27.551] [main/DEBUG] [mixin/]: create.mixins.json:EnchantedCountIncreaseFunctionMixin from mod create->@Inject::fireWithoutAttackingEntity(Lnet/minecraft/world/item/ItemStack;Lnet/minecraft/world/level/storage/loot/LootContext;Lorg/spongepowered/asm/mixin/injection/callback/CallbackInfoReturnable;)V has 0 override(s) in child classes
[30Aug2025 03:42:27.551] [main/DEBUG] [mixin/]: create.mixins.json:EnchantedCountIncreaseFunctionMixin from mod create->@Inject::fireWithoutAttackingEntity(Lnet/minecraft/world/item/ItemStack;Lnet/minecraft/world/level/storage/loot/LootContext;Lorg/spongepowered/asm/mixin/injection/callback/CallbackInfoReturnable;)V won't be passed a CallbackInfoReturnable as a result
[30Aug2025 03:42:28.221] [main/DEBUG] [net.neoforged.neoforge.registries.GameData/REGISTRIES]: Creating vanilla freeze snapshot
[30Aug2025 03:42:28.248] [main/DEBUG] [net.neoforged.neoforge.registries.GameData/REGISTRIES]: Vanilla freeze snapshot created
[30Aug2025 03:42:28.251] [main/DEBUG] [net.neoforged.fml.ModWorkManager/LOADING]: Using 24 threads for parallel mod-loading
[30Aug2025 03:42:28.265] [main/DEBUG] [net.neoforged.fml.javafmlmod.FMLModContainer/LOADING]: Creating FMLModContainer instance for [dev.engine_room.flywheel.impl.FlywheelNeoForge]
[30Aug2025 03:42:28.276] [main/DEBUG] [net.neoforged.fml.javafmlmod.FMLModContainer/LOADING]: Creating FMLModContainer instance for [net.createmod.ponder.NeoForgePonder, net.createmod.ponder.NeoForgePonderClient]
[30Aug2025 03:42:28.277] [main/DEBUG] [net.neoforged.fml.javafmlmod.FMLModContainer/LOADING]: Creating FMLModContainer instance for [com.simibubi.create.Create, com.simibubi.create.CreateClient]
[30Aug2025 03:42:28.277] [main/DEBUG] [net.neoforged.fml.javafmlmod.FMLModContainer/LOADING]: Creating FMLModContainer instance for [com.github.talrey.createdeco.CreateDecoMod]
[30Aug2025 03:42:28.279] [main/DEBUG] [net.neoforged.fml.javafmlmod.FMLModContainer/LOADING]: Creating FMLModContainer instance for [net.neoforged.neoforge.common.NeoForgeMod, net.neoforged.neoforge.client.ClientNeoForgeMod]
[30Aug2025 03:42:28.314] [modloading-worker-0/DEBUG] [net.neoforged.neoforge.internal.versions.neoforge.NeoForgeVersion/CORE]: Found NeoForge version 21.1.193
[30Aug2025 03:42:28.314] [modloading-worker-0/DEBUG] [net.neoforged.neoforge.internal.versions.neoforge.NeoForgeVersion/CORE]: Found FML version 4.0.41
[30Aug2025 03:42:28.314] [modloading-worker-0/INFO] [net.neoforged.neoforge.common.NeoForgeMod/NEOFORGE-MOD]: NeoForge mod loading, version 21.1.193, for MC 1.21.1
[30Aug2025 03:42:28.319] [modloading-worker-0/DEBUG] [net.neoforged.fml.config.ConfigTracker/CONFIG]: Config file flywheel-client.toml for flywheel tracking
[30Aug2025 03:42:28.328] [modloading-worker-0/DEBUG] [net.neoforged.fml.config.ConfigTracker/CONFIG]: Config file neoforge-client.toml for neoforge tracking
[30Aug2025 03:42:28.328] [modloading-worker-0/DEBUG] [net.neoforged.fml.config.ConfigTracker/CONFIG]: Config file neoforge-server.toml for neoforge tracking
[30Aug2025 03:42:28.328] [modloading-worker-0/DEBUG] [net.neoforged.fml.config.ConfigTracker/CONFIG]: Config file neoforge-common.toml for neoforge tracking
[30Aug2025 03:42:28.353] [modloading-worker-0/DEBUG] [net.neoforged.fml.javafmlmod.AutomaticEventSubscriber/LOADING]: Attempting to inject @EventBusSubscriber classes into the eventbus for flywheel
[30Aug2025 03:42:28.362] [modloading-worker-0/DEBUG] [net.neoforged.fml.config.ConfigTracker/CONFIG]: Config file ponder-client.toml for ponder tracking
[30Aug2025 03:42:28.363] [modloading-worker-0/DEBUG] [net.neoforged.fml.javafmlmod.AutomaticEventSubscriber/LOADING]: Attempting to inject @EventBusSubscriber classes into the eventbus for ponder
[30Aug2025 03:42:28.363] [modloading-worker-0/DEBUG] [net.neoforged.fml.javafmlmod.AutomaticEventSubscriber/LOADING]: Scanning class net.createmod.ponder.NeoForgePonderClient$ClientEvents for @SubscribeEvent-annotated methods
[30Aug2025 03:42:28.365] [modloading-worker-0/DEBUG] [net.neoforged.fml.javafmlmod.AutomaticEventSubscriber/]: Subscribing @EventBusSubscriber class Lnet/createmod/ponder/NeoForgePonderClient$ClientEvents; to the game event bus
[30Aug2025 03:42:28.366] [modloading-worker-0/DEBUG] [net.neoforged.fml.javafmlmod.AutomaticEventSubscriber/LOADING]: Scanning class net.createmod.ponder.NeoForgePonder$ModBusEvents for @SubscribeEvent-annotated methods
[30Aug2025 03:42:28.366] [modloading-worker-0/DEBUG] [net.neoforged.fml.javafmlmod.AutomaticEventSubscriber/]: Subscribing @EventBusSubscriber class Lnet/createmod/ponder/NeoForgePonder$ModBusEvents; to the mod event bus of mod ponder
[30Aug2025 03:42:28.368] [modloading-worker-0/DEBUG] [net.neoforged.fml.javafmlmod.AutomaticEventSubscriber/LOADING]: Scanning class net.createmod.ponder.NeoForgePonder$Events for @SubscribeEvent-annotated methods
[30Aug2025 03:42:28.368] [modloading-worker-0/DEBUG] [mixin/]: Mixing client.HeavyBootsOnPlayerMixin from create.mixins.json into net.minecraft.client.player.LocalPlayer
[30Aug2025 03:42:28.371] [modloading-worker-0/DEBUG] [mixin/]: create.mixins.json:client.HeavyBootsOnPlayerMixin from mod create->@Inject::create$noSwimmingWithHeavyBootsOn(Lorg/spongepowered/asm/mixin/injection/callback/CallbackInfoReturnable;)V does use it's CallbackInfoReturnable
[30Aug2025 03:42:28.372] [modloading-worker-0/DEBUG] [net.neoforged.fml.javafmlmod.AutomaticEventSubscriber/]: Subscribing @EventBusSubscriber class Lnet/createmod/ponder/NeoForgePonder$Events; to the game event bus
[30Aug2025 03:42:28.372] [modloading-worker-0/DEBUG] [net.neoforged.fml.javafmlmod.AutomaticEventSubscriber/LOADING]: Scanning class net.createmod.ponder.NeoForgePonderClient$ModBusClientEvents for @SubscribeEvent-annotated methods
[30Aug2025 03:42:28.374] [modloading-worker-0/DEBUG] [mixin/]: Mixing client.accessor.ScreenAccessor from ponder-common.mixins.json into net.minecraft.client.gui.screens.Screen
[30Aug2025 03:42:28.374] [modloading-worker-0/DEBUG] [mixin/]: ponder-common.mixins.json:client.accessor.ScreenAccessor from mod ponder: Class version 65 required is higher than the class version supported by the current version of Mixin (JAVA_17 supports class version 61)
[30Aug2025 03:42:28.374] [modloading-worker-0/DEBUG] [mixin/]: Mixing AbstractClientPlayerAccessor from flywheel.backend.mixins.json into net.minecraft.client.player.AbstractClientPlayer
[30Aug2025 03:42:28.380] [modloading-worker-0/DEBUG] [net.neoforged.fml.javafmlmod.AutomaticEventSubscriber/]: Subscribing @EventBusSubscriber class Lnet/createmod/ponder/NeoForgePonderClient$ModBusClientEvents; to the mod event bus of mod ponder
[30Aug2025 03:42:28.382] [modloading-worker-0/INFO] [com.simibubi.create.Create/]: Create 6.0.6 initializing! Commit hash: 20ad05b5e525166018d21e88c96986f867c7088f
[30Aug2025 03:42:28.397] [modloading-worker-0/DEBUG] [net.neoforged.fml.javafmlmod.AutomaticEventSubscriber/LOADING]: Attempting to inject @EventBusSubscriber classes into the eventbus for neoforge
[30Aug2025 03:42:28.397] [modloading-worker-0/DEBUG] [net.neoforged.fml.javafmlmod.AutomaticEventSubscriber/LOADING]: Scanning class net.neoforged.neoforge.server.command.ConfigCommand for @SubscribeEvent-annotated methods
[30Aug2025 03:42:28.398] [modloading-worker-0/DEBUG] [net.neoforged.fml.javafmlmod.AutomaticEventSubscriber/]: Subscribing @EventBusSubscriber class Lnet/neoforged/neoforge/server/command/ConfigCommand; to the game event bus
[30Aug2025 03:42:28.398] [modloading-worker-0/DEBUG] [net.neoforged.fml.javafmlmod.AutomaticEventSubscriber/LOADING]: Scanning class net.neoforged.neoforge.network.filters.GenericPacketSplitter for @SubscribeEvent-annotated methods
[30Aug2025 03:42:28.419] [modloading-worker-0/DEBUG] [io.netty.buffer.AbstractByteBuf/]: -Dio.netty.buffer.checkAccessible: true
[30Aug2025 03:42:28.419] [modloading-worker-0/DEBUG] [io.netty.buffer.AbstractByteBuf/]: -Dio.netty.buffer.checkBounds: true
[30Aug2025 03:42:28.421] [modloading-worker-0/DEBUG] [io.netty.util.ResourceLeakDetectorFactory/]: Loaded default ResourceLeakDetector: io.netty.util.ResourceLeakDetector@7e295719
[30Aug2025 03:42:28.432] [modloading-worker-0/DEBUG] [io.netty.util.internal.InternalThreadLocalMap/]: -Dio.netty.threadLocalMap.stringBuilder.initialSize: 1024
[30Aug2025 03:42:28.432] [modloading-worker-0/DEBUG] [io.netty.util.internal.InternalThreadLocalMap/]: -Dio.netty.threadLocalMap.stringBuilder.maxSize: 4096
[30Aug2025 03:42:28.435] [modloading-worker-0/DEBUG] [io.netty.buffer.PooledByteBufAllocator/]: -Dio.netty.allocator.numHeapArenas: 48
[30Aug2025 03:42:28.435] [modloading-worker-0/DEBUG] [io.netty.buffer.PooledByteBufAllocator/]: -Dio.netty.allocator.numDirectArenas: 48
[30Aug2025 03:42:28.435] [modloading-worker-0/DEBUG] [io.netty.buffer.PooledByteBufAllocator/]: -Dio.netty.allocator.pageSize: 8192
[30Aug2025 03:42:28.435] [modloading-worker-0/DEBUG] [io.netty.buffer.PooledByteBufAllocator/]: -Dio.netty.allocator.maxOrder: 9
[30Aug2025 03:42:28.435] [modloading-worker-0/DEBUG] [io.netty.buffer.PooledByteBufAllocator/]: -Dio.netty.allocator.chunkSize: 4194304
[30Aug2025 03:42:28.435] [modloading-worker-0/DEBUG] [io.netty.buffer.PooledByteBufAllocator/]: -Dio.netty.allocator.smallCacheSize: 256
[30Aug2025 03:42:28.435] [modloading-worker-0/DEBUG] [io.netty.buffer.PooledByteBufAllocator/]: -Dio.netty.allocator.normalCacheSize: 64
[30Aug2025 03:42:28.435] [modloading-worker-0/DEBUG] [io.netty.buffer.PooledByteBufAllocator/]: -Dio.netty.allocator.maxCachedBufferCapacity: 32768
[30Aug2025 03:42:28.435] [modloading-worker-0/DEBUG] [io.netty.buffer.PooledByteBufAllocator/]: -Dio.netty.allocator.cacheTrimInterval: 8192
[30Aug2025 03:42:28.435] [modloading-worker-0/DEBUG] [io.netty.buffer.PooledByteBufAllocator/]: -Dio.netty.allocator.cacheTrimIntervalMillis: 0
[30Aug2025 03:42:28.435] [modloading-worker-0/DEBUG] [io.netty.buffer.PooledByteBufAllocator/]: -Dio.netty.allocator.useCacheForAllThreads: false
[30Aug2025 03:42:28.435] [modloading-worker-0/DEBUG] [io.netty.buffer.PooledByteBufAllocator/]: -Dio.netty.allocator.maxCachedByteBuffersPerChunk: 1023
[30Aug2025 03:42:28.445] [modloading-worker-0/DEBUG] [io.netty.buffer.ByteBufUtil/]: -Dio.netty.allocator.type: pooled
[30Aug2025 03:42:28.445] [modloading-worker-0/DEBUG] [io.netty.buffer.ByteBufUtil/]: -Dio.netty.threadLocalDirectBufferSize: 0
[30Aug2025 03:42:28.445] [modloading-worker-0/DEBUG] [io.netty.buffer.ByteBufUtil/]: -Dio.netty.maxThreadLocalCharBufferSize: 16384
[30Aug2025 03:42:28.449] [modloading-worker-0/DEBUG] [net.neoforged.fml.javafmlmod.AutomaticEventSubscriber/]: Subscribing @EventBusSubscriber class Lnet/neoforged/neoforge/network/filters/GenericPacketSplitter; to the mod event bus of mod neoforge
[30Aug2025 03:42:28.450] [modloading-worker-0/DEBUG] [net.neoforged.fml.javafmlmod.AutomaticEventSubscriber/LOADING]: Scanning class net.neoforged.neoforge.network.NetworkInitialization for @SubscribeEvent-annotated methods
[30Aug2025 03:42:28.452] [modloading-worker-0/DEBUG] [net.neoforged.fml.javafmlmod.AutomaticEventSubscriber/]: Subscribing @EventBusSubscriber class Lnet/neoforged/neoforge/network/NetworkInitialization; to the mod event bus of mod neoforge
[30Aug2025 03:42:28.452] [modloading-worker-0/DEBUG] [net.neoforged.fml.javafmlmod.AutomaticEventSubscriber/LOADING]: Scanning class net.neoforged.neoforge.network.ConfigurationInitialization for @SubscribeEvent-annotated methods
[30Aug2025 03:42:28.455] [modloading-worker-0/DEBUG] [net.neoforged.fml.javafmlmod.AutomaticEventSubscriber/]: Subscribing @EventBusSubscriber class Lnet/neoforged/neoforge/network/ConfigurationInitialization; to the mod event bus of mod neoforge
[30Aug2025 03:42:28.455] [modloading-worker-0/DEBUG] [net.neoforged.fml.javafmlmod.AutomaticEventSubscriber/LOADING]: Scanning class net.neoforged.neoforge.common.MonsterRoomHooks for @SubscribeEvent-annotated methods
[30Aug2025 03:42:28.455] [modloading-worker-0/DEBUG] [net.neoforged.fml.javafmlmod.AutomaticEventSubscriber/]: Subscribing @EventBusSubscriber class Lnet/neoforged/neoforge/common/MonsterRoomHooks; to the game event bus
[30Aug2025 03:42:28.455] [modloading-worker-0/DEBUG] [net.neoforged.fml.javafmlmod.AutomaticEventSubscriber/LOADING]: Scanning class net.neoforged.neoforge.common.DeferredSpawnEggItem$CommonHandler for @SubscribeEvent-annotated methods
[30Aug2025 03:42:28.456] [modloading-worker-0/DEBUG] [net.neoforged.fml.javafmlmod.AutomaticEventSubscriber/]: Subscribing @EventBusSubscriber class Lnet/neoforged/neoforge/common/DeferredSpawnEggItem$CommonHandler; to the mod event bus of mod neoforge
[30Aug2025 03:42:28.456] [modloading-worker-0/DEBUG] [net.neoforged.fml.javafmlmod.AutomaticEventSubscriber/LOADING]: Scanning class net.neoforged.neoforge.common.DeferredSpawnEggItem$ColorRegisterHandler for @SubscribeEvent-annotated methods
[30Aug2025 03:42:28.456] [modloading-worker-0/DEBUG] [net.neoforged.fml.javafmlmod.AutomaticEventSubscriber/]: Subscribing @EventBusSubscriber class Lnet/neoforged/neoforge/common/DeferredSpawnEggItem$ColorRegisterHandler; to the mod event bus of mod neoforge
[30Aug2025 03:42:28.458] [modloading-worker-0/DEBUG] [net.neoforged.fml.javafmlmod.AutomaticEventSubscriber/LOADING]: Scanning class net.neoforged.neoforge.client.model.data.ModelDataManager for @SubscribeEvent-annotated methods
[30Aug2025 03:42:28.459] [modloading-worker-0/DEBUG] [net.neoforged.fml.javafmlmod.AutomaticEventSubscriber/]: Subscribing @EventBusSubscriber class Lnet/neoforged/neoforge/client/model/data/ModelDataManager; to the game event bus
[30Aug2025 03:42:28.459] [modloading-worker-0/DEBUG] [net.neoforged.fml.javafmlmod.AutomaticEventSubscriber/LOADING]: Scanning class net.neoforged.neoforge.client.ParticleBoundsDebugRenderer for @SubscribeEvent-annotated methods
[30Aug2025 03:42:28.462] [modloading-worker-0/DEBUG] [mixin/]: Mixing PoseStackAccessor from flywheel.impl.mixins.json into com.mojang.blaze3d.vertex.PoseStack
[30Aug2025 03:42:28.462] [modloading-worker-0/DEBUG] [mixin/]: Mixing PoseStackMixin from flywheel.impl.mixins.json into com.mojang.blaze3d.vertex.PoseStack
[30Aug2025 03:42:28.466] [modloading-worker-0/DEBUG] [net.neoforged.fml.javafmlmod.AutomaticEventSubscriber/]: Subscribing @EventBusSubscriber class Lnet/neoforged/neoforge/client/ParticleBoundsDebugRenderer; to the game event bus
[30Aug2025 03:42:28.466] [modloading-worker-0/DEBUG] [net.neoforged.fml.javafmlmod.AutomaticEventSubscriber/LOADING]: Scanning class net.neoforged.neoforge.client.ClientHooks$ClientEvents for @SubscribeEvent-annotated methods
[30Aug2025 03:42:28.468] [modloading-worker-0/DEBUG] [net.neoforged.fml.javafmlmod.AutomaticEventSubscriber/]: Subscribing @EventBusSubscriber class Lnet/neoforged/neoforge/client/ClientHooks$ClientEvents; to the mod event bus of mod neoforge
[30Aug2025 03:42:28.469] [modloading-worker-0/DEBUG] [net.neoforged.fml.javafmlmod.AutomaticEventSubscriber/LOADING]: Scanning class net.neoforged.neoforge.client.BlockEntityRenderBoundsDebugRenderer for @SubscribeEvent-annotated methods
[30Aug2025 03:42:28.469] [modloading-worker-0/DEBUG] [net.neoforged.fml.javafmlmod.AutomaticEventSubscriber/]: Subscribing @EventBusSubscriber class Lnet/neoforged/neoforge/client/BlockEntityRenderBoundsDebugRenderer; to the game event bus
[30Aug2025 03:42:28.469] [modloading-worker-0/DEBUG] [mixin/]: Mixing accessor.BlockLootSubProviderAccessor from create.mixins.json into net.minecraft.data.loot.BlockLootSubProvider
[30Aug2025 03:42:28.469] [modloading-worker-0/DEBUG] [net.neoforged.fml.javafmlmod.AutomaticEventSubscriber/LOADING]: Scanning class net.neoforged.neoforge.attachment.AttachmentInternals for @SubscribeEvent-annotated methods
[30Aug2025 03:42:28.471] [modloading-worker-0/DEBUG] [net.neoforged.fml.javafmlmod.AutomaticEventSubscriber/]: Subscribing @EventBusSubscriber class Lnet/neoforged/neoforge/attachment/AttachmentInternals; to the game event bus
[30Aug2025 03:42:28.499] [modloading-worker-0/DEBUG] [mixin/]: Mixing client.accessor.RenderTypeAccessor from ponder-common.mixins.json into net.minecraft.client.renderer.RenderType
[30Aug2025 03:42:28.499] [modloading-worker-0/DEBUG] [mixin/]: ponder-common.mixins.json:client.accessor.RenderTypeAccessor from mod ponder: Class version 65 required is higher than the class version supported by the current version of Mixin (JAVA_17 supports class version 61)
[30Aug2025 03:42:28.500] [modloading-worker-0/DEBUG] [mixin/]: Renaming @Invoker method catnip$create(Ljava/lang/String;Lcom/mojang/blaze3d/vertex/VertexFormat;Lcom/mojang/blaze3d/vertex/VertexFormat$Mode;IZZLnet/minecraft/client/renderer/RenderType$CompositeState;)Lnet/minecraft/client/renderer/RenderType$CompositeRenderType; to catnip$create$ponder_$md$5a1df6$0 in ponder-common.mixins.json:client.accessor.RenderTypeAccessor from mod ponder
[30Aug2025 03:42:28.508] [modloading-worker-0/DEBUG] [mixin/]: Mixing client.accessor.GameRendererAccessor from ponder-common.mixins.json into net.minecraft.client.renderer.GameRenderer
[30Aug2025 03:42:28.508] [modloading-worker-0/DEBUG] [mixin/]: ponder-common.mixins.json:client.accessor.GameRendererAccessor from mod ponder: Class version 65 required is higher than the class version supported by the current version of Mixin (JAVA_17 supports class version 61)
[30Aug2025 03:42:28.509] [modloading-worker-0/DEBUG] [mixin/]: Mixing client.GameRendererMixin from create.mixins.json into net.minecraft.client.renderer.GameRenderer
[30Aug2025 03:42:28.510] [modloading-worker-0/DEBUG] [mixin/]: create.mixins.json:client.GameRendererMixin from mod create->@Inject::create$bigShapePick(Lorg/spongepowered/asm/mixin/injection/callback/CallbackInfo;)V doesn't use it's CallbackInfo
[30Aug2025 03:42:28.510] [modloading-worker-0/DEBUG] [mixin/]: create.mixins.json:client.GameRendererMixin from mod create->@Inject::create$bigShapePick(Lorg/spongepowered/asm/mixin/injection/callback/CallbackInfo;)V has 0 override(s) in child classes
[30Aug2025 03:42:28.510] [modloading-worker-0/DEBUG] [mixin/]: create.mixins.json:client.GameRendererMixin from mod create->@Inject::create$bigShapePick(Lorg/spongepowered/asm/mixin/injection/callback/CallbackInfo;)V won't be passed a CallbackInfo as a result
[30Aug2025 03:42:28.536] [modloading-worker-0/DEBUG] [mixin/]: Mixing client.accessor.ItemRendererAccessor from ponder-common.mixins.json into net.minecraft.client.renderer.entity.ItemRenderer
[30Aug2025 03:42:28.536] [modloading-worker-0/DEBUG] [mixin/]: ponder-common.mixins.json:client.accessor.ItemRendererAccessor from mod ponder: Class version 65 required is higher than the class version supported by the current version of Mixin (JAVA_17 supports class version 61)
[30Aug2025 03:42:28.542] [modloading-worker-0/DEBUG] [mixin/]: Mixing LevelRendererAccessor from flywheel.backend.mixins.json into net.minecraft.client.renderer.LevelRenderer
[30Aug2025 03:42:28.542] [modloading-worker-0/DEBUG] [mixin/]: Mixing fix.FixFabulousDepthMixin from flywheel.impl.mixins.json into net.minecraft.client.renderer.LevelRenderer
[30Aug2025 03:42:28.543] [modloading-worker-0/DEBUG] [mixin/]: Mixing visualmanage.LevelRendererMixin from flywheel.impl.mixins.json into net.minecraft.client.renderer.LevelRenderer
[30Aug2025 03:42:28.543] [modloading-worker-0/DEBUG] [mixin/]: Mixing accessor.LevelRendererAccessor from create.mixins.json into net.minecraft.client.renderer.LevelRenderer
[30Aug2025 03:42:28.544] [modloading-worker-0/DEBUG] [mixin/]: Mixing client.LevelRendererMixin from create.mixins.json into net.minecraft.client.renderer.LevelRenderer
[30Aug2025 03:42:28.544] [modloading-worker-0/DEBUG] [mixin/]: Renaming synthetic method lambda$create$onDestroyBlockProgress$0(J)Ljava/util/SortedSet; to md5a1df6$create$lambda$create$onDestroyBlockProgress$0$0 in create.mixins.json:client.LevelRendererMixin from mod create
[30Aug2025 03:42:28.548] [modloading-worker-0/DEBUG] [mixin/]: Mixing LevelRendererMixin from flywheel.impl.mixins.json into net.minecraft.client.renderer.LevelRenderer
[30Aug2025 03:42:28.575] [modloading-worker-0/DEBUG] [mixin/]: flywheel.impl.mixins.json:fix.FixFabulousDepthMixin from mod flywheel->@Inject::flywheel$disableTransparencyShaderDepth(Lorg/spongepowered/asm/mixin/injection/callback/CallbackInfo;)V doesn't use it's CallbackInfo
[30Aug2025 03:42:28.575] [modloading-worker-0/DEBUG] [mixin/]: flywheel.impl.mixins.json:fix.FixFabulousDepthMixin from mod flywheel->@Inject::flywheel$disableTransparencyShaderDepth(Lorg/spongepowered/asm/mixin/injection/callback/CallbackInfo;)V has 0 override(s) in child classes
[30Aug2025 03:42:28.575] [modloading-worker-0/DEBUG] [mixin/]: flywheel.impl.mixins.json:fix.FixFabulousDepthMixin from mod flywheel->@Inject::flywheel$disableTransparencyShaderDepth(Lorg/spongepowered/asm/mixin/injection/callback/CallbackInfo;)V won't be passed a CallbackInfo as a result
[30Aug2025 03:42:28.575] [modloading-worker-0/DEBUG] [mixin/]: flywheel.impl.mixins.json:visualmanage.LevelRendererMixin from mod flywheel->@Inject::flywheel$checkUpdate(Lnet/minecraft/core/BlockPos;Lnet/minecraft/world/level/block/state/BlockState;Lnet/minecraft/world/level/block/state/BlockState;Lorg/spongepowered/asm/mixin/injection/callback/CallbackInfo;)V doesn't use it's CallbackInfo
[30Aug2025 03:42:28.575] [modloading-worker-0/DEBUG] [mixin/]: flywheel.impl.mixins.json:visualmanage.LevelRendererMixin from mod flywheel->@Inject::flywheel$checkUpdate(Lnet/minecraft/core/BlockPos;Lnet/minecraft/world/level/block/state/BlockState;Lnet/minecraft/world/level/block/state/BlockState;Lorg/spongepowered/asm/mixin/injection/callback/CallbackInfo;)V has 0 override(s) in child classes
[30Aug2025 03:42:28.575] [modloading-worker-0/DEBUG] [mixin/]: flywheel.impl.mixins.json:visualmanage.LevelRendererMixin from mod flywheel->@Inject::flywheel$checkUpdate(Lnet/minecraft/core/BlockPos;Lnet/minecraft/world/level/block/state/BlockState;Lnet/minecraft/world/level/block/state/BlockState;Lorg/spongepowered/asm/mixin/injection/callback/CallbackInfo;)V won't be passed a CallbackInfo as a result
[30Aug2025 03:42:28.575] [modloading-worker-0/DEBUG] [mixin/]: create.mixins.json:client.LevelRendererMixin from mod create->@Inject::create$onDestroyBlockProgress(ILnet/minecraft/core/BlockPos;ILorg/spongepowered/asm/mixin/injection/callback/CallbackInfo;Lnet/minecraft/server/level/BlockDestructionProgress;)V doesn't use it's CallbackInfo
[30Aug2025 03:42:28.576] [modloading-worker-0/DEBUG] [mixin/]: create.mixins.json:client.LevelRendererMixin from mod create->@Inject::create$onDestroyBlockProgress(ILnet/minecraft/core/BlockPos;ILorg/spongepowered/asm/mixin/injection/callback/CallbackInfo;Lnet/minecraft/server/level/BlockDestructionProgress;)V has 0 override(s) in child classes
[30Aug2025 03:42:28.576] [modloading-worker-0/DEBUG] [mixin/]: create.mixins.json:client.LevelRendererMixin from mod create->@Inject::create$onDestroyBlockProgress(ILnet/minecraft/core/BlockPos;ILorg/spongepowered/asm/mixin/injection/callback/CallbackInfo;Lnet/minecraft/server/level/BlockDestructionProgress;)V won't be passed a CallbackInfo as a result
[30Aug2025 03:42:28.576] [modloading-worker-0/DEBUG] [mixin/]: create.mixins.json:client.LevelRendererMixin from mod create->@Inject::create$onRemoveProgress(Lnet/minecraft/server/level/BlockDestructionProgress;Lorg/spongepowered/asm/mixin/injection/callback/CallbackInfo;)V doesn't use it's CallbackInfo
[30Aug2025 03:42:28.576] [modloading-worker-0/DEBUG] [mixin/]: create.mixins.json:client.LevelRendererMixin from mod create->@Inject::create$onRemoveProgress(Lnet/minecraft/server/level/BlockDestructionProgress;Lorg/spongepowered/asm/mixin/injection/callback/CallbackInfo;)V has 0 override(s) in child classes
[30Aug2025 03:42:28.576] [modloading-worker-0/DEBUG] [mixin/]: create.mixins.json:client.LevelRendererMixin from mod create->@Inject::create$onRemoveProgress(Lnet/minecraft/server/level/BlockDestructionProgress;Lorg/spongepowered/asm/mixin/injection/callback/CallbackInfo;)V won't be passed a CallbackInfo as a result
[30Aug2025 03:42:28.576] [modloading-worker-0/DEBUG] [mixin/]: flywheel.impl.mixins.json:LevelRendererMixin from mod flywheel->@Inject::flywheel$beginRender(Lnet/minecraft/client/DeltaTracker;ZLnet/minecraft/client/Camera;Lnet/minecraft/client/renderer/GameRenderer;Lnet/minecraft/client/renderer/LightTexture;Lorg/joml/Matrix4f;Lorg/joml/Matrix4f;Lorg/spongepowered/asm/mixin/injection/callback/CallbackInfo;)V doesn't use it's CallbackInfo
[30Aug2025 03:42:28.576] [modloading-worker-0/DEBUG] [mixin/]: flywheel.impl.mixins.json:LevelRendererMixin from mod flywheel->@Inject::flywheel$beginRender(Lnet/minecraft/client/DeltaTracker;ZLnet/minecraft/client/Camera;Lnet/minecraft/client/renderer/GameRenderer;Lnet/minecraft/client/renderer/LightTexture;Lorg/joml/Matrix4f;Lorg/joml/Matrix4f;Lorg/spongepowered/asm/mixin/injection/callback/CallbackInfo;)V has 0 override(s) in child classes
[30Aug2025 03:42:28.576] [modloading-worker-0/DEBUG] [mixin/]: flywheel.impl.mixins.json:LevelRendererMixin from mod flywheel->@Inject::flywheel$beginRender(Lnet/minecraft/client/DeltaTracker;ZLnet/minecraft/client/Camera;Lnet/minecraft/client/renderer/GameRenderer;Lnet/minecraft/client/renderer/LightTexture;Lorg/joml/Matrix4f;Lorg/joml/Matrix4f;Lorg/spongepowered/asm/mixin/injection/callback/CallbackInfo;)V won't be passed a CallbackInfo as a result
[30Aug2025 03:42:28.576] [modloading-worker-0/DEBUG] [mixin/]: flywheel.impl.mixins.json:LevelRendererMixin from mod flywheel->@Inject::flywheel$endRender(Lorg/spongepowered/asm/mixin/injection/callback/CallbackInfo;)V doesn't use it's CallbackInfo
[30Aug2025 03:42:28.576] [modloading-worker-0/DEBUG] [mixin/]: flywheel.impl.mixins.json:LevelRendererMixin from mod flywheel->@Inject::flywheel$endRender(Lorg/spongepowered/asm/mixin/injection/callback/CallbackInfo;)V has 0 override(s) in child classes
[30Aug2025 03:42:28.576] [modloading-worker-0/DEBUG] [mixin/]: flywheel.impl.mixins.json:LevelRendererMixin from mod flywheel->@Inject::flywheel$endRender(Lorg/spongepowered/asm/mixin/injection/callback/CallbackInfo;)V won't be passed a CallbackInfo as a result
[30Aug2025 03:42:28.577] [modloading-worker-0/DEBUG] [mixin/]: flywheel.impl.mixins.json:LevelRendererMixin from mod flywheel->@Inject::flywheel$reload(Lorg/spongepowered/asm/mixin/injection/callback/CallbackInfo;)V doesn't use it's CallbackInfo
[30Aug2025 03:42:28.577] [modloading-worker-0/DEBUG] [mixin/]: flywheel.impl.mixins.json:LevelRendererMixin from mod flywheel->@Inject::flywheel$reload(Lorg/spongepowered/asm/mixin/injection/callback/CallbackInfo;)V has 0 override(s) in child classes
[30Aug2025 03:42:28.577] [modloading-worker-0/DEBUG] [mixin/]: flywheel.impl.mixins.json:LevelRendererMixin from mod flywheel->@Inject::flywheel$reload(Lorg/spongepowered/asm/mixin/injection/callback/CallbackInfo;)V won't be passed a CallbackInfo as a result
[30Aug2025 03:42:28.577] [modloading-worker-0/DEBUG] [mixin/]: flywheel.impl.mixins.json:LevelRendererMixin from mod flywheel->@Inject::flywheel$beforeBlockEntities(Lorg/spongepowered/asm/mixin/injection/callback/CallbackInfo;)V doesn't use it's CallbackInfo
[30Aug2025 03:42:28.577] [modloading-worker-0/DEBUG] [mixin/]: flywheel.impl.mixins.json:LevelRendererMixin from mod flywheel->@Inject::flywheel$beforeBlockEntities(Lorg/spongepowered/asm/mixin/injection/callback/CallbackInfo;)V has 0 override(s) in child classes
[30Aug2025 03:42:28.577] [modloading-worker-0/DEBUG] [mixin/]: flywheel.impl.mixins.json:LevelRendererMixin from mod flywheel->@Inject::flywheel$beforeBlockEntities(Lorg/spongepowered/asm/mixin/injection/callback/CallbackInfo;)V won't be passed a CallbackInfo as a result
[30Aug2025 03:42:28.577] [modloading-worker-0/DEBUG] [mixin/]: flywheel.impl.mixins.json:LevelRendererMixin from mod flywheel->@Inject::flywheel$beforeRenderCrumbling(Lorg/spongepowered/asm/mixin/injection/callback/CallbackInfo;)V doesn't use it's CallbackInfo
[30Aug2025 03:42:28.577] [modloading-worker-0/DEBUG] [mixin/]: flywheel.impl.mixins.json:LevelRendererMixin from mod flywheel->@Inject::flywheel$beforeRenderCrumbling(Lorg/spongepowered/asm/mixin/injection/callback/CallbackInfo;)V has 0 override(s) in child classes
[30Aug2025 03:42:28.577] [modloading-worker-0/DEBUG] [mixin/]: flywheel.impl.mixins.json:LevelRendererMixin from mod flywheel->@Inject::flywheel$beforeRenderCrumbling(Lorg/spongepowered/asm/mixin/injection/callback/CallbackInfo;)V won't be passed a CallbackInfo as a result
[30Aug2025 03:42:28.577] [modloading-worker-0/DEBUG] [mixin/]: flywheel.impl.mixins.json:LevelRendererMixin from mod flywheel->@Inject::flywheel$decideNotToRenderEntity(Lnet/minecraft/world/entity/Entity;DDDFLcom/mojang/blaze3d/vertex/PoseStack;Lnet/minecraft/client/renderer/MultiBufferSource;Lorg/spongepowered/asm/mixin/injection/callback/CallbackInfo;)V does use it's CallbackInfo
[30Aug2025 03:42:28.711] [modloading-worker-0/DEBUG] [Ponder/]: Loaded net.createmod.catnip.platform.NeoForgePlatformHelper@23e160c3 for service interface net.createmod.catnip.platform.services.PlatformHelper
[30Aug2025 03:42:28.711] [modloading-worker-0/DEBUG] [Ponder/]: Loaded net.createmod.catnip.platform.NeoForgeFluidHelper@63e856cb for service interface net.createmod.catnip.platform.services.ModFluidHelper
[30Aug2025 03:42:28.713] [modloading-worker-0/DEBUG] [Ponder/]: Loaded net.createmod.catnip.platform.NeoForgeHooksHelper@1d18c26e for service interface net.createmod.catnip.platform.services.ModHooksHelper
[30Aug2025 03:42:28.714] [modloading-worker-0/DEBUG] [Ponder/]: Loaded net.createmod.catnip.platform.NeoForgeNetworkHelper@5727514f for service interface net.createmod.catnip.platform.services.NetworkHelper
[30Aug2025 03:42:28.755] [modloading-worker-0/DEBUG] [mixin/]: Mixing ItemVaultBlockEntityMixin from createdeco.mixins.json into com.simibubi.create.content.logistics.vault.ItemVaultBlockEntity
[30Aug2025 03:42:28.997] [modloading-worker-0/DEBUG] [mixin/]: Mixing accessor.ItemStackHandlerAccessor from create.mixins.json into net.neoforged.neoforge.items.ItemStackHandler
[30Aug2025 03:42:29.237] [modloading-worker-0/DEBUG] [net.neoforged.fml.config.ConfigTracker/CONFIG]: Config file create-common.toml for create tracking
[30Aug2025 03:42:29.237] [modloading-worker-0/DEBUG] [net.neoforged.fml.config.ConfigTracker/CONFIG]: Config file create-client.toml for create tracking
[30Aug2025 03:42:29.238] [modloading-worker-0/DEBUG] [net.neoforged.fml.config.ConfigTracker/CONFIG]: Config file create-server.toml for create tracking
[30Aug2025 03:42:29.272] [modloading-worker-0/DEBUG] [mixin/]: Mixing MinecraftMixin from flywheel.impl.mixins.json into net.minecraft.client.Minecraft
[30Aug2025 03:42:29.275] [modloading-worker-0/DEBUG] [mixin/]: Mixing client.WindowResizeMixin from ponder-common.mixins.json into net.minecraft.client.Minecraft
[30Aug2025 03:42:29.276] [modloading-worker-0/DEBUG] [mixin/]: ponder-common.mixins.json:client.WindowResizeMixin from mod ponder: Class version 65 required is higher than the class version supported by the current version of Mixin (JAVA_17 supports class version 61)
[30Aug2025 03:42:29.276] [modloading-worker-0/DEBUG] [mixin/]: Mixing accessor.MinecraftAccessor from create.mixins.json into net.minecraft.client.Minecraft
[30Aug2025 03:42:29.279] [modloading-worker-0/DEBUG] [mixin/]: flywheel.impl.mixins.json:MinecraftMixin from mod flywheel->@Inject::flywheel$onBeginInitialResourceReload(Lorg/spongepowered/asm/mixin/injection/callback/CallbackInfo;)V doesn't use it's CallbackInfo
[30Aug2025 03:42:29.279] [modloading-worker-0/DEBUG] [mixin/]: flywheel.impl.mixins.json:MinecraftMixin from mod flywheel->@Inject::flywheel$onBeginInitialResourceReload(Lorg/spongepowered/asm/mixin/injection/callback/CallbackInfo;)V has 0 override(s) in child classes
[30Aug2025 03:42:29.279] [modloading-worker-0/DEBUG] [mixin/]: flywheel.impl.mixins.json:MinecraftMixin from mod flywheel->@Inject::flywheel$onBeginInitialResourceReload(Lorg/spongepowered/asm/mixin/injection/callback/CallbackInfo;)V won't be passed a CallbackInfo as a result
[30Aug2025 03:42:29.279] [modloading-worker-0/DEBUG] [mixin/]: flywheel.impl.mixins.json:MinecraftMixin from mod flywheel->@Inject::flywheel$onEndInitialResourceReload(Ljava/lang/Object;Ljava/util/Optional;Lorg/spongepowered/asm/mixin/injection/callback/CallbackInfo;)V doesn't use it's CallbackInfo
[30Aug2025 03:42:29.279] [modloading-worker-0/DEBUG] [mixin/]: flywheel.impl.mixins.json:MinecraftMixin from mod flywheel->@Inject::flywheel$onEndInitialResourceReload(Ljava/lang/Object;Ljava/util/Optional;Lorg/spongepowered/asm/mixin/injection/callback/CallbackInfo;)V has 0 override(s) in child classes
[30Aug2025 03:42:29.279] [modloading-worker-0/DEBUG] [mixin/]: flywheel.impl.mixins.json:MinecraftMixin from mod flywheel->@Inject::flywheel$onEndInitialResourceReload(Ljava/lang/Object;Ljava/util/Optional;Lorg/spongepowered/asm/mixin/injection/callback/CallbackInfo;)V won't be passed a CallbackInfo as a result
[30Aug2025 03:42:29.279] [modloading-worker-0/DEBUG] [mixin/]: flywheel.impl.mixins.json:MinecraftMixin from mod flywheel->@Inject::flywheel$onEndManualResourceReload(ZLjava/lang/Object;Ljava/util/concurrent/CompletableFuture;Ljava/util/Optional;Lorg/spongepowered/asm/mixin/injection/callback/CallbackInfo;)V doesn't use it's CallbackInfo
[30Aug2025 03:42:29.279] [modloading-worker-0/DEBUG] [mixin/]: flywheel.impl.mixins.json:MinecraftMixin from mod flywheel->@Inject::flywheel$onEndManualResourceReload(ZLjava/lang/Object;Ljava/util/concurrent/CompletableFuture;Ljava/util/Optional;Lorg/spongepowered/asm/mixin/injection/callback/CallbackInfo;)V has 0 override(s) in child classes
[30Aug2025 03:42:29.279] [modloading-worker-0/DEBUG] [mixin/]: flywheel.impl.mixins.json:MinecraftMixin from mod flywheel->@Inject::flywheel$onEndManualResourceReload(ZLjava/lang/Object;Ljava/util/concurrent/CompletableFuture;Ljava/util/Optional;Lorg/spongepowered/asm/mixin/injection/callback/CallbackInfo;)V won't be passed a CallbackInfo as a result
[30Aug2025 03:42:29.280] [modloading-worker-0/DEBUG] [mixin/]: ponder-common.mixins.json:client.WindowResizeMixin from mod ponder->@Inject::catnip$updateWindowSize(Lorg/spongepowered/asm/mixin/injection/callback/CallbackInfo;)V doesn't use it's CallbackInfo
[30Aug2025 03:42:29.280] [modloading-worker-0/DEBUG] [mixin/]: ponder-common.mixins.json:client.WindowResizeMixin from mod ponder->@Inject::catnip$updateWindowSize(Lorg/spongepowered/asm/mixin/injection/callback/CallbackInfo;)V has 0 override(s) in child classes
[30Aug2025 03:42:29.280] [modloading-worker-0/DEBUG] [mixin/]: ponder-common.mixins.json:client.WindowResizeMixin from mod ponder->@Inject::catnip$updateWindowSize(Lorg/spongepowered/asm/mixin/injection/callback/CallbackInfo;)V won't be passed a CallbackInfo as a result
[30Aug2025 03:42:29.321] [modloading-worker-0/DEBUG] [net.neoforged.fml.javafmlmod.AutomaticEventSubscriber/LOADING]: Attempting to inject @EventBusSubscriber classes into the eventbus for create
[30Aug2025 03:42:29.321] [modloading-worker-0/DEBUG] [net.neoforged.fml.javafmlmod.AutomaticEventSubscriber/LOADING]: Scanning class com.simibubi.create.foundation.blockEntity.behaviour.ValueSettingsInputHandler for @SubscribeEvent-annotated methods
[30Aug2025 03:42:29.322] [modloading-worker-0/DEBUG] [net.neoforged.fml.javafmlmod.AutomaticEventSubscriber/]: Subscribing @EventBusSubscriber class Lcom/simibubi/create/foundation/blockEntity/behaviour/ValueSettingsInputHandler; to the game event bus
[30Aug2025 03:42:29.322] [modloading-worker-0/DEBUG] [net.neoforged.fml.javafmlmod.AutomaticEventSubscriber/LOADING]: Scanning class com.simibubi.create.foundation.blockEntity.behaviour.edgeInteraction.EdgeInteractionHandler for @SubscribeEvent-annotated methods
[30Aug2025 03:42:29.323] [modloading-worker-0/DEBUG] [net.neoforged.fml.javafmlmod.AutomaticEventSubscriber/]: Subscribing @EventBusSubscriber class Lcom/simibubi/create/foundation/blockEntity/behaviour/edgeInteraction/EdgeInteractionHandler; to the game event bus
[30Aug2025 03:42:29.323] [modloading-worker-0/DEBUG] [net.neoforged.fml.javafmlmod.AutomaticEventSubscriber/LOADING]: Scanning class com.simibubi.create.foundation.block.ItemUseOverrides for @SubscribeEvent-annotated methods
[30Aug2025 03:42:29.323] [modloading-worker-0/DEBUG] [net.neoforged.fml.javafmlmod.AutomaticEventSubscriber/]: Subscribing @EventBusSubscriber class Lcom/simibubi/create/foundation/block/ItemUseOverrides; to the game event bus
[30Aug2025 03:42:29.323] [modloading-worker-0/DEBUG] [net.neoforged.fml.javafmlmod.AutomaticEventSubscriber/LOADING]: Scanning class com.simibubi.create.foundation.events.CommonEvents for @SubscribeEvent-annotated methods
[30Aug2025 03:42:29.324] [modloading-worker-0/DEBUG] [net.neoforged.fml.javafmlmod.AutomaticEventSubscriber/]: Subscribing @EventBusSubscriber class Lcom/simibubi/create/foundation/events/CommonEvents; to the game event bus
[30Aug2025 03:42:29.326] [modloading-worker-0/DEBUG] [net.neoforged.fml.javafmlmod.AutomaticEventSubscriber/LOADING]: Scanning class com.simibubi.create.foundation.events.ClientEvents$ModBusEvents for @SubscribeEvent-annotated methods
[30Aug2025 03:42:29.327] [modloading-worker-0/DEBUG] [net.neoforged.fml.javafmlmod.AutomaticEventSubscriber/]: Subscribing @EventBusSubscriber class Lcom/simibubi/create/foundation/events/ClientEvents$ModBusEvents; to the mod event bus of mod create
[30Aug2025 03:42:29.327] [modloading-worker-0/DEBUG] [net.neoforged.fml.javafmlmod.AutomaticEventSubscriber/LOADING]: Scanning class com.simibubi.create.foundation.events.ClientEvents for @SubscribeEvent-annotated methods
[30Aug2025 03:42:29.328] [modloading-worker-0/DEBUG] [net.neoforged.fml.javafmlmod.AutomaticEventSubscriber/]: Subscribing @EventBusSubscriber class Lcom/simibubi/create/foundation/events/ClientEvents; to the game event bus
[30Aug2025 03:42:29.330] [modloading-worker-0/DEBUG] [net.neoforged.fml.javafmlmod.AutomaticEventSubscriber/LOADING]: Scanning class com.simibubi.create.foundation.events.CommonEvents$ModBusEvents for @SubscribeEvent-annotated methods
[30Aug2025 03:42:29.331] [modloading-worker-0/DEBUG] [net.neoforged.fml.javafmlmod.AutomaticEventSubscriber/]: Subscribing @EventBusSubscriber class Lcom/simibubi/create/foundation/events/CommonEvents$ModBusEvents; to the mod event bus of mod create
[30Aug2025 03:42:29.331] [modloading-worker-0/DEBUG] [net.neoforged.fml.javafmlmod.AutomaticEventSubscriber/LOADING]: Scanning class com.simibubi.create.foundation.events.InputEvents for @SubscribeEvent-annotated methods
[30Aug2025 03:42:29.332] [modloading-worker-0/DEBUG] [net.neoforged.fml.javafmlmod.AutomaticEventSubscriber/]: Subscribing @EventBusSubscriber class Lcom/simibubi/create/foundation/events/InputEvents; to the game event bus
[30Aug2025 03:42:29.332] [modloading-worker-0/DEBUG] [net.neoforged.fml.javafmlmod.AutomaticEventSubscriber/LOADING]: Scanning class com.simibubi.create.foundation.render.RenderTypes$Shaders for @SubscribeEvent-annotated methods
[30Aug2025 03:42:29.332] [modloading-worker-0/DEBUG] [net.neoforged.fml.javafmlmod.AutomaticEventSubscriber/]: Subscribing @EventBusSubscriber class Lcom/simibubi/create/foundation/render/RenderTypes$Shaders; to the mod event bus of mod create
[30Aug2025 03:42:29.334] [modloading-worker-0/DEBUG] [net.neoforged.fml.javafmlmod.AutomaticEventSubscriber/LOADING]: Scanning class com.simibubi.create.content.trains.track.TrackBlockItem for @SubscribeEvent-annotated methods
[30Aug2025 03:42:29.334] [modloading-worker-0/DEBUG] [net.neoforged.fml.javafmlmod.AutomaticEventSubscriber/]: Subscribing @EventBusSubscriber class Lcom/simibubi/create/content/trains/track/TrackBlockItem; to the game event bus
[30Aug2025 03:42:29.337] [modloading-worker-0/DEBUG] [net.neoforged.fml.javafmlmod.AutomaticEventSubscriber/LOADING]: Scanning class com.simibubi.create.content.trains.track.TrackBlockOutline for @SubscribeEvent-annotated methods
[30Aug2025 03:42:29.340] [modloading-worker-0/DEBUG] [net.neoforged.fml.javafmlmod.AutomaticEventSubscriber/]: Subscribing @EventBusSubscriber class Lcom/simibubi/create/content/trains/track/TrackBlockOutline; to the game event bus
[30Aug2025 03:42:29.340] [modloading-worker-0/DEBUG] [net.neoforged.fml.javafmlmod.AutomaticEventSubscriber/LOADING]: Scanning class com.simibubi.create.content.trains.schedule.ScheduleItemEntityInteraction for @SubscribeEvent-annotated methods
[30Aug2025 03:42:29.340] [modloading-worker-0/DEBUG] [net.neoforged.fml.javafmlmod.AutomaticEventSubscriber/]: Subscribing @EventBusSubscriber class Lcom/simibubi/create/content/trains/schedule/ScheduleItemEntityInteraction; to the game event bus
[30Aug2025 03:42:29.340] [modloading-worker-0/DEBUG] [net.neoforged.fml.javafmlmod.AutomaticEventSubscriber/LOADING]: Scanning class com.simibubi.create.content.processing.burner.BlazeBurnerHandler for @SubscribeEvent-annotated methods
[30Aug2025 03:42:29.340] [modloading-worker-0/DEBUG] [net.neoforged.fml.javafmlmod.AutomaticEventSubscriber/]: Subscribing @EventBusSubscriber class Lcom/simibubi/create/content/processing/burner/BlazeBurnerHandler; to the game event bus
[30Aug2025 03:42:29.342] [modloading-worker-0/DEBUG] [net.neoforged.fml.javafmlmod.AutomaticEventSubscriber/LOADING]: Scanning class com.simibubi.create.content.equipment.wrench.WrenchEventHandler for @SubscribeEvent-annotated methods
[30Aug2025 03:42:29.342] [modloading-worker-0/DEBUG] [net.neoforged.fml.javafmlmod.AutomaticEventSubscriber/]: Subscribing @EventBusSubscriber class Lcom/simibubi/create/content/equipment/wrench/WrenchEventHandler; to the game event bus
[30Aug2025 03:42:29.342] [modloading-worker-0/DEBUG] [net.neoforged.fml.javafmlmod.AutomaticEventSubscriber/LOADING]: Scanning class com.simibubi.create.content.equipment.extendoGrip.ExtendoGripItem for @SubscribeEvent-annotated methods
[30Aug2025 03:42:29.342] [modloading-worker-0/DEBUG] [net.neoforged.fml.javafmlmod.AutomaticEventSubscriber/]: Subscribing @EventBusSubscriber class Lcom/simibubi/create/content/equipment/extendoGrip/ExtendoGripItem; to the game event bus
[30Aug2025 03:42:29.343] [modloading-worker-0/DEBUG] [net.neoforged.fml.javafmlmod.AutomaticEventSubscriber/LOADING]: Scanning class com.simibubi.create.content.equipment.extendoGrip.ExtendoGripRenderHandler for @SubscribeEvent-annotated methods
[30Aug2025 03:42:29.343] [modloading-worker-0/DEBUG] [net.neoforged.fml.javafmlmod.AutomaticEventSubscriber/]: Subscribing @EventBusSubscriber class Lcom/simibubi/create/content/equipment/extendoGrip/ExtendoGripRenderHandler; to the game event bus
[30Aug2025 03:42:29.343] [modloading-worker-0/DEBUG] [net.neoforged.fml.javafmlmod.AutomaticEventSubscriber/LOADING]: Scanning class com.simibubi.create.content.equipment.zapper.ZapperInteractionHandler for @SubscribeEvent-annotated methods
[30Aug2025 03:42:29.345] [modloading-worker-0/DEBUG] [net.neoforged.fml.javafmlmod.AutomaticEventSubscriber/]: Subscribing @EventBusSubscriber class Lcom/simibubi/create/content/equipment/zapper/ZapperInteractionHandler; to the game event bus
[30Aug2025 03:42:29.345] [modloading-worker-0/DEBUG] [net.neoforged.fml.javafmlmod.AutomaticEventSubscriber/LOADING]: Scanning class com.simibubi.create.content.equipment.symmetryWand.SymmetryHandler for @SubscribeEvent-annotated methods
[30Aug2025 03:42:29.345] [modloading-worker-0/DEBUG] [net.neoforged.fml.javafmlmod.AutomaticEventSubscriber/]: Subscribing @EventBusSubscriber class Lcom/simibubi/create/content/equipment/symmetryWand/SymmetryHandler; to the game event bus
[30Aug2025 03:42:29.345] [modloading-worker-0/DEBUG] [net.neoforged.fml.javafmlmod.AutomaticEventSubscriber/LOADING]: Scanning class com.simibubi.create.content.equipment.armor.CardboardArmorHandlerClient for @SubscribeEvent-annotated methods
[30Aug2025 03:42:29.346] [modloading-worker-0/DEBUG] [net.neoforged.fml.javafmlmod.AutomaticEventSubscriber/]: Subscribing @EventBusSubscriber class Lcom/simibubi/create/content/equipment/armor/CardboardArmorHandlerClient; to the game event bus
[30Aug2025 03:42:29.346] [modloading-worker-0/DEBUG] [net.neoforged.fml.javafmlmod.AutomaticEventSubscriber/LOADING]: Scanning class com.simibubi.create.content.equipment.armor.NetheriteBacktankFirstPersonRenderer for @SubscribeEvent-annotated methods
[30Aug2025 03:42:29.348] [modloading-worker-0/DEBUG] [net.neoforged.fml.javafmlmod.AutomaticEventSubscriber/]: Subscribing @EventBusSubscriber class Lcom/simibubi/create/content/equipment/armor/NetheriteBacktankFirstPersonRenderer; to the game event bus
[30Aug2025 03:42:29.348] [modloading-worker-0/DEBUG] [net.neoforged.fml.javafmlmod.AutomaticEventSubscriber/LOADING]: Scanning class com.simibubi.create.content.equipment.armor.NetheriteDivingHandler for @SubscribeEvent-annotated methods
[30Aug2025 03:42:29.348] [modloading-worker-0/DEBUG] [net.neoforged.fml.javafmlmod.AutomaticEventSubscriber/]: Subscribing @EventBusSubscriber class Lcom/simibubi/create/content/equipment/armor/NetheriteDivingHandler; to the game event bus
[30Aug2025 03:42:29.349] [modloading-worker-0/DEBUG] [net.neoforged.fml.javafmlmod.AutomaticEventSubscriber/LOADING]: Scanning class com.simibubi.create.content.equipment.armor.DivingHelmetItem for @SubscribeEvent-annotated methods
[30Aug2025 03:42:29.349] [modloading-worker-0/DEBUG] [net.neoforged.fml.javafmlmod.AutomaticEventSubscriber/]: Subscribing @EventBusSubscriber class Lcom/simibubi/create/content/equipment/armor/DivingHelmetItem; to the game event bus
[30Aug2025 03:42:29.349] [modloading-worker-0/DEBUG] [net.neoforged.fml.javafmlmod.AutomaticEventSubscriber/LOADING]: Scanning class com.simibubi.create.content.equipment.armor.CardboardArmorHandler for @SubscribeEvent-annotated methods
[30Aug2025 03:42:29.349] [modloading-worker-0/DEBUG] [net.neoforged.fml.javafmlmod.AutomaticEventSubscriber/]: Subscribing @EventBusSubscriber class Lcom/simibubi/create/content/equipment/armor/CardboardArmorHandler; to the game event bus
[30Aug2025 03:42:29.350] [modloading-worker-0/DEBUG] [net.neoforged.fml.javafmlmod.AutomaticEventSubscriber/LOADING]: Scanning class com.simibubi.create.content.equipment.armor.DivingBootsItem for @SubscribeEvent-annotated methods
[30Aug2025 03:42:29.350] [modloading-worker-0/DEBUG] [net.neoforged.fml.javafmlmod.AutomaticEventSubscriber/]: Subscribing @EventBusSubscriber class Lcom/simibubi/create/content/equipment/armor/DivingBootsItem; to the game event bus
[30Aug2025 03:42:29.350] [modloading-worker-0/DEBUG] [net.neoforged.fml.javafmlmod.AutomaticEventSubscriber/LOADING]: Scanning class com.simibubi.create.content.equipment.clipboard.ClipboardValueSettingsHandler for @SubscribeEvent-annotated methods
[30Aug2025 03:42:29.352] [modloading-worker-0/DEBUG] [net.neoforged.fml.javafmlmod.AutomaticEventSubscriber/]: Subscribing @EventBusSubscriber class Lcom/simibubi/create/content/equipment/clipboard/ClipboardValueSettingsHandler; to the game event bus
[30Aug2025 03:42:29.352] [modloading-worker-0/DEBUG] [net.neoforged.fml.javafmlmod.AutomaticEventSubscriber/LOADING]: Scanning class com.simibubi.create.content.equipment.tool.CardboardSwordItem for @SubscribeEvent-annotated methods
[30Aug2025 03:42:29.352] [modloading-worker-0/DEBUG] [net.neoforged.fml.javafmlmod.AutomaticEventSubscriber/]: Subscribing @EventBusSubscriber class Lcom/simibubi/create/content/equipment/tool/CardboardSwordItem; to the game event bus
[30Aug2025 03:42:29.352] [modloading-worker-0/DEBUG] [net.neoforged.fml.javafmlmod.AutomaticEventSubscriber/LOADING]: Scanning class com.simibubi.create.content.equipment.bell.HauntedBellPulser for @SubscribeEvent-annotated methods
[30Aug2025 03:42:29.353] [modloading-worker-0/DEBUG] [net.neoforged.fml.javafmlmod.AutomaticEventSubscriber/]: Subscribing @EventBusSubscriber class Lcom/simibubi/create/content/equipment/bell/HauntedBellPulser; to the game event bus
[30Aug2025 03:42:29.353] [modloading-worker-0/DEBUG] [net.neoforged.fml.javafmlmod.AutomaticEventSubscriber/LOADING]: Scanning class com.simibubi.create.content.kinetics.crusher.CrushingWheelBlockEntity for @SubscribeEvent-annotated methods
[30Aug2025 03:42:29.353] [modloading-worker-0/DEBUG] [net.neoforged.fml.javafmlmod.AutomaticEventSubscriber/]: Subscribing @EventBusSubscriber class Lcom/simibubi/create/content/kinetics/crusher/CrushingWheelBlockEntity; to the game event bus
[30Aug2025 03:42:29.355] [modloading-worker-0/DEBUG] [net.neoforged.fml.javafmlmod.AutomaticEventSubscriber/LOADING]: Scanning class com.simibubi.create.content.kinetics.crank.ValveHandleBlock for @SubscribeEvent-annotated methods
[30Aug2025 03:42:29.355] [modloading-worker-0/DEBUG] [net.neoforged.fml.javafmlmod.AutomaticEventSubscriber/]: Subscribing @EventBusSubscriber class Lcom/simibubi/create/content/kinetics/crank/ValveHandleBlock; to the game event bus
[30Aug2025 03:42:29.357] [modloading-worker-0/DEBUG] [net.neoforged.fml.javafmlmod.AutomaticEventSubscriber/LOADING]: Scanning class com.simibubi.create.content.kinetics.deployer.ManualApplicationRecipe for @SubscribeEvent-annotated methods
[30Aug2025 03:42:29.358] [modloading-worker-0/DEBUG] [net.neoforged.fml.javafmlmod.AutomaticEventSubscriber/]: Subscribing @EventBusSubscriber class Lcom/simibubi/create/content/kinetics/deployer/ManualApplicationRecipe; to the game event bus
[30Aug2025 03:42:29.359] [modloading-worker-0/DEBUG] [net.neoforged.fml.javafmlmod.AutomaticEventSubscriber/LOADING]: Scanning class com.simibubi.create.content.kinetics.deployer.DeployerFakePlayer for @SubscribeEvent-annotated methods
[30Aug2025 03:42:29.365] [modloading-worker-0/DEBUG] [net.neoforged.fml.javafmlmod.AutomaticEventSubscriber/]: Subscribing @EventBusSubscriber class Lcom/simibubi/create/content/kinetics/deployer/DeployerFakePlayer; to the game event bus
[30Aug2025 03:42:29.369] [modloading-worker-0/DEBUG] [mixin/]: Mixing accessor.MinecraftServerAccessor from ponder-common.mixins.json into net.minecraft.server.MinecraftServer
[30Aug2025 03:42:29.369] [modloading-worker-0/DEBUG] [mixin/]: ponder-common.mixins.json:accessor.MinecraftServerAccessor from mod ponder: Class version 65 required is higher than the class version supported by the current version of Mixin (JAVA_17 supports class version 61)
[30Aug2025 03:42:29.392] [modloading-worker-0/DEBUG] [net.neoforged.fml.javafmlmod.AutomaticEventSubscriber/LOADING]: Scanning class com.simibubi.create.content.kinetics.mechanicalArm.ArmInteractionPointHandler for @SubscribeEvent-annotated methods
[30Aug2025 03:42:29.393] [modloading-worker-0/DEBUG] [net.neoforged.fml.javafmlmod.AutomaticEventSubscriber/]: Subscribing @EventBusSubscriber class Lcom/simibubi/create/content/kinetics/mechanicalArm/ArmInteractionPointHandler; to the game event bus
[30Aug2025 03:42:29.393] [modloading-worker-0/DEBUG] [net.neoforged.fml.javafmlmod.AutomaticEventSubscriber/LOADING]: Scanning class com.simibubi.create.content.kinetics.chainConveyor.ChainConveyorInteractionHandler for @SubscribeEvent-annotated methods
[30Aug2025 03:42:29.395] [modloading-worker-0/DEBUG] [net.neoforged.fml.javafmlmod.AutomaticEventSubscriber/]: Subscribing @EventBusSubscriber class Lcom/simibubi/create/content/kinetics/chainConveyor/ChainConveyorInteractionHandler; to the game event bus
[30Aug2025 03:42:29.395] [modloading-worker-0/DEBUG] [net.neoforged.fml.javafmlmod.AutomaticEventSubscriber/LOADING]: Scanning class com.simibubi.create.content.kinetics.chainConveyor.ChainConveyorConnectionHandler for @SubscribeEvent-annotated methods
[30Aug2025 03:42:29.395] [modloading-worker-0/DEBUG] [net.neoforged.fml.javafmlmod.AutomaticEventSubscriber/]: Subscribing @EventBusSubscriber class Lcom/simibubi/create/content/kinetics/chainConveyor/ChainConveyorConnectionHandler; to the game event bus
[30Aug2025 03:42:29.395] [modloading-worker-0/DEBUG] [net.neoforged.fml.javafmlmod.AutomaticEventSubscriber/LOADING]: Scanning class com.simibubi.create.content.logistics.box.PackageClientInteractionHandler for @SubscribeEvent-annotated methods
[30Aug2025 03:42:29.396] [modloading-worker-0/DEBUG] [net.neoforged.fml.javafmlmod.AutomaticEventSubscriber/]: Subscribing @EventBusSubscriber class Lcom/simibubi/create/content/logistics/box/PackageClientInteractionHandler; to the game event bus
[30Aug2025 03:42:29.396] [modloading-worker-0/DEBUG] [net.neoforged.fml.javafmlmod.AutomaticEventSubscriber/LOADING]: Scanning class com.simibubi.create.content.logistics.funnel.FunnelItem for @SubscribeEvent-annotated methods
[30Aug2025 03:42:29.396] [modloading-worker-0/DEBUG] [net.neoforged.fml.javafmlmod.AutomaticEventSubscriber/]: Subscribing @EventBusSubscriber class Lcom/simibubi/create/content/logistics/funnel/FunnelItem; to the game event bus
[30Aug2025 03:42:29.396] [modloading-worker-0/DEBUG] [net.neoforged.fml.javafmlmod.AutomaticEventSubscriber/LOADING]: Scanning class com.simibubi.create.content.logistics.itemHatch.ItemHatchHandler for @SubscribeEvent-annotated methods
[30Aug2025 03:42:29.396] [modloading-worker-0/DEBUG] [net.neoforged.fml.javafmlmod.AutomaticEventSubscriber/]: Subscribing @EventBusSubscriber class Lcom/simibubi/create/content/logistics/itemHatch/ItemHatchHandler; to the game event bus
[30Aug2025 03:42:29.396] [modloading-worker-0/DEBUG] [net.neoforged.fml.javafmlmod.AutomaticEventSubscriber/LOADING]: Scanning class com.simibubi.create.content.logistics.depot.EjectorTargetHandler for @SubscribeEvent-annotated methods
[30Aug2025 03:42:29.398] [modloading-worker-0/DEBUG] [net.neoforged.fml.javafmlmod.AutomaticEventSubscriber/]: Subscribing @EventBusSubscriber class Lcom/simibubi/create/content/logistics/depot/EjectorTargetHandler; to the game event bus
[30Aug2025 03:42:29.398] [modloading-worker-0/DEBUG] [net.neoforged.fml.javafmlmod.AutomaticEventSubscriber/LOADING]: Scanning class com.simibubi.create.content.logistics.stockTicker.StockTickerInteractionHandler for @SubscribeEvent-annotated methods
[30Aug2025 03:42:29.399] [modloading-worker-0/DEBUG] [net.neoforged.fml.javafmlmod.AutomaticEventSubscriber/]: Subscribing @EventBusSubscriber class Lcom/simibubi/create/content/logistics/stockTicker/StockTickerInteractionHandler; to the game event bus
[30Aug2025 03:42:29.399] [modloading-worker-0/DEBUG] [net.neoforged.fml.javafmlmod.AutomaticEventSubscriber/LOADING]: Scanning class com.simibubi.create.content.contraptions.mounted.MinecartContraptionItem for @SubscribeEvent-annotated methods
[30Aug2025 03:42:29.399] [modloading-worker-0/DEBUG] [net.neoforged.fml.javafmlmod.AutomaticEventSubscriber/]: Subscribing @EventBusSubscriber class Lcom/simibubi/create/content/contraptions/mounted/MinecartContraptionItem; to the game event bus
[30Aug2025 03:42:29.399] [modloading-worker-0/DEBUG] [net.neoforged.fml.javafmlmod.AutomaticEventSubscriber/LOADING]: Scanning class com.simibubi.create.content.contraptions.render.ContraptionRenderInfoManager for @SubscribeEvent-annotated methods
[30Aug2025 03:42:29.400] [modloading-worker-0/DEBUG] [net.neoforged.fml.javafmlmod.AutomaticEventSubscriber/]: Subscribing @EventBusSubscriber class Lcom/simibubi/create/content/contraptions/render/ContraptionRenderInfoManager; to the game event bus
[30Aug2025 03:42:29.400] [modloading-worker-0/DEBUG] [net.neoforged.fml.javafmlmod.AutomaticEventSubscriber/LOADING]: Scanning class com.simibubi.create.content.contraptions.ContraptionHandlerClient for @SubscribeEvent-annotated methods
[30Aug2025 03:42:29.400] [modloading-worker-0/DEBUG] [net.neoforged.fml.javafmlmod.AutomaticEventSubscriber/]: Subscribing @EventBusSubscriber class Lcom/simibubi/create/content/contraptions/ContraptionHandlerClient; to the game event bus
[30Aug2025 03:42:29.402] [modloading-worker-0/DEBUG] [net.neoforged.fml.javafmlmod.AutomaticEventSubscriber/LOADING]: Scanning class com.simibubi.create.content.contraptions.minecart.MinecartCouplingItem for @SubscribeEvent-annotated methods
[30Aug2025 03:42:29.402] [modloading-worker-0/DEBUG] [net.neoforged.fml.javafmlmod.AutomaticEventSubscriber/]: Subscribing @EventBusSubscriber class Lcom/simibubi/create/content/contraptions/minecart/MinecartCouplingItem; to the game event bus
[30Aug2025 03:42:29.402] [modloading-worker-0/DEBUG] [net.neoforged.fml.javafmlmod.AutomaticEventSubscriber/LOADING]: Scanning class com.simibubi.create.content.contraptions.minecart.CouplingHandler for @SubscribeEvent-annotated methods
[30Aug2025 03:42:29.403] [modloading-worker-0/DEBUG] [net.neoforged.fml.javafmlmod.AutomaticEventSubscriber/]: Subscribing @EventBusSubscriber class Lcom/simibubi/create/content/contraptions/minecart/CouplingHandler; to the game event bus
[30Aug2025 03:42:29.403] [modloading-worker-0/DEBUG] [net.neoforged.fml.javafmlmod.AutomaticEventSubscriber/LOADING]: Scanning class com.simibubi.create.content.contraptions.glue.SuperGlueHandler for @SubscribeEvent-annotated methods
[30Aug2025 03:42:29.403] [modloading-worker-0/DEBUG] [net.neoforged.fml.javafmlmod.AutomaticEventSubscriber/]: Subscribing @EventBusSubscriber class Lcom/simibubi/create/content/contraptions/glue/SuperGlueHandler; to the game event bus
[30Aug2025 03:42:29.403] [modloading-worker-0/DEBUG] [net.neoforged.fml.javafmlmod.AutomaticEventSubscriber/LOADING]: Scanning class com.simibubi.create.content.contraptions.glue.SuperGlueItem for @SubscribeEvent-annotated methods
[30Aug2025 03:42:29.405] [modloading-worker-0/DEBUG] [net.neoforged.fml.javafmlmod.AutomaticEventSubscriber/]: Subscribing @EventBusSubscriber class Lcom/simibubi/create/content/contraptions/glue/SuperGlueItem; to the game event bus
[30Aug2025 03:42:29.405] [modloading-worker-0/DEBUG] [net.neoforged.fml.javafmlmod.AutomaticEventSubscriber/LOADING]: Scanning class com.simibubi.create.content.redstone.displayLink.ClickToLinkBlockItem for @SubscribeEvent-annotated methods
[30Aug2025 03:42:29.405] [modloading-worker-0/DEBUG] [net.neoforged.fml.javafmlmod.AutomaticEventSubscriber/]: Subscribing @EventBusSubscriber class Lcom/simibubi/create/content/redstone/displayLink/ClickToLinkBlockItem; to the game event bus
[30Aug2025 03:42:29.405] [modloading-worker-0/DEBUG] [net.neoforged.fml.javafmlmod.AutomaticEventSubscriber/LOADING]: Scanning class com.simibubi.create.content.redstone.link.LinkHandler for @SubscribeEvent-annotated methods
[30Aug2025 03:42:29.405] [modloading-worker-0/DEBUG] [net.neoforged.fml.javafmlmod.AutomaticEventSubscriber/]: Subscribing @EventBusSubscriber class Lcom/simibubi/create/content/redstone/link/LinkHandler; to the game event bus
[30Aug2025 03:42:29.405] [modloading-worker-0/DEBUG] [net.neoforged.fml.javafmlmod.AutomaticEventSubscriber/LOADING]: Scanning class com.simibubi.create.content.fluids.FluidBottleItemHook for @SubscribeEvent-annotated methods
[30Aug2025 03:42:29.405] [modloading-worker-0/DEBUG] [net.neoforged.fml.javafmlmod.AutomaticEventSubscriber/]: Subscribing @EventBusSubscriber class Lcom/simibubi/create/content/fluids/FluidBottleItemHook; to the game event bus
[30Aug2025 03:42:29.405] [modloading-worker-0/DEBUG] [net.neoforged.fml.javafmlmod.AutomaticEventSubscriber/LOADING]: Scanning class com.simibubi.create.content.fluids.FluidReactions for @SubscribeEvent-annotated methods
[30Aug2025 03:42:29.407] [modloading-worker-0/DEBUG] [net.neoforged.fml.javafmlmod.AutomaticEventSubscriber/]: Subscribing @EventBusSubscriber class Lcom/simibubi/create/content/fluids/FluidReactions; to the game event bus
[30Aug2025 03:42:29.407] [modloading-worker-0/DEBUG] [net.neoforged.fml.javafmlmod.AutomaticEventSubscriber/LOADING]: Scanning class com.simibubi.create.AllKeys for @SubscribeEvent-annotated methods
[30Aug2025 03:42:29.409] [modloading-worker-0/DEBUG] [net.neoforged.fml.javafmlmod.AutomaticEventSubscriber/]: Subscribing @EventBusSubscriber class Lcom/simibubi/create/AllKeys; to the mod event bus of mod create
[30Aug2025 03:42:29.409] [modloading-worker-0/DEBUG] [net.neoforged.fml.javafmlmod.AutomaticEventSubscriber/LOADING]: Scanning class com.simibubi.create.compat.trainmap.TrainMapEvents for @SubscribeEvent-annotated methods
[30Aug2025 03:42:29.411] [modloading-worker-0/DEBUG] [net.neoforged.fml.javafmlmod.AutomaticEventSubscriber/]: Subscribing @EventBusSubscriber class Lcom/simibubi/create/compat/trainmap/TrainMapEvents; to the game event bus
[30Aug2025 03:42:29.411] [modloading-worker-0/DEBUG] [net.neoforged.fml.javafmlmod.AutomaticEventSubscriber/LOADING]: Scanning class com.simibubi.create.impl.registry.CreateRegistriesImpl for @SubscribeEvent-annotated methods
[30Aug2025 03:42:29.411] [modloading-worker-0/DEBUG] [net.neoforged.fml.javafmlmod.AutomaticEventSubscriber/]: Subscribing @EventBusSubscriber class Lcom/simibubi/create/impl/registry/CreateRegistriesImpl; to the mod event bus of mod create
[30Aug2025 03:42:29.411] [modloading-worker-0/DEBUG] [net.neoforged.fml.javafmlmod.AutomaticEventSubscriber/LOADING]: Scanning class com.simibubi.create.infrastructure.RemapHelper for @SubscribeEvent-annotated methods
[30Aug2025 03:42:29.414] [modloading-worker-0/DEBUG] [net.neoforged.fml.javafmlmod.AutomaticEventSubscriber/]: Subscribing @EventBusSubscriber class Lcom/simibubi/create/infrastructure/RemapHelper; to the mod event bus of mod create
[30Aug2025 03:42:29.414] [modloading-worker-0/DEBUG] [net.neoforged.fml.javafmlmod.AutomaticEventSubscriber/LOADING]: Scanning class com.simibubi.create.infrastructure.gametest.CreateGameTests for @SubscribeEvent-annotated methods
[30Aug2025 03:42:29.419] [modloading-worker-0/DEBUG] [net.neoforged.fml.javafmlmod.AutomaticEventSubscriber/]: Subscribing @EventBusSubscriber class Lcom/simibubi/create/infrastructure/gametest/CreateGameTests; to the mod event bus of mod create
[30Aug2025 03:42:29.419] [modloading-worker-0/DEBUG] [net.neoforged.fml.javafmlmod.AutomaticEventSubscriber/LOADING]: Scanning class com.simibubi.create.infrastructure.gui.OpenCreateMenuButton$OpenConfigButtonHandler for @SubscribeEvent-annotated methods
[30Aug2025 03:42:29.419] [modloading-worker-0/DEBUG] [net.neoforged.fml.javafmlmod.AutomaticEventSubscriber/]: Subscribing @EventBusSubscriber class Lcom/simibubi/create/infrastructure/gui/OpenCreateMenuButton$OpenConfigButtonHandler; to the game event bus
[30Aug2025 03:42:29.420] [modloading-worker-0/DEBUG] [net.neoforged.fml.javafmlmod.AutomaticEventSubscriber/LOADING]: Scanning class com.simibubi.create.infrastructure.config.AllConfigs for @SubscribeEvent-annotated methods
[30Aug2025 03:42:29.420] [modloading-worker-0/DEBUG] [net.neoforged.fml.javafmlmod.AutomaticEventSubscriber/]: Subscribing @EventBusSubscriber class Lcom/simibubi/create/infrastructure/config/AllConfigs; to the mod event bus of mod create
[30Aug2025 03:42:29.422] [modloading-worker-0/INFO] [Create Deco/]: Registering items for Create Deco
[30Aug2025 03:42:29.435] [modloading-worker-0/INFO] [Create Deco/]: Registering blocks for Create Deco
[30Aug2025 03:42:29.500] [modloading-worker-0/DEBUG] [net.neoforged.fml.javafmlmod.AutomaticEventSubscriber/LOADING]: Attempting to inject @EventBusSubscriber classes into the eventbus for createdeco
[30Aug2025 03:42:29.516] [modloading-sync-worker/DEBUG] [net.neoforged.neoforge.registries.GameData/REGISTRIES]: Unfreezing registries
[30Aug2025 03:42:30.355] [modloading-sync-worker/DEBUG] [mixin/]: Mixing client.HumanoidModelMixin from create.mixins.json into net.minecraft.client.model.HumanoidModel
[30Aug2025 03:42:30.358] [modloading-sync-worker/DEBUG] [mixin/]: create.mixins.json:client.HumanoidModelMixin from mod create->@Inject::create$afterSetupAnim(Lnet/minecraft/world/entity/LivingEntity;FFFFFLorg/spongepowered/asm/mixin/injection/callback/CallbackInfo;)V doesn't use it's CallbackInfo
[30Aug2025 03:42:30.358] [modloading-sync-worker/DEBUG] [mixin/]: create.mixins.json:client.HumanoidModelMixin from mod create->@Inject::create$afterSetupAnim(Lnet/minecraft/world/entity/LivingEntity;FFFFFLorg/spongepowered/asm/mixin/injection/callback/CallbackInfo;)V has 0 override(s) in child classes
[30Aug2025 03:42:30.358] [modloading-sync-worker/DEBUG] [mixin/]: create.mixins.json:client.HumanoidModelMixin from mod create->@Inject::create$afterSetupAnim(Lnet/minecraft/world/entity/LivingEntity;FFFFFLorg/spongepowered/asm/mixin/injection/callback/CallbackInfo;)V won't be passed a CallbackInfo as a result
[30Aug2025 03:42:30.358] [modloading-sync-worker/DEBUG] [mixin/]: create.mixins.json:client.HumanoidModelMixin from mod create->@Inject::create$afterSetupAnim(Lnet/minecraft/world/entity/LivingEntity;FFFFFLorg/spongepowered/asm/mixin/injection/callback/CallbackInfo;)V doesn't use it's CallbackInfo
[30Aug2025 03:42:30.358] [modloading-sync-worker/DEBUG] [mixin/]: create.mixins.json:client.HumanoidModelMixin from mod create->@Inject::create$afterSetupAnim(Lnet/minecraft/world/entity/LivingEntity;FFFFFLorg/spongepowered/asm/mixin/injection/callback/CallbackInfo;)V has 0 override(s) in child classes
[30Aug2025 03:42:30.358] [modloading-sync-worker/DEBUG] [mixin/]: create.mixins.json:client.HumanoidModelMixin from mod create->@Inject::create$afterSetupAnim(Lnet/minecraft/world/entity/LivingEntity;FFFFFLorg/spongepowered/asm/mixin/injection/callback/CallbackInfo;)V won't be passed a CallbackInfo as a result
[30Aug2025 03:42:30.358] [modloading-sync-worker/DEBUG] [mixin/]: create.mixins.json:client.HumanoidModelMixin from mod create->@Inject::create$beforeSetupAnim(Lnet/minecraft/world/entity/LivingEntity;FFFFFLorg/spongepowered/asm/mixin/injection/callback/CallbackInfo;)V doesn't use it's CallbackInfo
[30Aug2025 03:42:30.358] [modloading-sync-worker/DEBUG] [mixin/]: create.mixins.json:client.HumanoidModelMixin from mod create->@Inject::create$beforeSetupAnim(Lnet/minecraft/world/entity/LivingEntity;FFFFFLorg/spongepowered/asm/mixin/injection/callback/CallbackInfo;)V has 0 override(s) in child classes
[30Aug2025 03:42:30.358] [modloading-sync-worker/DEBUG] [mixin/]: create.mixins.json:client.HumanoidModelMixin from mod create->@Inject::create$beforeSetupAnim(Lnet/minecraft/world/entity/LivingEntity;FFFFFLorg/spongepowered/asm/mixin/injection/callback/CallbackInfo;)V won't be passed a CallbackInfo as a result
[30Aug2025 03:42:30.358] [modloading-sync-worker/DEBUG] [mixin/]: create.mixins.json:client.HumanoidModelMixin from mod create->@Inject::create$beforeSetupAnim(Lnet/minecraft/world/entity/LivingEntity;FFFFFLorg/spongepowered/asm/mixin/injection/callback/CallbackInfo;)V doesn't use it's CallbackInfo
[30Aug2025 03:42:30.358] [modloading-sync-worker/DEBUG] [mixin/]: create.mixins.json:client.HumanoidModelMixin from mod create->@Inject::create$beforeSetupAnim(Lnet/minecraft/world/entity/LivingEntity;FFFFFLorg/spongepowered/asm/mixin/injection/callback/CallbackInfo;)V has 0 override(s) in child classes
[30Aug2025 03:42:30.358] [modloading-sync-worker/DEBUG] [mixin/]: create.mixins.json:client.HumanoidModelMixin from mod create->@Inject::create$beforeSetupAnim(Lnet/minecraft/world/entity/LivingEntity;FFFFFLorg/spongepowered/asm/mixin/injection/callback/CallbackInfo;)V won't be passed a CallbackInfo as a result
[30Aug2025 03:42:30.360] [modloading-sync-worker/DEBUG] [mixin/]: Mixing accessor.AgeableListModelAccessor from create.mixins.json into net.minecraft.client.model.AgeableListModel
[30Aug2025 03:42:30.369] [modloading-sync-worker/DEBUG] [mixin/]: Mixing accessor.ItemModelGeneratorsAccessor from create.mixins.json into net.minecraft.data.models.ItemModelGenerators
[30Aug2025 03:42:30.369] [modloading-sync-worker/DEBUG] [mixin/]: Renaming @Accessor method create$getGENERATED_TRIM_MODELS()Ljava/util/List; to getGENERATED_TRIM_MODELS$create_$md$5a1df6$0 in create.mixins.json:accessor.ItemModelGeneratorsAccessor from mod create
[30Aug2025 03:42:30.414] [modloading-sync-worker/DEBUG] [mixin/]: Mixing accessor.FontAccessor from create.mixins.json into net.minecraft.client.gui.Font
[30Aug2025 03:42:30.657] [modloading-sync-worker/DEBUG] [net.neoforged.neoforge.registries.GameData/REGISTRIES]: Freezing registries
[30Aug2025 03:42:31.680] [modloading-sync-worker/DEBUG] [net.neoforged.neoforge.registries.GameData/REGISTRIES]: All registries frozen
[30Aug2025 03:42:31.731] [Worker-Main-1/DEBUG] [mixin/]: Mixing MapItemSavedDataMixin from create.mixins.json into net.minecraft.world.level.saveddata.maps.MapItemSavedData
[30Aug2025 03:42:31.744] [Worker-Main-1/DEBUG] [mixin/]: create.mixins.json:MapItemSavedDataMixin from mod create->@Inject::create$onLoad(Lnet/minecraft/nbt/CompoundTag;Lnet/minecraft/core/HolderLookup$Provider;Lorg/spongepowered/asm/mixin/injection/callback/CallbackInfoReturnable;)V does use it's CallbackInfoReturnable
[30Aug2025 03:42:31.744] [Worker-Main-1/DEBUG] [mixin/]: create.mixins.json:MapItemSavedDataMixin from mod create->@Inject::create$onSave(Lnet/minecraft/nbt/CompoundTag;Lnet/minecraft/core/HolderLookup$Provider;Lorg/spongepowered/asm/mixin/injection/callback/CallbackInfoReturnable;)V doesn't use it's CallbackInfoReturnable
[30Aug2025 03:42:31.744] [Worker-Main-1/DEBUG] [mixin/]: create.mixins.json:MapItemSavedDataMixin from mod create->@Inject::create$onSave(Lnet/minecraft/nbt/CompoundTag;Lnet/minecraft/core/HolderLookup$Provider;Lorg/spongepowered/asm/mixin/injection/callback/CallbackInfoReturnable;)V has 0 override(s) in child classes
[30Aug2025 03:42:31.744] [Worker-Main-1/DEBUG] [mixin/]: create.mixins.json:MapItemSavedDataMixin from mod create->@Inject::create$onSave(Lnet/minecraft/nbt/CompoundTag;Lnet/minecraft/core/HolderLookup$Provider;Lorg/spongepowered/asm/mixin/injection/callback/CallbackInfoReturnable;)V won't be passed a CallbackInfoReturnable as a result
[30Aug2025 03:42:31.744] [Worker-Main-1/DEBUG] [mixin/]: create.mixins.json:MapItemSavedDataMixin from mod create->@Inject::create$onCheckBanners(Lnet/minecraft/world/level/BlockGetter;IILorg/spongepowered/asm/mixin/injection/callback/CallbackInfo;)V doesn't use it's CallbackInfo
[30Aug2025 03:42:31.744] [Worker-Main-1/DEBUG] [mixin/]: create.mixins.json:MapItemSavedDataMixin from mod create->@Inject::create$onCheckBanners(Lnet/minecraft/world/level/BlockGetter;IILorg/spongepowered/asm/mixin/injection/callback/CallbackInfo;)V has 0 override(s) in child classes
[30Aug2025 03:42:31.744] [Worker-Main-1/DEBUG] [mixin/]: create.mixins.json:MapItemSavedDataMixin from mod create->@Inject::create$onCheckBanners(Lnet/minecraft/world/level/BlockGetter;IILorg/spongepowered/asm/mixin/injection/callback/CallbackInfo;)V won't be passed a CallbackInfo as a result
[30Aug2025 03:42:31.758] [main/WARN] [net.minecraft.server.packs.VanillaPackResourcesBuilder/]: Assets URL 'union:/C:/Users/micha/Documents/Blocks%20&%20Bogeys%201.21.1/CreateDeco/.gradle/repositories/ng_dummy_ng/net/neoforged/neoforge/21.1.193/neoforge-21.1.193.jar%23195!/assets/.mcassetsroot' uses unexpected schema
[30Aug2025 03:42:31.758] [main/WARN] [net.minecraft.server.packs.VanillaPackResourcesBuilder/]: Assets URL 'union:/C:/Users/micha/Documents/Blocks%20&%20Bogeys%201.21.1/CreateDeco/.gradle/repositories/ng_dummy_ng/net/neoforged/neoforge/21.1.193/neoforge-21.1.193.jar%23195!/data/.mcassetsroot' uses unexpected schema
[30Aug2025 03:42:31.812] [main/DEBUG] [mixin/]: Mixing ModelPartAccessor from flywheel.impl.mixins.json into net.minecraft.client.model.geom.ModelPart
[30Aug2025 03:42:31.860] [main/DEBUG] [com.tterrag.registrate.providers.RegistrateDataProvider/REGISTRATE.DATA]: Gathering providers for sides: [CLIENT, SERVER]
[30Aug2025 03:42:31.868] [main/DEBUG] [com.tterrag.registrate.providers.RegistrateDataProvider/REGISTRATE.DATA]: Adding provider for type: dynamic
[30Aug2025 03:42:31.869] [main/DEBUG] [com.tterrag.registrate.providers.RegistrateDataProvider/REGISTRATE.DATA]: Adding provider for type: data_map
[30Aug2025 03:42:31.875] [main/DEBUG] [com.tterrag.registrate.providers.RegistrateDataProvider/REGISTRATE.DATA]: Adding provider for type: recipe
[30Aug2025 03:42:31.875] [main/DEBUG] [com.tterrag.registrate.providers.RegistrateDataProvider/REGISTRATE.DATA]: Adding provider for type: advancement
[30Aug2025 03:42:31.892] [main/DEBUG] [com.tterrag.registrate.providers.RegistrateDataProvider/REGISTRATE.DATA]: Adding provider for type: loot
[30Aug2025 03:42:31.895] [main/DEBUG] [com.tterrag.registrate.providers.RegistrateDataProvider/REGISTRATE.DATA]: Adding provider for type: tags/enchantment
[30Aug2025 03:42:31.897] [main/DEBUG] [com.tterrag.registrate.providers.RegistrateDataProvider/REGISTRATE.DATA]: Adding provider for type: tags/block
[30Aug2025 03:42:31.899] [main/DEBUG] [com.tterrag.registrate.providers.RegistrateDataProvider/REGISTRATE.DATA]: Adding provider for type: tags/item
[30Aug2025 03:42:31.899] [main/DEBUG] [com.tterrag.registrate.providers.RegistrateDataProvider/REGISTRATE.DATA]: Adding provider for type: tags/fluid
[30Aug2025 03:42:31.899] [main/DEBUG] [com.tterrag.registrate.providers.RegistrateDataProvider/REGISTRATE.DATA]: Adding provider for type: tags/entity
[30Aug2025 03:42:31.900] [main/DEBUG] [com.tterrag.registrate.providers.RegistrateDataProvider/REGISTRATE.DATA]: Adding provider for type: registrate_generic_server_provider
[30Aug2025 03:42:31.906] [main/DEBUG] [com.tterrag.registrate.providers.RegistrateDataProvider/REGISTRATE.DATA]: Adding provider for type: blockstate
[30Aug2025 03:42:31.906] [main/DEBUG] [com.tterrag.registrate.providers.RegistrateDataProvider/REGISTRATE.DATA]: Adding provider for type: item_model
[30Aug2025 03:42:31.906] [main/DEBUG] [com.tterrag.registrate.providers.RegistrateDataProvider/REGISTRATE.DATA]: Adding provider for type: lang
[30Aug2025 03:42:31.908] [main/DEBUG] [com.tterrag.registrate.providers.RegistrateDataProvider/REGISTRATE.DATA]: Adding provider for type: registrate_generic_client_provider
[30Aug2025 03:42:31.908] [main/DEBUG] [com.tterrag.registrate.providers.RegistrateDataProvider/REGISTRATE.DATA]: Gathering providers for sides: [CLIENT, SERVER]
[30Aug2025 03:42:31.908] [main/DEBUG] [com.tterrag.registrate.providers.RegistrateDataProvider/REGISTRATE.DATA]: Adding provider for type: dynamic
[30Aug2025 03:42:31.908] [main/DEBUG] [com.tterrag.registrate.providers.RegistrateDataProvider/REGISTRATE.DATA]: Adding provider for type: data_map
[30Aug2025 03:42:31.908] [main/DEBUG] [com.tterrag.registrate.providers.RegistrateDataProvider/REGISTRATE.DATA]: Adding provider for type: recipe
[30Aug2025 03:42:31.908] [main/DEBUG] [com.tterrag.registrate.providers.RegistrateDataProvider/REGISTRATE.DATA]: Adding provider for type: advancement
[30Aug2025 03:42:31.908] [main/DEBUG] [com.tterrag.registrate.providers.RegistrateDataProvider/REGISTRATE.DATA]: Adding provider for type: loot
[30Aug2025 03:42:31.909] [main/DEBUG] [com.tterrag.registrate.providers.RegistrateDataProvider/REGISTRATE.DATA]: Adding provider for type: tags/enchantment
[30Aug2025 03:42:31.909] [main/DEBUG] [com.tterrag.registrate.providers.RegistrateDataProvider/REGISTRATE.DATA]: Adding provider for type: tags/block
[30Aug2025 03:42:31.909] [main/DEBUG] [com.tterrag.registrate.providers.RegistrateDataProvider/REGISTRATE.DATA]: Adding provider for type: tags/item
[30Aug2025 03:42:31.909] [main/DEBUG] [com.tterrag.registrate.providers.RegistrateDataProvider/REGISTRATE.DATA]: Adding provider for type: tags/fluid
[30Aug2025 03:42:31.909] [main/DEBUG] [com.tterrag.registrate.providers.RegistrateDataProvider/REGISTRATE.DATA]: Adding provider for type: tags/entity
[30Aug2025 03:42:31.909] [main/DEBUG] [com.tterrag.registrate.providers.RegistrateDataProvider/REGISTRATE.DATA]: Adding provider for type: registrate_generic_server_provider
[30Aug2025 03:42:31.909] [main/DEBUG] [com.tterrag.registrate.providers.RegistrateDataProvider/REGISTRATE.DATA]: Adding provider for type: blockstate
[30Aug2025 03:42:31.909] [main/DEBUG] [com.tterrag.registrate.providers.RegistrateDataProvider/REGISTRATE.DATA]: Adding provider for type: item_model
[30Aug2025 03:42:31.909] [main/DEBUG] [com.tterrag.registrate.providers.RegistrateDataProvider/REGISTRATE.DATA]: Adding provider for type: lang
[30Aug2025 03:42:31.909] [main/DEBUG] [com.tterrag.registrate.providers.RegistrateDataProvider/REGISTRATE.DATA]: Adding provider for type: registrate_generic_client_provider
[30Aug2025 03:42:31.981] [main/INFO] [net.minecraft.data.DataGenerator/]: Starting provider: Registrate Provider for createdeco [Registries, Data Maps, Recipes, Advancements, Loot Tables, Tags (enchantments), Tags (blocks), Tags (items), Tags (fluids), Tags (entity_types), generic_server_provider, Blockstates, Item models, Lang (en_us/en_ud), generic_client_provider]
[30Aug2025 03:42:32.041] [Worker-Main-1/DEBUG] [com.tterrag.registrate.providers.RegistrateDataProvider/REGISTRATE.DATA]: Generating data for type: dynamic
[30Aug2025 03:42:32.041] [Worker-Main-1/DEBUG] [com.tterrag.registrate.providers.RegistrateDataProvider/REGISTRATE.DATA]: Generating data for type: data_map
[30Aug2025 03:42:32.041] [Worker-Main-1/DEBUG] [com.tterrag.registrate.providers.RegistrateDataProvider/REGISTRATE.DATA]: Generating data for type: recipe
[30Aug2025 03:42:32.044] [Worker-Main-1/DEBUG] [com.tterrag.registrate.AbstractRegistrate/REGISTRATE.DATA]: Generating data of type recipe for entry netherite_nugget [minecraft:item]
[30Aug2025 03:42:32.066] [Worker-Main-1/DEBUG] [com.tterrag.registrate.AbstractRegistrate/REGISTRATE.DATA]: Generating data of type recipe for entry industrial_iron_nugget [minecraft:item]
[30Aug2025 03:42:32.069] [Worker-Main-1/DEBUG] [com.tterrag.registrate.AbstractRegistrate/REGISTRATE.DATA]: Generating data of type recipe for entry industrial_iron_ingot [minecraft:item]
[30Aug2025 03:42:32.070] [Worker-Main-1/DEBUG] [com.tterrag.registrate.AbstractRegistrate/REGISTRATE.DATA]: Generating data of type recipe for entry gold_coin [minecraft:item]
[30Aug2025 03:42:32.070] [Worker-Main-1/DEBUG] [com.tterrag.registrate.AbstractRegistrate/REGISTRATE.DATA]: Generating data of type recipe for entry gold_coinstack [minecraft:item]
[30Aug2025 03:42:32.070] [Worker-Main-1/DEBUG] [com.tterrag.registrate.AbstractRegistrate/REGISTRATE.DATA]: Generating data of type recipe for entry netherite_coin [minecraft:item]
[30Aug2025 03:42:32.072] [Worker-Main-1/DEBUG] [com.tterrag.registrate.AbstractRegistrate/REGISTRATE.DATA]: Generating data of type recipe for entry netherite_coinstack [minecraft:item]
[30Aug2025 03:42:32.072] [Worker-Main-1/DEBUG] [com.tterrag.registrate.AbstractRegistrate/REGISTRATE.DATA]: Generating data of type recipe for entry brass_coin [minecraft:item]
[30Aug2025 03:42:32.073] [Worker-Main-1/DEBUG] [com.tterrag.registrate.AbstractRegistrate/REGISTRATE.DATA]: Generating data of type recipe for entry brass_coinstack [minecraft:item]
[30Aug2025 03:42:32.073] [Worker-Main-1/DEBUG] [com.tterrag.registrate.AbstractRegistrate/REGISTRATE.DATA]: Generating data of type recipe for entry iron_coin [minecraft:item]
[30Aug2025 03:42:32.073] [Worker-Main-1/DEBUG] [com.tterrag.registrate.AbstractRegistrate/REGISTRATE.DATA]: Generating data of type recipe for entry iron_coinstack [minecraft:item]
[30Aug2025 03:42:32.075] [Worker-Main-1/DEBUG] [com.tterrag.registrate.AbstractRegistrate/REGISTRATE.DATA]: Generating data of type recipe for entry copper_coin [minecraft:item]
[30Aug2025 03:42:32.075] [Worker-Main-1/DEBUG] [com.tterrag.registrate.AbstractRegistrate/REGISTRATE.DATA]: Generating data of type recipe for entry copper_coinstack [minecraft:item]
[30Aug2025 03:42:32.075] [Worker-Main-1/DEBUG] [com.tterrag.registrate.AbstractRegistrate/REGISTRATE.DATA]: Generating data of type recipe for entry industrial_iron_coin [minecraft:item]
[30Aug2025 03:42:32.077] [Worker-Main-1/DEBUG] [com.tterrag.registrate.AbstractRegistrate/REGISTRATE.DATA]: Generating data of type recipe for entry industrial_iron_coinstack [minecraft:item]
[30Aug2025 03:42:32.077] [Worker-Main-1/DEBUG] [com.tterrag.registrate.AbstractRegistrate/REGISTRATE.DATA]: Generating data of type recipe for entry zinc_coin [minecraft:item]
[30Aug2025 03:42:32.077] [Worker-Main-1/DEBUG] [com.tterrag.registrate.AbstractRegistrate/REGISTRATE.DATA]: Generating data of type recipe for entry zinc_coinstack [minecraft:item]
[30Aug2025 03:42:32.078] [Worker-Main-1/DEBUG] [com.tterrag.registrate.AbstractRegistrate/REGISTRATE.DATA]: Generating data of type recipe for entry andesite_window [minecraft:block]
[30Aug2025 03:42:32.079] [Worker-Main-1/DEBUG] [com.tterrag.registrate.AbstractRegistrate/REGISTRATE.DATA]: Generating data of type recipe for entry copper_window [minecraft:block]
[30Aug2025 03:42:32.079] [Worker-Main-1/DEBUG] [com.tterrag.registrate.AbstractRegistrate/REGISTRATE.DATA]: Generating data of type recipe for entry iron_window [minecraft:block]
[30Aug2025 03:42:32.079] [Worker-Main-1/DEBUG] [com.tterrag.registrate.AbstractRegistrate/REGISTRATE.DATA]: Generating data of type recipe for entry industrial_iron_window [minecraft:block]
[30Aug2025 03:42:32.081] [Worker-Main-1/DEBUG] [com.tterrag.registrate.AbstractRegistrate/REGISTRATE.DATA]: Generating data of type recipe for entry brass_window [minecraft:block]
[30Aug2025 03:42:32.081] [Worker-Main-1/DEBUG] [com.tterrag.registrate.AbstractRegistrate/REGISTRATE.DATA]: Generating data of type recipe for entry zinc_window [minecraft:block]
[30Aug2025 03:42:32.081] [Worker-Main-1/DEBUG] [com.tterrag.registrate.AbstractRegistrate/REGISTRATE.DATA]: Generating data of type recipe for entry andesite_window_pane [minecraft:block]
[30Aug2025 03:42:32.082] [Worker-Main-1/DEBUG] [com.tterrag.registrate.AbstractRegistrate/REGISTRATE.DATA]: Generating data of type recipe for entry copper_window_pane [minecraft:block]
[30Aug2025 03:42:32.082] [Worker-Main-1/DEBUG] [com.tterrag.registrate.AbstractRegistrate/REGISTRATE.DATA]: Generating data of type recipe for entry iron_window_pane [minecraft:block]
[30Aug2025 03:42:32.083] [Worker-Main-1/DEBUG] [com.tterrag.registrate.AbstractRegistrate/REGISTRATE.DATA]: Generating data of type recipe for entry industrial_iron_window_pane [minecraft:block]
[30Aug2025 03:42:32.083] [Worker-Main-1/DEBUG] [com.tterrag.registrate.AbstractRegistrate/REGISTRATE.DATA]: Generating data of type recipe for entry brass_window_pane [minecraft:block]
[30Aug2025 03:42:32.083] [Worker-Main-1/DEBUG] [com.tterrag.registrate.AbstractRegistrate/REGISTRATE.DATA]: Generating data of type recipe for entry zinc_window_pane [minecraft:block]
[30Aug2025 03:42:32.085] [Worker-Main-1/DEBUG] [com.tterrag.registrate.AbstractRegistrate/REGISTRATE.DATA]: Generating data of type recipe for entry andesite_bars_overlay [minecraft:block]
[30Aug2025 03:42:32.089] [Worker-Main-1/DEBUG] [com.tterrag.registrate.AbstractRegistrate/REGISTRATE.DATA]: Generating data of type recipe for entry andesite_bars [minecraft:block]
[30Aug2025 03:42:32.091] [Worker-Main-1/DEBUG] [com.tterrag.registrate.AbstractRegistrate/REGISTRATE.DATA]: Generating data of type recipe for entry brass_bars_overlay [minecraft:block]
[30Aug2025 03:42:32.092] [Worker-Main-1/DEBUG] [com.tterrag.registrate.AbstractRegistrate/REGISTRATE.DATA]: Generating data of type recipe for entry brass_bars [minecraft:block]
[30Aug2025 03:42:32.092] [Worker-Main-1/DEBUG] [com.tterrag.registrate.AbstractRegistrate/REGISTRATE.DATA]: Generating data of type recipe for entry iron_bars_overlay [minecraft:block]
[30Aug2025 03:42:32.094] [Worker-Main-1/DEBUG] [com.tterrag.registrate.AbstractRegistrate/REGISTRATE.DATA]: Generating data of type recipe for entry copper_bars_overlay [minecraft:block]
[30Aug2025 03:42:32.095] [Worker-Main-1/DEBUG] [com.tterrag.registrate.AbstractRegistrate/REGISTRATE.DATA]: Generating data of type recipe for entry copper_bars [minecraft:block]
[30Aug2025 03:42:32.095] [Worker-Main-1/DEBUG] [com.tterrag.registrate.AbstractRegistrate/REGISTRATE.DATA]: Generating data of type recipe for entry industrial_iron_bars_overlay [minecraft:block]
[30Aug2025 03:42:32.097] [Worker-Main-1/DEBUG] [com.tterrag.registrate.AbstractRegistrate/REGISTRATE.DATA]: Generating data of type recipe for entry industrial_iron_bars [minecraft:block]
[30Aug2025 03:42:32.097] [Worker-Main-1/DEBUG] [com.tterrag.registrate.AbstractRegistrate/REGISTRATE.DATA]: Generating data of type recipe for entry zinc_bars_overlay [minecraft:block]
[30Aug2025 03:42:32.099] [Worker-Main-1/DEBUG] [com.tterrag.registrate.AbstractRegistrate/REGISTRATE.DATA]: Generating data of type recipe for entry zinc_bars [minecraft:block]
[30Aug2025 03:42:32.100] [Worker-Main-1/DEBUG] [com.tterrag.registrate.AbstractRegistrate/REGISTRATE.DATA]: Generating data of type recipe for entry andesite_mesh_fence [minecraft:block]
[30Aug2025 03:42:32.102] [Worker-Main-1/DEBUG] [com.tterrag.registrate.AbstractRegistrate/REGISTRATE.DATA]: Generating data of type recipe for entry brass_mesh_fence [minecraft:block]
[30Aug2025 03:42:32.102] [Worker-Main-1/DEBUG] [com.tterrag.registrate.AbstractRegistrate/REGISTRATE.DATA]: Generating data of type recipe for entry iron_mesh_fence [minecraft:block]
[30Aug2025 03:42:32.103] [Worker-Main-1/DEBUG] [com.tterrag.registrate.AbstractRegistrate/REGISTRATE.DATA]: Generating data of type recipe for entry copper_mesh_fence [minecraft:block]
[30Aug2025 03:42:32.103] [Worker-Main-1/DEBUG] [com.tterrag.registrate.AbstractRegistrate/REGISTRATE.DATA]: Generating data of type recipe for entry industrial_iron_mesh_fence [minecraft:block]
[30Aug2025 03:42:32.105] [Worker-Main-1/DEBUG] [com.tterrag.registrate.AbstractRegistrate/REGISTRATE.DATA]: Generating data of type recipe for entry zinc_mesh_fence [minecraft:block]
[30Aug2025 03:42:32.106] [Worker-Main-1/DEBUG] [com.tterrag.registrate.AbstractRegistrate/REGISTRATE.DATA]: Generating data of type recipe for entry andesite_catwalk [minecraft:block]
[30Aug2025 03:42:32.107] [Worker-Main-1/DEBUG] [com.tterrag.registrate.AbstractRegistrate/REGISTRATE.DATA]: Generating data of type recipe for entry andesite_catwalk_stairs [minecraft:block]
[30Aug2025 03:42:32.109] [Worker-Main-1/DEBUG] [com.tterrag.registrate.AbstractRegistrate/REGISTRATE.DATA]: Generating data of type recipe for entry andesite_catwalk_railing [minecraft:block]
[30Aug2025 03:42:32.110] [Worker-Main-1/DEBUG] [com.tterrag.registrate.AbstractRegistrate/REGISTRATE.DATA]: Generating data of type recipe for entry andesite_support_wedge [minecraft:block]
[30Aug2025 03:42:32.111] [Worker-Main-1/DEBUG] [com.tterrag.registrate.AbstractRegistrate/REGISTRATE.DATA]: Generating data of type recipe for entry andesite_facade [minecraft:block]
[30Aug2025 03:42:32.112] [Worker-Main-1/DEBUG] [com.tterrag.registrate.AbstractRegistrate/REGISTRATE.DATA]: Generating data of type recipe for entry brass_catwalk [minecraft:block]
[30Aug2025 03:42:32.113] [Worker-Main-1/DEBUG] [com.tterrag.registrate.AbstractRegistrate/REGISTRATE.DATA]: Generating data of type recipe for entry brass_catwalk_stairs [minecraft:block]
[30Aug2025 03:42:32.113] [Worker-Main-1/DEBUG] [com.tterrag.registrate.AbstractRegistrate/REGISTRATE.DATA]: Generating data of type recipe for entry brass_catwalk_railing [minecraft:block]
[30Aug2025 03:42:32.114] [Worker-Main-1/DEBUG] [com.tterrag.registrate.AbstractRegistrate/REGISTRATE.DATA]: Generating data of type recipe for entry brass_support_wedge [minecraft:block]
[30Aug2025 03:42:32.115] [Worker-Main-1/DEBUG] [com.tterrag.registrate.AbstractRegistrate/REGISTRATE.DATA]: Generating data of type recipe for entry brass_facade [minecraft:block]
[30Aug2025 03:42:32.115] [Worker-Main-1/DEBUG] [com.tterrag.registrate.AbstractRegistrate/REGISTRATE.DATA]: Generating data of type recipe for entry iron_catwalk [minecraft:block]
[30Aug2025 03:42:32.116] [Worker-Main-1/DEBUG] [com.tterrag.registrate.AbstractRegistrate/REGISTRATE.DATA]: Generating data of type recipe for entry iron_catwalk_stairs [minecraft:block]
[30Aug2025 03:42:32.117] [Worker-Main-1/DEBUG] [com.tterrag.registrate.AbstractRegistrate/REGISTRATE.DATA]: Generating data of type recipe for entry iron_catwalk_railing [minecraft:block]
[30Aug2025 03:42:32.118] [Worker-Main-1/DEBUG] [com.tterrag.registrate.AbstractRegistrate/REGISTRATE.DATA]: Generating data of type recipe for entry iron_support_wedge [minecraft:block]
[30Aug2025 03:42:32.118] [Worker-Main-1/DEBUG] [com.tterrag.registrate.AbstractRegistrate/REGISTRATE.DATA]: Generating data of type recipe for entry iron_facade [minecraft:block]
[30Aug2025 03:42:32.119] [Worker-Main-1/DEBUG] [com.tterrag.registrate.AbstractRegistrate/REGISTRATE.DATA]: Generating data of type recipe for entry copper_catwalk [minecraft:block]
[30Aug2025 03:42:32.120] [Worker-Main-1/DEBUG] [com.tterrag.registrate.AbstractRegistrate/REGISTRATE.DATA]: Generating data of type recipe for entry copper_catwalk_stairs [minecraft:block]
[30Aug2025 03:42:32.120] [Worker-Main-1/DEBUG] [com.tterrag.registrate.AbstractRegistrate/REGISTRATE.DATA]: Generating data of type recipe for entry copper_catwalk_railing [minecraft:block]
[30Aug2025 03:42:32.121] [Worker-Main-1/DEBUG] [com.tterrag.registrate.AbstractRegistrate/REGISTRATE.DATA]: Generating data of type recipe for entry copper_support_wedge [minecraft:block]
[30Aug2025 03:42:32.122] [Worker-Main-1/DEBUG] [com.tterrag.registrate.AbstractRegistrate/REGISTRATE.DATA]: Generating data of type recipe for entry copper_facade [minecraft:block]
[30Aug2025 03:42:32.122] [Worker-Main-1/DEBUG] [com.tterrag.registrate.AbstractRegistrate/REGISTRATE.DATA]: Generating data of type recipe for entry industrial_iron_catwalk [minecraft:block]
[30Aug2025 03:42:32.123] [Worker-Main-1/DEBUG] [com.tterrag.registrate.AbstractRegistrate/REGISTRATE.DATA]: Generating data of type recipe for entry industrial_iron_catwalk_stairs [minecraft:block]
[30Aug2025 03:42:32.124] [Worker-Main-1/DEBUG] [com.tterrag.registrate.AbstractRegistrate/REGISTRATE.DATA]: Generating data of type recipe for entry industrial_iron_catwalk_railing [minecraft:block]
[30Aug2025 03:42:32.125] [Worker-Main-1/DEBUG] [com.tterrag.registrate.AbstractRegistrate/REGISTRATE.DATA]: Generating data of type recipe for entry industrial_iron_support_wedge [minecraft:block]
[30Aug2025 03:42:32.126] [Worker-Main-1/DEBUG] [com.tterrag.registrate.AbstractRegistrate/REGISTRATE.DATA]: Generating data of type recipe for entry industrial_iron_facade [minecraft:block]
[30Aug2025 03:42:32.126] [Worker-Main-1/DEBUG] [com.tterrag.registrate.AbstractRegistrate/REGISTRATE.DATA]: Generating data of type recipe for entry zinc_catwalk [minecraft:block]
[30Aug2025 03:42:32.127] [Worker-Main-1/DEBUG] [com.tterrag.registrate.AbstractRegistrate/REGISTRATE.DATA]: Generating data of type recipe for entry zinc_catwalk_stairs [minecraft:block]
[30Aug2025 03:42:32.127] [Worker-Main-1/DEBUG] [com.tterrag.registrate.AbstractRegistrate/REGISTRATE.DATA]: Generating data of type recipe for entry zinc_catwalk_railing [minecraft:block]
[30Aug2025 03:42:32.128] [Worker-Main-1/DEBUG] [com.tterrag.registrate.AbstractRegistrate/REGISTRATE.DATA]: Generating data of type recipe for entry zinc_support_wedge [minecraft:block]
[30Aug2025 03:42:32.129] [Worker-Main-1/DEBUG] [com.tterrag.registrate.AbstractRegistrate/REGISTRATE.DATA]: Generating data of type recipe for entry zinc_facade [minecraft:block]
[30Aug2025 03:42:32.129] [Worker-Main-1/DEBUG] [com.tterrag.registrate.AbstractRegistrate/REGISTRATE.DATA]: Generating data of type recipe for entry iron_ladder [minecraft:block]
[30Aug2025 03:42:32.131] [Worker-Main-1/DEBUG] [com.tterrag.registrate.AbstractRegistrate/REGISTRATE.DATA]: Generating data of type recipe for entry industrial_iron_ladder [minecraft:block]
[30Aug2025 03:42:32.131] [Worker-Main-1/DEBUG] [com.tterrag.registrate.AbstractRegistrate/REGISTRATE.DATA]: Generating data of type recipe for entry zinc_ladder [minecraft:block]
[30Aug2025 03:42:32.131] [Worker-Main-1/DEBUG] [com.tterrag.registrate.AbstractRegistrate/REGISTRATE.DATA]: Generating data of type recipe for entry andesite_hull [minecraft:block]
[30Aug2025 03:42:32.132] [Worker-Main-1/DEBUG] [com.tterrag.registrate.AbstractRegistrate/REGISTRATE.DATA]: Generating data of type recipe for entry brass_hull [minecraft:block]
[30Aug2025 03:42:32.132] [Worker-Main-1/DEBUG] [com.tterrag.registrate.AbstractRegistrate/REGISTRATE.DATA]: Generating data of type recipe for entry iron_hull [minecraft:block]
[30Aug2025 03:42:32.134] [Worker-Main-1/DEBUG] [com.tterrag.registrate.AbstractRegistrate/REGISTRATE.DATA]: Generating data of type recipe for entry copper_hull [minecraft:block]
[30Aug2025 03:42:32.134] [Worker-Main-1/DEBUG] [com.tterrag.registrate.AbstractRegistrate/REGISTRATE.DATA]: Generating data of type recipe for entry industrial_iron_hull [minecraft:block]
[30Aug2025 03:42:32.135] [Worker-Main-1/DEBUG] [com.tterrag.registrate.AbstractRegistrate/REGISTRATE.DATA]: Generating data of type recipe for entry zinc_hull [minecraft:block]
[30Aug2025 03:42:32.135] [Worker-Main-1/DEBUG] [com.tterrag.registrate.AbstractRegistrate/REGISTRATE.DATA]: Generating data of type recipe for entry andesite_support [minecraft:block]
[30Aug2025 03:42:32.135] [Worker-Main-1/DEBUG] [com.tterrag.registrate.AbstractRegistrate/REGISTRATE.DATA]: Generating data of type recipe for entry brass_support [minecraft:block]
[30Aug2025 03:42:32.135] [Worker-Main-1/DEBUG] [com.tterrag.registrate.AbstractRegistrate/REGISTRATE.DATA]: Generating data of type recipe for entry iron_support [minecraft:block]
[30Aug2025 03:42:32.137] [Worker-Main-1/DEBUG] [com.tterrag.registrate.AbstractRegistrate/REGISTRATE.DATA]: Generating data of type recipe for entry copper_support [minecraft:block]
[30Aug2025 03:42:32.137] [Worker-Main-1/DEBUG] [com.tterrag.registrate.AbstractRegistrate/REGISTRATE.DATA]: Generating data of type recipe for entry industrial_iron_support [minecraft:block]
[30Aug2025 03:42:32.137] [Worker-Main-1/DEBUG] [com.tterrag.registrate.AbstractRegistrate/REGISTRATE.DATA]: Generating data of type recipe for entry zinc_support [minecraft:block]
[30Aug2025 03:42:32.138] [Worker-Main-1/DEBUG] [com.tterrag.registrate.AbstractRegistrate/REGISTRATE.DATA]: Generating data of type recipe for entry yellow_andesite_lamp [minecraft:block]
[30Aug2025 03:42:32.139] [Worker-Main-1/DEBUG] [com.tterrag.registrate.AbstractRegistrate/REGISTRATE.DATA]: Generating data of type recipe for entry red_andesite_lamp [minecraft:block]
[30Aug2025 03:42:32.139] [Worker-Main-1/DEBUG] [com.tterrag.registrate.AbstractRegistrate/REGISTRATE.DATA]: Generating data of type recipe for entry green_andesite_lamp [minecraft:block]
[30Aug2025 03:42:32.139] [Worker-Main-1/DEBUG] [com.tterrag.registrate.AbstractRegistrate/REGISTRATE.DATA]: Generating data of type recipe for entry blue_andesite_lamp [minecraft:block]
[30Aug2025 03:42:32.140] [Worker-Main-1/DEBUG] [com.tterrag.registrate.AbstractRegistrate/REGISTRATE.DATA]: Generating data of type recipe for entry yellow_brass_lamp [minecraft:block]
[30Aug2025 03:42:32.140] [Worker-Main-1/DEBUG] [com.tterrag.registrate.AbstractRegistrate/REGISTRATE.DATA]: Generating data of type recipe for entry red_brass_lamp [minecraft:block]
[30Aug2025 03:42:32.140] [Worker-Main-1/DEBUG] [com.tterrag.registrate.AbstractRegistrate/REGISTRATE.DATA]: Generating data of type recipe for entry green_brass_lamp [minecraft:block]
[30Aug2025 03:42:32.142] [Worker-Main-1/DEBUG] [com.tterrag.registrate.AbstractRegistrate/REGISTRATE.DATA]: Generating data of type recipe for entry blue_brass_lamp [minecraft:block]
[30Aug2025 03:42:32.142] [Worker-Main-1/DEBUG] [com.tterrag.registrate.AbstractRegistrate/REGISTRATE.DATA]: Generating data of type recipe for entry yellow_iron_lamp [minecraft:block]
[30Aug2025 03:42:32.142] [Worker-Main-1/DEBUG] [com.tterrag.registrate.AbstractRegistrate/REGISTRATE.DATA]: Generating data of type recipe for entry red_iron_lamp [minecraft:block]
[30Aug2025 03:42:32.142] [Worker-Main-1/DEBUG] [com.tterrag.registrate.AbstractRegistrate/REGISTRATE.DATA]: Generating data of type recipe for entry green_iron_lamp [minecraft:block]
[30Aug2025 03:42:32.143] [Worker-Main-1/DEBUG] [com.tterrag.registrate.AbstractRegistrate/REGISTRATE.DATA]: Generating data of type recipe for entry blue_iron_lamp [minecraft:block]
[30Aug2025 03:42:32.143] [Worker-Main-1/DEBUG] [com.tterrag.registrate.AbstractRegistrate/REGISTRATE.DATA]: Generating data of type recipe for entry yellow_copper_lamp [minecraft:block]
[30Aug2025 03:42:32.145] [Worker-Main-1/DEBUG] [com.tterrag.registrate.AbstractRegistrate/REGISTRATE.DATA]: Generating data of type recipe for entry red_copper_lamp [minecraft:block]
[30Aug2025 03:42:32.145] [Worker-Main-1/DEBUG] [com.tterrag.registrate.AbstractRegistrate/REGISTRATE.DATA]: Generating data of type recipe for entry green_copper_lamp [minecraft:block]
[30Aug2025 03:42:32.145] [Worker-Main-1/DEBUG] [com.tterrag.registrate.AbstractRegistrate/REGISTRATE.DATA]: Generating data of type recipe for entry blue_copper_lamp [minecraft:block]
[30Aug2025 03:42:32.145] [Worker-Main-1/DEBUG] [com.tterrag.registrate.AbstractRegistrate/REGISTRATE.DATA]: Generating data of type recipe for entry yellow_industrial_iron_lamp [minecraft:block]
[30Aug2025 03:42:32.147] [Worker-Main-1/DEBUG] [com.tterrag.registrate.AbstractRegistrate/REGISTRATE.DATA]: Generating data of type recipe for entry red_industrial_iron_lamp [minecraft:block]
[30Aug2025 03:42:32.147] [Worker-Main-1/DEBUG] [com.tterrag.registrate.AbstractRegistrate/REGISTRATE.DATA]: Generating data of type recipe for entry green_industrial_iron_lamp [minecraft:block]
[30Aug2025 03:42:32.147] [Worker-Main-1/DEBUG] [com.tterrag.registrate.AbstractRegistrate/REGISTRATE.DATA]: Generating data of type recipe for entry blue_industrial_iron_lamp [minecraft:block]
[30Aug2025 03:42:32.148] [Worker-Main-1/DEBUG] [com.tterrag.registrate.AbstractRegistrate/REGISTRATE.DATA]: Generating data of type recipe for entry yellow_zinc_lamp [minecraft:block]
[30Aug2025 03:42:32.149] [Worker-Main-1/DEBUG] [com.tterrag.registrate.AbstractRegistrate/REGISTRATE.DATA]: Generating data of type recipe for entry red_zinc_lamp [minecraft:block]
[30Aug2025 03:42:32.149] [Worker-Main-1/DEBUG] [com.tterrag.registrate.AbstractRegistrate/REGISTRATE.DATA]: Generating data of type recipe for entry green_zinc_lamp [minecraft:block]
[30Aug2025 03:42:32.149] [Worker-Main-1/DEBUG] [com.tterrag.registrate.AbstractRegistrate/REGISTRATE.DATA]: Generating data of type recipe for entry blue_zinc_lamp [minecraft:block]
[30Aug2025 03:42:32.149] [Worker-Main-1/DEBUG] [com.tterrag.registrate.AbstractRegistrate/REGISTRATE.DATA]: Generating data of type recipe for entry andesite_sheet_metal [minecraft:block]
[30Aug2025 03:42:32.149] [Worker-Main-1/DEBUG] [com.tterrag.registrate.AbstractRegistrate/REGISTRATE.DATA]: Generating data of type recipe for entry brass_sheet_metal [minecraft:block]
[30Aug2025 03:42:32.151] [Worker-Main-1/DEBUG] [com.tterrag.registrate.AbstractRegistrate/REGISTRATE.DATA]: Generating data of type recipe for entry iron_sheet_metal [minecraft:block]
[30Aug2025 03:42:32.151] [Worker-Main-1/DEBUG] [com.tterrag.registrate.AbstractRegistrate/REGISTRATE.DATA]: Generating data of type recipe for entry copper_sheet_metal [minecraft:block]
[30Aug2025 03:42:32.151] [Worker-Main-1/DEBUG] [com.tterrag.registrate.AbstractRegistrate/REGISTRATE.DATA]: Generating data of type recipe for entry industrial_iron_sheet_metal [minecraft:block]
[30Aug2025 03:42:32.151] [Worker-Main-1/DEBUG] [com.tterrag.registrate.AbstractRegistrate/REGISTRATE.DATA]: Generating data of type recipe for entry zinc_sheet_metal [minecraft:block]
[30Aug2025 03:42:32.152] [Worker-Main-1/DEBUG] [com.tterrag.registrate.AbstractRegistrate/REGISTRATE.DATA]: Generating data of type recipe for entry andesite_door [minecraft:block]
[30Aug2025 03:42:32.152] [Worker-Main-1/DEBUG] [com.tterrag.registrate.AbstractRegistrate/REGISTRATE.DATA]: Generating data of type recipe for entry locked_andesite_door [minecraft:block]
[30Aug2025 03:42:32.152] [Worker-Main-1/DEBUG] [com.tterrag.registrate.AbstractRegistrate/REGISTRATE.DATA]: Generating data of type recipe for entry andesite_trapdoor [minecraft:block]
[30Aug2025 03:42:32.154] [Worker-Main-1/DEBUG] [com.tterrag.registrate.AbstractRegistrate/REGISTRATE.DATA]: Generating data of type recipe for entry brass_door [minecraft:block]
[30Aug2025 03:42:32.154] [Worker-Main-1/DEBUG] [com.tterrag.registrate.AbstractRegistrate/REGISTRATE.DATA]: Generating data of type recipe for entry locked_brass_door [minecraft:block]
[30Aug2025 03:42:32.154] [Worker-Main-1/DEBUG] [com.tterrag.registrate.AbstractRegistrate/REGISTRATE.DATA]: Generating data of type recipe for entry brass_trapdoor [minecraft:block]
[30Aug2025 03:42:32.154] [Worker-Main-1/DEBUG] [com.tterrag.registrate.AbstractRegistrate/REGISTRATE.DATA]: Generating data of type recipe for entry copper_door [minecraft:block]
[30Aug2025 03:42:32.155] [Worker-Main-1/DEBUG] [com.tterrag.registrate.AbstractRegistrate/REGISTRATE.DATA]: Generating data of type recipe for entry locked_copper_door [minecraft:block]
[30Aug2025 03:42:32.155] [Worker-Main-1/DEBUG] [com.tterrag.registrate.AbstractRegistrate/REGISTRATE.DATA]: Generating data of type recipe for entry copper_trapdoor [minecraft:block]
[30Aug2025 03:42:32.155] [Worker-Main-1/DEBUG] [com.tterrag.registrate.AbstractRegistrate/REGISTRATE.DATA]: Generating data of type recipe for entry industrial_iron_door [minecraft:block]
[30Aug2025 03:42:32.155] [Worker-Main-1/DEBUG] [com.tterrag.registrate.AbstractRegistrate/REGISTRATE.DATA]: Generating data of type recipe for entry locked_industrial_iron_door [minecraft:block]
[30Aug2025 03:42:32.155] [Worker-Main-1/DEBUG] [com.tterrag.registrate.AbstractRegistrate/REGISTRATE.DATA]: Generating data of type recipe for entry industrial_iron_trapdoor [minecraft:block]
[30Aug2025 03:42:32.157] [Worker-Main-1/DEBUG] [com.tterrag.registrate.AbstractRegistrate/REGISTRATE.DATA]: Generating data of type recipe for entry zinc_door [minecraft:block]
[30Aug2025 03:42:32.157] [Worker-Main-1/DEBUG] [com.tterrag.registrate.AbstractRegistrate/REGISTRATE.DATA]: Generating data of type recipe for entry locked_zinc_door [minecraft:block]
[30Aug2025 03:42:32.157] [Worker-Main-1/DEBUG] [com.tterrag.registrate.AbstractRegistrate/REGISTRATE.DATA]: Generating data of type recipe for entry zinc_trapdoor [minecraft:block]
[30Aug2025 03:42:32.159] [Worker-Main-1/DEBUG] [com.tterrag.registrate.AbstractRegistrate/REGISTRATE.DATA]: Generating data of type recipe for entry white_shipping_container [minecraft:block]
[30Aug2025 03:42:32.159] [Worker-Main-1/DEBUG] [com.tterrag.registrate.AbstractRegistrate/REGISTRATE.DATA]: Generating data of type recipe for entry orange_shipping_container [minecraft:block]
[30Aug2025 03:42:32.160] [Worker-Main-1/DEBUG] [com.tterrag.registrate.AbstractRegistrate/REGISTRATE.DATA]: Generating data of type recipe for entry magenta_shipping_container [minecraft:block]
[30Aug2025 03:42:32.160] [Worker-Main-1/DEBUG] [com.tterrag.registrate.AbstractRegistrate/REGISTRATE.DATA]: Generating data of type recipe for entry light_blue_shipping_container [minecraft:block]
[30Aug2025 03:42:32.160] [Worker-Main-1/DEBUG] [com.tterrag.registrate.AbstractRegistrate/REGISTRATE.DATA]: Generating data of type recipe for entry yellow_shipping_container [minecraft:block]
[30Aug2025 03:42:32.162] [Worker-Main-1/DEBUG] [com.tterrag.registrate.AbstractRegistrate/REGISTRATE.DATA]: Generating data of type recipe for entry lime_shipping_container [minecraft:block]
[30Aug2025 03:42:32.162] [Worker-Main-1/DEBUG] [com.tterrag.registrate.AbstractRegistrate/REGISTRATE.DATA]: Generating data of type recipe for entry pink_shipping_container [minecraft:block]
[30Aug2025 03:42:32.163] [Worker-Main-1/DEBUG] [com.tterrag.registrate.AbstractRegistrate/REGISTRATE.DATA]: Generating data of type recipe for entry gray_shipping_container [minecraft:block]
[30Aug2025 03:42:32.163] [Worker-Main-1/DEBUG] [com.tterrag.registrate.AbstractRegistrate/REGISTRATE.DATA]: Generating data of type recipe for entry light_gray_shipping_container [minecraft:block]
[30Aug2025 03:42:32.165] [Worker-Main-1/DEBUG] [com.tterrag.registrate.AbstractRegistrate/REGISTRATE.DATA]: Generating data of type recipe for entry cyan_shipping_container [minecraft:block]
[30Aug2025 03:42:32.166] [Worker-Main-1/DEBUG] [com.tterrag.registrate.AbstractRegistrate/REGISTRATE.DATA]: Generating data of type recipe for entry purple_shipping_container [minecraft:block]
[30Aug2025 03:42:32.166] [Worker-Main-1/DEBUG] [com.tterrag.registrate.AbstractRegistrate/REGISTRATE.DATA]: Generating data of type recipe for entry blue_shipping_container [minecraft:block]
[30Aug2025 03:42:32.168] [Worker-Main-1/DEBUG] [com.tterrag.registrate.AbstractRegistrate/REGISTRATE.DATA]: Generating data of type recipe for entry brown_shipping_container [minecraft:block]
[30Aug2025 03:42:32.169] [Worker-Main-1/DEBUG] [com.tterrag.registrate.AbstractRegistrate/REGISTRATE.DATA]: Generating data of type recipe for entry green_shipping_container [minecraft:block]
[30Aug2025 03:42:32.169] [Worker-Main-1/DEBUG] [com.tterrag.registrate.AbstractRegistrate/REGISTRATE.DATA]: Generating data of type recipe for entry red_shipping_container [minecraft:block]
[30Aug2025 03:42:32.169] [Worker-Main-1/DEBUG] [com.tterrag.registrate.AbstractRegistrate/REGISTRATE.DATA]: Generating data of type recipe for entry black_shipping_container [minecraft:block]
[30Aug2025 03:42:32.171] [Worker-Main-1/DEBUG] [com.tterrag.registrate.AbstractRegistrate/REGISTRATE.DATA]: Generating data of type recipe for entry decal_warning [minecraft:block]
[30Aug2025 03:42:32.171] [Worker-Main-1/DEBUG] [com.tterrag.registrate.AbstractRegistrate/REGISTRATE.DATA]: Generating data of type recipe for entry decal_creeper [minecraft:block]
[30Aug2025 03:42:32.171] [Worker-Main-1/DEBUG] [com.tterrag.registrate.AbstractRegistrate/REGISTRATE.DATA]: Generating data of type recipe for entry decal_skull [minecraft:block]
[30Aug2025 03:42:32.172] [Worker-Main-1/DEBUG] [com.tterrag.registrate.AbstractRegistrate/REGISTRATE.DATA]: Generating data of type recipe for entry decal_flow [minecraft:block]
[30Aug2025 03:42:32.172] [Worker-Main-1/DEBUG] [com.tterrag.registrate.AbstractRegistrate/REGISTRATE.DATA]: Generating data of type recipe for entry decal_ice [minecraft:block]
[30Aug2025 03:42:32.172] [Worker-Main-1/DEBUG] [com.tterrag.registrate.AbstractRegistrate/REGISTRATE.DATA]: Generating data of type recipe for entry decal_radioactive [minecraft:block]
[30Aug2025 03:42:32.172] [Worker-Main-1/DEBUG] [com.tterrag.registrate.AbstractRegistrate/REGISTRATE.DATA]: Generating data of type recipe for entry decal_top_left [minecraft:block]
[30Aug2025 03:42:32.172] [Worker-Main-1/DEBUG] [com.tterrag.registrate.AbstractRegistrate/REGISTRATE.DATA]: Generating data of type recipe for entry decal_up [minecraft:block]
[30Aug2025 03:42:32.174] [Worker-Main-1/DEBUG] [com.tterrag.registrate.AbstractRegistrate/REGISTRATE.DATA]: Generating data of type recipe for entry decal_top_right [minecraft:block]
[30Aug2025 03:42:32.174] [Worker-Main-1/DEBUG] [com.tterrag.registrate.AbstractRegistrate/REGISTRATE.DATA]: Generating data of type recipe for entry decal_left [minecraft:block]
[30Aug2025 03:42:32.174] [Worker-Main-1/DEBUG] [com.tterrag.registrate.AbstractRegistrate/REGISTRATE.DATA]: Generating data of type recipe for entry decal_cross [minecraft:block]
[30Aug2025 03:42:32.174] [Worker-Main-1/DEBUG] [com.tterrag.registrate.AbstractRegistrate/REGISTRATE.DATA]: Generating data of type recipe for entry decal_right [minecraft:block]
[30Aug2025 03:42:32.174] [Worker-Main-1/DEBUG] [com.tterrag.registrate.AbstractRegistrate/REGISTRATE.DATA]: Generating data of type recipe for entry decal_down_left [minecraft:block]
[30Aug2025 03:42:32.175] [Worker-Main-1/DEBUG] [com.tterrag.registrate.AbstractRegistrate/REGISTRATE.DATA]: Generating data of type recipe for entry decal_down [minecraft:block]
[30Aug2025 03:42:32.175] [Worker-Main-1/DEBUG] [com.tterrag.registrate.AbstractRegistrate/REGISTRATE.DATA]: Generating data of type recipe for entry decal_down_right [minecraft:block]
[30Aug2025 03:42:32.175] [Worker-Main-1/DEBUG] [com.tterrag.registrate.AbstractRegistrate/REGISTRATE.DATA]: Generating data of type recipe for entry decal_fluid [minecraft:block]
[30Aug2025 03:42:32.175] [Worker-Main-1/DEBUG] [com.tterrag.registrate.AbstractRegistrate/REGISTRATE.DATA]: Generating data of type recipe for entry decal_fire [minecraft:block]
[30Aug2025 03:42:32.175] [Worker-Main-1/DEBUG] [com.tterrag.registrate.AbstractRegistrate/REGISTRATE.DATA]: Generating data of type recipe for entry decal_electrical [minecraft:block]
[30Aug2025 03:42:32.177] [Worker-Main-1/DEBUG] [com.tterrag.registrate.AbstractRegistrate/REGISTRATE.DATA]: Generating data of type recipe for entry decal_fire_diamond [minecraft:block]
[30Aug2025 03:42:32.177] [Worker-Main-1/DEBUG] [com.tterrag.registrate.AbstractRegistrate/REGISTRATE.DATA]: Generating data of type recipe for entry decal_no_entry [minecraft:block]
[30Aug2025 03:42:32.177] [Worker-Main-1/DEBUG] [com.tterrag.registrate.AbstractRegistrate/REGISTRATE.DATA]: Generating data of type recipe for entry orange_placard [minecraft:block]
[30Aug2025 03:42:32.179] [Worker-Main-1/DEBUG] [com.tterrag.registrate.AbstractRegistrate/REGISTRATE.DATA]: Generating data of type recipe for entry magenta_placard [minecraft:block]
[30Aug2025 03:42:32.179] [Worker-Main-1/DEBUG] [com.tterrag.registrate.AbstractRegistrate/REGISTRATE.DATA]: Generating data of type recipe for entry light_blue_placard [minecraft:block]
[30Aug2025 03:42:32.181] [Worker-Main-1/DEBUG] [com.tterrag.registrate.AbstractRegistrate/REGISTRATE.DATA]: Generating data of type recipe for entry yellow_placard [minecraft:block]
[30Aug2025 03:42:32.181] [Worker-Main-1/DEBUG] [com.tterrag.registrate.AbstractRegistrate/REGISTRATE.DATA]: Generating data of type recipe for entry lime_placard [minecraft:block]
[30Aug2025 03:42:32.182] [Worker-Main-1/DEBUG] [com.tterrag.registrate.AbstractRegistrate/REGISTRATE.DATA]: Generating data of type recipe for entry pink_placard [minecraft:block]
[30Aug2025 03:42:32.182] [Worker-Main-1/DEBUG] [com.tterrag.registrate.AbstractRegistrate/REGISTRATE.DATA]: Generating data of type recipe for entry gray_placard [minecraft:block]
[30Aug2025 03:42:32.184] [Worker-Main-1/DEBUG] [com.tterrag.registrate.AbstractRegistrate/REGISTRATE.DATA]: Generating data of type recipe for entry light_gray_placard [minecraft:block]
[30Aug2025 03:42:32.184] [Worker-Main-1/DEBUG] [com.tterrag.registrate.AbstractRegistrate/REGISTRATE.DATA]: Generating data of type recipe for entry cyan_placard [minecraft:block]
[30Aug2025 03:42:32.185] [Worker-Main-1/DEBUG] [com.tterrag.registrate.AbstractRegistrate/REGISTRATE.DATA]: Generating data of type recipe for entry purple_placard [minecraft:block]
[30Aug2025 03:42:32.185] [Worker-Main-1/DEBUG] [com.tterrag.registrate.AbstractRegistrate/REGISTRATE.DATA]: Generating data of type recipe for entry blue_placard [minecraft:block]
[30Aug2025 03:42:32.187] [Worker-Main-1/DEBUG] [com.tterrag.registrate.AbstractRegistrate/REGISTRATE.DATA]: Generating data of type recipe for entry brown_placard [minecraft:block]
[30Aug2025 03:42:32.189] [Worker-Main-1/DEBUG] [com.tterrag.registrate.AbstractRegistrate/REGISTRATE.DATA]: Generating data of type recipe for entry green_placard [minecraft:block]
[30Aug2025 03:42:32.189] [Worker-Main-1/DEBUG] [com.tterrag.registrate.AbstractRegistrate/REGISTRATE.DATA]: Generating data of type recipe for entry red_placard [minecraft:block]
[30Aug2025 03:42:32.190] [Worker-Main-1/DEBUG] [com.tterrag.registrate.AbstractRegistrate/REGISTRATE.DATA]: Generating data of type recipe for entry black_placard [minecraft:block]
[30Aug2025 03:42:32.190] [Worker-Main-1/DEBUG] [com.tterrag.registrate.AbstractRegistrate/REGISTRATE.DATA]: Generating data of type recipe for entry short_red_bricks [minecraft:block]
[30Aug2025 03:42:32.192] [Worker-Main-1/DEBUG] [com.tterrag.registrate.AbstractRegistrate/REGISTRATE.DATA]: Generating data of type recipe for entry tiled_red_bricks [minecraft:block]
[30Aug2025 03:42:32.193] [Worker-Main-1/DEBUG] [com.tterrag.registrate.AbstractRegistrate/REGISTRATE.DATA]: Generating data of type recipe for entry long_red_bricks [minecraft:block]
[30Aug2025 03:42:32.195] [Worker-Main-1/DEBUG] [com.tterrag.registrate.AbstractRegistrate/REGISTRATE.DATA]: Generating data of type recipe for entry corner_red_bricks [minecraft:block]
[30Aug2025 03:42:32.196] [Worker-Main-1/DEBUG] [com.tterrag.registrate.AbstractRegistrate/REGISTRATE.DATA]: Generating data of type recipe for entry cracked_red_bricks [minecraft:block]
[30Aug2025 03:42:32.202] [Worker-Main-1/DEBUG] [com.tterrag.registrate.AbstractRegistrate/REGISTRATE.DATA]: Generating data of type recipe for entry mossy_red_bricks [minecraft:block]
[30Aug2025 03:42:32.202] [Worker-Main-1/DEBUG] [com.tterrag.registrate.AbstractRegistrate/REGISTRATE.DATA]: Generating data of type recipe for entry short_red_brick_stairs [minecraft:block]
[30Aug2025 03:42:32.205] [Worker-Main-1/DEBUG] [com.tterrag.registrate.AbstractRegistrate/REGISTRATE.DATA]: Generating data of type recipe for entry tiled_red_brick_stairs [minecraft:block]
[30Aug2025 03:42:32.209] [Worker-Main-1/DEBUG] [com.tterrag.registrate.AbstractRegistrate/REGISTRATE.DATA]: Generating data of type recipe for entry long_red_brick_stairs [minecraft:block]
[30Aug2025 03:42:32.211] [Worker-Main-1/DEBUG] [com.tterrag.registrate.AbstractRegistrate/REGISTRATE.DATA]: Generating data of type recipe for entry corner_red_brick_stairs [minecraft:block]
[30Aug2025 03:42:32.214] [Worker-Main-1/DEBUG] [com.tterrag.registrate.AbstractRegistrate/REGISTRATE.DATA]: Generating data of type recipe for entry cracked_red_brick_stairs [minecraft:block]
[30Aug2025 03:42:32.215] [Worker-Main-1/DEBUG] [com.tterrag.registrate.AbstractRegistrate/REGISTRATE.DATA]: Generating data of type recipe for entry mossy_red_brick_stairs [minecraft:block]
[30Aug2025 03:42:32.216] [Worker-Main-1/DEBUG] [com.tterrag.registrate.AbstractRegistrate/REGISTRATE.DATA]: Generating data of type recipe for entry short_red_brick_slab [minecraft:block]
[30Aug2025 03:42:32.219] [Worker-Main-1/DEBUG] [com.tterrag.registrate.AbstractRegistrate/REGISTRATE.DATA]: Generating data of type recipe for entry tiled_red_brick_slab [minecraft:block]
[30Aug2025 03:42:32.221] [Worker-Main-1/DEBUG] [com.tterrag.registrate.AbstractRegistrate/REGISTRATE.DATA]: Generating data of type recipe for entry long_red_brick_slab [minecraft:block]
[30Aug2025 03:42:32.224] [Worker-Main-1/DEBUG] [com.tterrag.registrate.AbstractRegistrate/REGISTRATE.DATA]: Generating data of type recipe for entry corner_red_brick_slab [minecraft:block]
[30Aug2025 03:42:32.227] [Worker-Main-1/DEBUG] [com.tterrag.registrate.AbstractRegistrate/REGISTRATE.DATA]: Generating data of type recipe for entry cracked_red_brick_slab [minecraft:block]
[30Aug2025 03:42:32.227] [Worker-Main-1/DEBUG] [com.tterrag.registrate.AbstractRegistrate/REGISTRATE.DATA]: Generating data of type recipe for entry mossy_red_brick_slab [minecraft:block]
[30Aug2025 03:42:32.228] [Worker-Main-1/DEBUG] [com.tterrag.registrate.AbstractRegistrate/REGISTRATE.DATA]: Generating data of type recipe for entry short_red_brick_wall [minecraft:block]
[30Aug2025 03:42:32.231] [Worker-Main-1/DEBUG] [com.tterrag.registrate.AbstractRegistrate/REGISTRATE.DATA]: Generating data of type recipe for entry tiled_red_brick_wall [minecraft:block]
[30Aug2025 03:42:32.233] [Worker-Main-1/DEBUG] [com.tterrag.registrate.AbstractRegistrate/REGISTRATE.DATA]: Generating data of type recipe for entry long_red_brick_wall [minecraft:block]
[30Aug2025 03:42:32.235] [Worker-Main-1/DEBUG] [com.tterrag.registrate.AbstractRegistrate/REGISTRATE.DATA]: Generating data of type recipe for entry corner_red_brick_wall [minecraft:block]
[30Aug2025 03:42:32.237] [Worker-Main-1/DEBUG] [com.tterrag.registrate.AbstractRegistrate/REGISTRATE.DATA]: Generating data of type recipe for entry cracked_red_brick_wall [minecraft:block]
[30Aug2025 03:42:32.238] [Worker-Main-1/DEBUG] [com.tterrag.registrate.AbstractRegistrate/REGISTRATE.DATA]: Generating data of type recipe for entry mossy_red_brick_wall [minecraft:block]
[30Aug2025 03:42:32.239] [Worker-Main-1/DEBUG] [com.tterrag.registrate.AbstractRegistrate/REGISTRATE.DATA]: Generating data of type recipe for entry blue_bricks [minecraft:block]
[30Aug2025 03:42:32.241] [Worker-Main-1/DEBUG] [com.tterrag.registrate.AbstractRegistrate/REGISTRATE.DATA]: Generating data of type recipe for entry short_blue_bricks [minecraft:block]
[30Aug2025 03:42:32.242] [Worker-Main-1/DEBUG] [com.tterrag.registrate.AbstractRegistrate/REGISTRATE.DATA]: Generating data of type recipe for entry tiled_blue_bricks [minecraft:block]
[30Aug2025 03:42:32.243] [Worker-Main-1/DEBUG] [com.tterrag.registrate.AbstractRegistrate/REGISTRATE.DATA]: Generating data of type recipe for entry long_blue_bricks [minecraft:block]
[30Aug2025 03:42:32.244] [Worker-Main-1/DEBUG] [com.tterrag.registrate.AbstractRegistrate/REGISTRATE.DATA]: Generating data of type recipe for entry corner_blue_bricks [minecraft:block]
[30Aug2025 03:42:32.244] [Worker-Main-1/DEBUG] [com.tterrag.registrate.AbstractRegistrate/REGISTRATE.DATA]: Generating data of type recipe for entry cracked_blue_bricks [minecraft:block]
[30Aug2025 03:42:32.245] [Worker-Main-1/DEBUG] [com.tterrag.registrate.AbstractRegistrate/REGISTRATE.DATA]: Generating data of type recipe for entry mossy_blue_bricks [minecraft:block]
[30Aug2025 03:42:32.246] [Worker-Main-1/DEBUG] [com.tterrag.registrate.AbstractRegistrate/REGISTRATE.DATA]: Generating data of type recipe for entry blue_brick_stairs [minecraft:block]
[30Aug2025 03:42:32.247] [Worker-Main-1/DEBUG] [com.tterrag.registrate.AbstractRegistrate/REGISTRATE.DATA]: Generating data of type recipe for entry short_blue_brick_stairs [minecraft:block]
[30Aug2025 03:42:32.250] [Worker-Main-1/DEBUG] [com.tterrag.registrate.AbstractRegistrate/REGISTRATE.DATA]: Generating data of type recipe for entry tiled_blue_brick_stairs [minecraft:block]
[30Aug2025 03:42:32.251] [Worker-Main-1/DEBUG] [com.tterrag.registrate.AbstractRegistrate/REGISTRATE.DATA]: Generating data of type recipe for entry long_blue_brick_stairs [minecraft:block]
[30Aug2025 03:42:32.254] [Worker-Main-1/DEBUG] [com.tterrag.registrate.AbstractRegistrate/REGISTRATE.DATA]: Generating data of type recipe for entry corner_blue_brick_stairs [minecraft:block]
[30Aug2025 03:42:32.257] [Worker-Main-1/DEBUG] [com.tterrag.registrate.AbstractRegistrate/REGISTRATE.DATA]: Generating data of type recipe for entry cracked_blue_brick_stairs [minecraft:block]
[30Aug2025 03:42:32.258] [Worker-Main-1/DEBUG] [com.tterrag.registrate.AbstractRegistrate/REGISTRATE.DATA]: Generating data of type recipe for entry mossy_blue_brick_stairs [minecraft:block]
[30Aug2025 03:42:32.259] [Worker-Main-1/DEBUG] [com.tterrag.registrate.AbstractRegistrate/REGISTRATE.DATA]: Generating data of type recipe for entry blue_brick_slab [minecraft:block]
[30Aug2025 03:42:32.261] [Worker-Main-1/DEBUG] [com.tterrag.registrate.AbstractRegistrate/REGISTRATE.DATA]: Generating data of type recipe for entry short_blue_brick_slab [minecraft:block]
[30Aug2025 03:42:32.264] [Worker-Main-1/DEBUG] [com.tterrag.registrate.AbstractRegistrate/REGISTRATE.DATA]: Generating data of type recipe for entry tiled_blue_brick_slab [minecraft:block]
[30Aug2025 03:42:32.267] [Worker-Main-1/DEBUG] [com.tterrag.registrate.AbstractRegistrate/REGISTRATE.DATA]: Generating data of type recipe for entry long_blue_brick_slab [minecraft:block]
[30Aug2025 03:42:32.269] [Worker-Main-1/DEBUG] [com.tterrag.registrate.AbstractRegistrate/REGISTRATE.DATA]: Generating data of type recipe for entry corner_blue_brick_slab [minecraft:block]
[30Aug2025 03:42:32.272] [Worker-Main-1/DEBUG] [com.tterrag.registrate.AbstractRegistrate/REGISTRATE.DATA]: Generating data of type recipe for entry cracked_blue_brick_slab [minecraft:block]
[30Aug2025 03:42:32.272] [Worker-Main-1/DEBUG] [com.tterrag.registrate.AbstractRegistrate/REGISTRATE.DATA]: Generating data of type recipe for entry mossy_blue_brick_slab [minecraft:block]
[30Aug2025 03:42:32.273] [Worker-Main-1/DEBUG] [com.tterrag.registrate.AbstractRegistrate/REGISTRATE.DATA]: Generating data of type recipe for entry blue_brick_wall [minecraft:block]
[30Aug2025 03:42:32.275] [Worker-Main-1/DEBUG] [com.tterrag.registrate.AbstractRegistrate/REGISTRATE.DATA]: Generating data of type recipe for entry short_blue_brick_wall [minecraft:block]
[30Aug2025 03:42:32.277] [Worker-Main-1/DEBUG] [com.tterrag.registrate.AbstractRegistrate/REGISTRATE.DATA]: Generating data of type recipe for entry tiled_blue_brick_wall [minecraft:block]
[30Aug2025 03:42:32.279] [Worker-Main-1/DEBUG] [com.tterrag.registrate.AbstractRegistrate/REGISTRATE.DATA]: Generating data of type recipe for entry long_blue_brick_wall [minecraft:block]
[30Aug2025 03:42:32.281] [Worker-Main-1/DEBUG] [com.tterrag.registrate.AbstractRegistrate/REGISTRATE.DATA]: Generating data of type recipe for entry corner_blue_brick_wall [minecraft:block]
[30Aug2025 03:42:32.283] [Worker-Main-1/DEBUG] [com.tterrag.registrate.AbstractRegistrate/REGISTRATE.DATA]: Generating data of type recipe for entry cracked_blue_brick_wall [minecraft:block]
[30Aug2025 03:42:32.284] [Worker-Main-1/DEBUG] [com.tterrag.registrate.AbstractRegistrate/REGISTRATE.DATA]: Generating data of type recipe for entry mossy_blue_brick_wall [minecraft:block]
[30Aug2025 03:42:32.284] [Worker-Main-1/DEBUG] [com.tterrag.registrate.AbstractRegistrate/REGISTRATE.DATA]: Generating data of type recipe for entry dusk_bricks [minecraft:block]
[30Aug2025 03:42:32.286] [Worker-Main-1/DEBUG] [com.tterrag.registrate.AbstractRegistrate/REGISTRATE.DATA]: Generating data of type recipe for entry short_dusk_bricks [minecraft:block]
[30Aug2025 03:42:32.286] [Worker-Main-1/DEBUG] [com.tterrag.registrate.AbstractRegistrate/REGISTRATE.DATA]: Generating data of type recipe for entry tiled_dusk_bricks [minecraft:block]
[30Aug2025 03:42:32.286] [Worker-Main-1/DEBUG] [com.tterrag.registrate.AbstractRegistrate/REGISTRATE.DATA]: Generating data of type recipe for entry long_dusk_bricks [minecraft:block]
[30Aug2025 03:42:32.288] [Worker-Main-1/DEBUG] [com.tterrag.registrate.AbstractRegistrate/REGISTRATE.DATA]: Generating data of type recipe for entry corner_dusk_bricks [minecraft:block]
[30Aug2025 03:42:32.289] [Worker-Main-1/DEBUG] [com.tterrag.registrate.AbstractRegistrate/REGISTRATE.DATA]: Generating data of type recipe for entry cracked_dusk_bricks [minecraft:block]
[30Aug2025 03:42:32.289] [Worker-Main-1/DEBUG] [com.tterrag.registrate.AbstractRegistrate/REGISTRATE.DATA]: Generating data of type recipe for entry mossy_dusk_bricks [minecraft:block]
[30Aug2025 03:42:32.289] [Worker-Main-1/DEBUG] [com.tterrag.registrate.AbstractRegistrate/REGISTRATE.DATA]: Generating data of type recipe for entry dusk_brick_stairs [minecraft:block]
[30Aug2025 03:42:32.291] [Worker-Main-1/DEBUG] [com.tterrag.registrate.AbstractRegistrate/REGISTRATE.DATA]: Generating data of type recipe for entry short_dusk_brick_stairs [minecraft:block]
[30Aug2025 03:42:32.294] [Worker-Main-1/DEBUG] [com.tterrag.registrate.AbstractRegistrate/REGISTRATE.DATA]: Generating data of type recipe for entry tiled_dusk_brick_stairs [minecraft:block]
[30Aug2025 03:42:32.296] [Worker-Main-1/DEBUG] [com.tterrag.registrate.AbstractRegistrate/REGISTRATE.DATA]: Generating data of type recipe for entry long_dusk_brick_stairs [minecraft:block]
[30Aug2025 03:42:32.296] [Worker-Main-1/DEBUG] [com.tterrag.registrate.AbstractRegistrate/REGISTRATE.DATA]: Generating data of type recipe for entry corner_dusk_brick_stairs [minecraft:block]
[30Aug2025 03:42:32.299] [Worker-Main-1/DEBUG] [com.tterrag.registrate.AbstractRegistrate/REGISTRATE.DATA]: Generating data of type recipe for entry cracked_dusk_brick_stairs [minecraft:block]
[30Aug2025 03:42:32.299] [Worker-Main-1/DEBUG] [com.tterrag.registrate.AbstractRegistrate/REGISTRATE.DATA]: Generating data of type recipe for entry mossy_dusk_brick_stairs [minecraft:block]
[30Aug2025 03:42:32.299] [Worker-Main-1/DEBUG] [com.tterrag.registrate.AbstractRegistrate/REGISTRATE.DATA]: Generating data of type recipe for entry dusk_brick_slab [minecraft:block]
[30Aug2025 03:42:32.300] [Worker-Main-1/DEBUG] [com.tterrag.registrate.AbstractRegistrate/REGISTRATE.DATA]: Generating data of type recipe for entry short_dusk_brick_slab [minecraft:block]
[30Aug2025 03:42:32.302] [Worker-Main-1/DEBUG] [com.tterrag.registrate.AbstractRegistrate/REGISTRATE.DATA]: Generating data of type recipe for entry tiled_dusk_brick_slab [minecraft:block]
[30Aug2025 03:42:32.304] [Worker-Main-1/DEBUG] [com.tterrag.registrate.AbstractRegistrate/REGISTRATE.DATA]: Generating data of type recipe for entry long_dusk_brick_slab [minecraft:block]
[30Aug2025 03:42:32.305] [Worker-Main-1/DEBUG] [com.tterrag.registrate.AbstractRegistrate/REGISTRATE.DATA]: Generating data of type recipe for entry corner_dusk_brick_slab [minecraft:block]
[30Aug2025 03:42:32.308] [Worker-Main-1/DEBUG] [com.tterrag.registrate.AbstractRegistrate/REGISTRATE.DATA]: Generating data of type recipe for entry cracked_dusk_brick_slab [minecraft:block]
[30Aug2025 03:42:32.308] [Worker-Main-1/DEBUG] [com.tterrag.registrate.AbstractRegistrate/REGISTRATE.DATA]: Generating data of type recipe for entry mossy_dusk_brick_slab [minecraft:block]
[30Aug2025 03:42:32.308] [Worker-Main-1/DEBUG] [com.tterrag.registrate.AbstractRegistrate/REGISTRATE.DATA]: Generating data of type recipe for entry dusk_brick_wall [minecraft:block]
[30Aug2025 03:42:32.310] [Worker-Main-1/DEBUG] [com.tterrag.registrate.AbstractRegistrate/REGISTRATE.DATA]: Generating data of type recipe for entry short_dusk_brick_wall [minecraft:block]
[30Aug2025 03:42:32.311] [Worker-Main-1/DEBUG] [com.tterrag.registrate.AbstractRegistrate/REGISTRATE.DATA]: Generating data of type recipe for entry tiled_dusk_brick_wall [minecraft:block]
[30Aug2025 03:42:32.313] [Worker-Main-1/DEBUG] [com.tterrag.registrate.AbstractRegistrate/REGISTRATE.DATA]: Generating data of type recipe for entry long_dusk_brick_wall [minecraft:block]
[30Aug2025 03:42:32.315] [Worker-Main-1/DEBUG] [com.tterrag.registrate.AbstractRegistrate/REGISTRATE.DATA]: Generating data of type recipe for entry corner_dusk_brick_wall [minecraft:block]
[30Aug2025 03:42:32.316] [Worker-Main-1/DEBUG] [com.tterrag.registrate.AbstractRegistrate/REGISTRATE.DATA]: Generating data of type recipe for entry cracked_dusk_brick_wall [minecraft:block]
[30Aug2025 03:42:32.317] [Worker-Main-1/DEBUG] [com.tterrag.registrate.AbstractRegistrate/REGISTRATE.DATA]: Generating data of type recipe for entry mossy_dusk_brick_wall [minecraft:block]
[30Aug2025 03:42:32.317] [Worker-Main-1/DEBUG] [com.tterrag.registrate.AbstractRegistrate/REGISTRATE.DATA]: Generating data of type recipe for entry verdant_bricks [minecraft:block]
[30Aug2025 03:42:32.318] [Worker-Main-1/DEBUG] [com.tterrag.registrate.AbstractRegistrate/REGISTRATE.DATA]: Generating data of type recipe for entry short_verdant_bricks [minecraft:block]
[30Aug2025 03:42:32.319] [Worker-Main-1/DEBUG] [com.tterrag.registrate.AbstractRegistrate/REGISTRATE.DATA]: Generating data of type recipe for entry tiled_verdant_bricks [minecraft:block]
[30Aug2025 03:42:32.320] [Worker-Main-1/DEBUG] [com.tterrag.registrate.AbstractRegistrate/REGISTRATE.DATA]: Generating data of type recipe for entry long_verdant_bricks [minecraft:block]
[30Aug2025 03:42:32.320] [Worker-Main-1/DEBUG] [com.tterrag.registrate.AbstractRegistrate/REGISTRATE.DATA]: Generating data of type recipe for entry corner_verdant_bricks [minecraft:block]
[30Aug2025 03:42:32.321] [Worker-Main-1/DEBUG] [com.tterrag.registrate.AbstractRegistrate/REGISTRATE.DATA]: Generating data of type recipe for entry cracked_verdant_bricks [minecraft:block]
[30Aug2025 03:42:32.321] [Worker-Main-1/DEBUG] [com.tterrag.registrate.AbstractRegistrate/REGISTRATE.DATA]: Generating data of type recipe for entry mossy_verdant_bricks [minecraft:block]
[30Aug2025 03:42:32.322] [Worker-Main-1/DEBUG] [com.tterrag.registrate.AbstractRegistrate/REGISTRATE.DATA]: Generating data of type recipe for entry verdant_brick_stairs [minecraft:block]
[30Aug2025 03:42:32.323] [Worker-Main-1/DEBUG] [com.tterrag.registrate.AbstractRegistrate/REGISTRATE.DATA]: Generating data of type recipe for entry short_verdant_brick_stairs [minecraft:block]
[30Aug2025 03:42:32.324] [Worker-Main-1/DEBUG] [com.tterrag.registrate.AbstractRegistrate/REGISTRATE.DATA]: Generating data of type recipe for entry tiled_verdant_brick_stairs [minecraft:block]
[30Aug2025 03:42:32.326] [Worker-Main-1/DEBUG] [com.tterrag.registrate.AbstractRegistrate/REGISTRATE.DATA]: Generating data of type recipe for entry long_verdant_brick_stairs [minecraft:block]
[30Aug2025 03:42:32.327] [Worker-Main-1/DEBUG] [com.tterrag.registrate.AbstractRegistrate/REGISTRATE.DATA]: Generating data of type recipe for entry corner_verdant_brick_stairs [minecraft:block]
[30Aug2025 03:42:32.328] [Worker-Main-1/DEBUG] [com.tterrag.registrate.AbstractRegistrate/REGISTRATE.DATA]: Generating data of type recipe for entry cracked_verdant_brick_stairs [minecraft:block]
[30Aug2025 03:42:32.328] [Worker-Main-1/DEBUG] [com.tterrag.registrate.AbstractRegistrate/REGISTRATE.DATA]: Generating data of type recipe for entry mossy_verdant_brick_stairs [minecraft:block]
[30Aug2025 03:42:32.329] [Worker-Main-1/DEBUG] [com.tterrag.registrate.AbstractRegistrate/REGISTRATE.DATA]: Generating data of type recipe for entry verdant_brick_slab [minecraft:block]
[30Aug2025 03:42:32.330] [Worker-Main-1/DEBUG] [com.tterrag.registrate.AbstractRegistrate/REGISTRATE.DATA]: Generating data of type recipe for entry short_verdant_brick_slab [minecraft:block]
[30Aug2025 03:42:32.331] [Worker-Main-1/DEBUG] [com.tterrag.registrate.AbstractRegistrate/REGISTRATE.DATA]: Generating data of type recipe for entry tiled_verdant_brick_slab [minecraft:block]
[30Aug2025 03:42:32.331] [Worker-Main-1/DEBUG] [com.tterrag.registrate.AbstractRegistrate/REGISTRATE.DATA]: Generating data of type recipe for entry long_verdant_brick_slab [minecraft:block]
[30Aug2025 03:42:32.333] [Worker-Main-1/DEBUG] [com.tterrag.registrate.AbstractRegistrate/REGISTRATE.DATA]: Generating data of type recipe for entry corner_verdant_brick_slab [minecraft:block]
[30Aug2025 03:42:32.334] [Worker-Main-1/DEBUG] [com.tterrag.registrate.AbstractRegistrate/REGISTRATE.DATA]: Generating data of type recipe for entry cracked_verdant_brick_slab [minecraft:block]
[30Aug2025 03:42:32.334] [Worker-Main-1/DEBUG] [com.tterrag.registrate.AbstractRegistrate/REGISTRATE.DATA]: Generating data of type recipe for entry mossy_verdant_brick_slab [minecraft:block]
[30Aug2025 03:42:32.334] [Worker-Main-1/DEBUG] [com.tterrag.registrate.AbstractRegistrate/REGISTRATE.DATA]: Generating data of type recipe for entry verdant_brick_wall [minecraft:block]
[30Aug2025 03:42:32.336] [Worker-Main-1/DEBUG] [com.tterrag.registrate.AbstractRegistrate/REGISTRATE.DATA]: Generating data of type recipe for entry short_verdant_brick_wall [minecraft:block]
[30Aug2025 03:42:32.337] [Worker-Main-1/DEBUG] [com.tterrag.registrate.AbstractRegistrate/REGISTRATE.DATA]: Generating data of type recipe for entry tiled_verdant_brick_wall [minecraft:block]
[30Aug2025 03:42:32.339] [Worker-Main-1/DEBUG] [com.tterrag.registrate.AbstractRegistrate/REGISTRATE.DATA]: Generating data of type recipe for entry long_verdant_brick_wall [minecraft:block]
[30Aug2025 03:42:32.340] [Worker-Main-1/DEBUG] [com.tterrag.registrate.AbstractRegistrate/REGISTRATE.DATA]: Generating data of type recipe for entry corner_verdant_brick_wall [minecraft:block]
[30Aug2025 03:42:32.340] [Worker-Main-1/DEBUG] [com.tterrag.registrate.AbstractRegistrate/REGISTRATE.DATA]: Generating data of type recipe for entry cracked_verdant_brick_wall [minecraft:block]
[30Aug2025 03:42:32.342] [Worker-Main-1/DEBUG] [com.tterrag.registrate.AbstractRegistrate/REGISTRATE.DATA]: Generating data of type recipe for entry mossy_verdant_brick_wall [minecraft:block]
[30Aug2025 03:42:32.342] [Worker-Main-1/DEBUG] [com.tterrag.registrate.AbstractRegistrate/REGISTRATE.DATA]: Generating data of type recipe for entry scarlet_bricks [minecraft:block]
[30Aug2025 03:42:32.342] [Worker-Main-1/DEBUG] [com.tterrag.registrate.AbstractRegistrate/REGISTRATE.DATA]: Generating data of type recipe for entry short_scarlet_bricks [minecraft:block]
[30Aug2025 03:42:32.343] [Worker-Main-1/DEBUG] [com.tterrag.registrate.AbstractRegistrate/REGISTRATE.DATA]: Generating data of type recipe for entry tiled_scarlet_bricks [minecraft:block]
[30Aug2025 03:42:32.343] [Worker-Main-1/DEBUG] [com.tterrag.registrate.AbstractRegistrate/REGISTRATE.DATA]: Generating data of type recipe for entry long_scarlet_bricks [minecraft:block]
[30Aug2025 03:42:32.345] [Worker-Main-1/DEBUG] [com.tterrag.registrate.AbstractRegistrate/REGISTRATE.DATA]: Generating data of type recipe for entry corner_scarlet_bricks [minecraft:block]
[30Aug2025 03:42:32.345] [Worker-Main-1/DEBUG] [com.tterrag.registrate.AbstractRegistrate/REGISTRATE.DATA]: Generating data of type recipe for entry cracked_scarlet_bricks [minecraft:block]
[30Aug2025 03:42:32.345] [Worker-Main-1/DEBUG] [com.tterrag.registrate.AbstractRegistrate/REGISTRATE.DATA]: Generating data of type recipe for entry mossy_scarlet_bricks [minecraft:block]
[30Aug2025 03:42:32.345] [Worker-Main-1/DEBUG] [com.tterrag.registrate.AbstractRegistrate/REGISTRATE.DATA]: Generating data of type recipe for entry scarlet_brick_stairs [minecraft:block]
[30Aug2025 03:42:32.347] [Worker-Main-1/DEBUG] [com.tterrag.registrate.AbstractRegistrate/REGISTRATE.DATA]: Generating data of type recipe for entry short_scarlet_brick_stairs [minecraft:block]
[30Aug2025 03:42:32.349] [Worker-Main-1/DEBUG] [com.tterrag.registrate.AbstractRegistrate/REGISTRATE.DATA]: Generating data of type recipe for entry tiled_scarlet_brick_stairs [minecraft:block]
[30Aug2025 03:42:32.349] [Worker-Main-1/DEBUG] [com.tterrag.registrate.AbstractRegistrate/REGISTRATE.DATA]: Generating data of type recipe for entry long_scarlet_brick_stairs [minecraft:block]
[30Aug2025 03:42:32.351] [Worker-Main-1/DEBUG] [com.tterrag.registrate.AbstractRegistrate/REGISTRATE.DATA]: Generating data of type recipe for entry corner_scarlet_brick_stairs [minecraft:block]
[30Aug2025 03:42:32.352] [Worker-Main-1/DEBUG] [com.tterrag.registrate.AbstractRegistrate/REGISTRATE.DATA]: Generating data of type recipe for entry cracked_scarlet_brick_stairs [minecraft:block]
[30Aug2025 03:42:32.352] [Worker-Main-1/DEBUG] [com.tterrag.registrate.AbstractRegistrate/REGISTRATE.DATA]: Generating data of type recipe for entry mossy_scarlet_brick_stairs [minecraft:block]
[30Aug2025 03:42:32.354] [Worker-Main-1/DEBUG] [com.tterrag.registrate.AbstractRegistrate/REGISTRATE.DATA]: Generating data of type recipe for entry scarlet_brick_slab [minecraft:block]
[30Aug2025 03:42:32.354] [Worker-Main-1/DEBUG] [com.tterrag.registrate.AbstractRegistrate/REGISTRATE.DATA]: Generating data of type recipe for entry short_scarlet_brick_slab [minecraft:block]
[30Aug2025 03:42:32.355] [Worker-Main-1/DEBUG] [com.tterrag.registrate.AbstractRegistrate/REGISTRATE.DATA]: Generating data of type recipe for entry tiled_scarlet_brick_slab [minecraft:block]
[30Aug2025 03:42:32.357] [Worker-Main-1/DEBUG] [com.tterrag.registrate.AbstractRegistrate/REGISTRATE.DATA]: Generating data of type recipe for entry long_scarlet_brick_slab [minecraft:block]
[30Aug2025 03:42:32.359] [Worker-Main-1/DEBUG] [com.tterrag.registrate.AbstractRegistrate/REGISTRATE.DATA]: Generating data of type recipe for entry corner_scarlet_brick_slab [minecraft:block]
[30Aug2025 03:42:32.360] [Worker-Main-1/DEBUG] [com.tterrag.registrate.AbstractRegistrate/REGISTRATE.DATA]: Generating data of type recipe for entry cracked_scarlet_brick_slab [minecraft:block]
[30Aug2025 03:42:32.360] [Worker-Main-1/DEBUG] [com.tterrag.registrate.AbstractRegistrate/REGISTRATE.DATA]: Generating data of type recipe for entry mossy_scarlet_brick_slab [minecraft:block]
[30Aug2025 03:42:32.360] [Worker-Main-1/DEBUG] [com.tterrag.registrate.AbstractRegistrate/REGISTRATE.DATA]: Generating data of type recipe for entry scarlet_brick_wall [minecraft:block]
[30Aug2025 03:42:32.362] [Worker-Main-1/DEBUG] [com.tterrag.registrate.AbstractRegistrate/REGISTRATE.DATA]: Generating data of type recipe for entry short_scarlet_brick_wall [minecraft:block]
[30Aug2025 03:42:32.363] [Worker-Main-1/DEBUG] [com.tterrag.registrate.AbstractRegistrate/REGISTRATE.DATA]: Generating data of type recipe for entry tiled_scarlet_brick_wall [minecraft:block]
[30Aug2025 03:42:32.365] [Worker-Main-1/DEBUG] [com.tterrag.registrate.AbstractRegistrate/REGISTRATE.DATA]: Generating data of type recipe for entry long_scarlet_brick_wall [minecraft:block]
[30Aug2025 03:42:32.366] [Worker-Main-1/DEBUG] [com.tterrag.registrate.AbstractRegistrate/REGISTRATE.DATA]: Generating data of type recipe for entry corner_scarlet_brick_wall [minecraft:block]
[30Aug2025 03:42:32.368] [Worker-Main-1/DEBUG] [com.tterrag.registrate.AbstractRegistrate/REGISTRATE.DATA]: Generating data of type recipe for entry cracked_scarlet_brick_wall [minecraft:block]
[30Aug2025 03:42:32.368] [Worker-Main-1/DEBUG] [com.tterrag.registrate.AbstractRegistrate/REGISTRATE.DATA]: Generating data of type recipe for entry mossy_scarlet_brick_wall [minecraft:block]
[30Aug2025 03:42:32.368] [Worker-Main-1/DEBUG] [com.tterrag.registrate.AbstractRegistrate/REGISTRATE.DATA]: Generating data of type recipe for entry dean_bricks [minecraft:block]
[30Aug2025 03:42:32.369] [Worker-Main-1/DEBUG] [com.tterrag.registrate.AbstractRegistrate/REGISTRATE.DATA]: Generating data of type recipe for entry short_dean_bricks [minecraft:block]
[30Aug2025 03:42:32.369] [Worker-Main-1/DEBUG] [com.tterrag.registrate.AbstractRegistrate/REGISTRATE.DATA]: Generating data of type recipe for entry tiled_dean_bricks [minecraft:block]
[30Aug2025 03:42:32.369] [Worker-Main-1/DEBUG] [com.tterrag.registrate.AbstractRegistrate/REGISTRATE.DATA]: Generating data of type recipe for entry long_dean_bricks [minecraft:block]
[30Aug2025 03:42:32.371] [Worker-Main-1/DEBUG] [com.tterrag.registrate.AbstractRegistrate/REGISTRATE.DATA]: Generating data of type recipe for entry corner_dean_bricks [minecraft:block]
[30Aug2025 03:42:32.371] [Worker-Main-1/DEBUG] [com.tterrag.registrate.AbstractRegistrate/REGISTRATE.DATA]: Generating data of type recipe for entry cracked_dean_bricks [minecraft:block]
[30Aug2025 03:42:32.371] [Worker-Main-1/DEBUG] [com.tterrag.registrate.AbstractRegistrate/REGISTRATE.DATA]: Generating data of type recipe for entry mossy_dean_bricks [minecraft:block]
[30Aug2025 03:42:32.372] [Worker-Main-1/DEBUG] [com.tterrag.registrate.AbstractRegistrate/REGISTRATE.DATA]: Generating data of type recipe for entry dean_brick_stairs [minecraft:block]
[30Aug2025 03:42:32.374] [Worker-Main-1/DEBUG] [com.tterrag.registrate.AbstractRegistrate/REGISTRATE.DATA]: Generating data of type recipe for entry short_dean_brick_stairs [minecraft:block]
[30Aug2025 03:42:32.375] [Worker-Main-1/DEBUG] [com.tterrag.registrate.AbstractRegistrate/REGISTRATE.DATA]: Generating data of type recipe for entry tiled_dean_brick_stairs [minecraft:block]
[30Aug2025 03:42:32.376] [Worker-Main-1/DEBUG] [com.tterrag.registrate.AbstractRegistrate/REGISTRATE.DATA]: Generating data of type recipe for entry long_dean_brick_stairs [minecraft:block]
[30Aug2025 03:42:32.378] [Worker-Main-1/DEBUG] [com.tterrag.registrate.AbstractRegistrate/REGISTRATE.DATA]: Generating data of type recipe for entry corner_dean_brick_stairs [minecraft:block]
[30Aug2025 03:42:32.379] [Worker-Main-1/DEBUG] [com.tterrag.registrate.AbstractRegistrate/REGISTRATE.DATA]: Generating data of type recipe for entry cracked_dean_brick_stairs [minecraft:block]
[30Aug2025 03:42:32.379] [Worker-Main-1/DEBUG] [com.tterrag.registrate.AbstractRegistrate/REGISTRATE.DATA]: Generating data of type recipe for entry mossy_dean_brick_stairs [minecraft:block]
[30Aug2025 03:42:32.381] [Worker-Main-1/DEBUG] [com.tterrag.registrate.AbstractRegistrate/REGISTRATE.DATA]: Generating data of type recipe for entry dean_brick_slab [minecraft:block]
[30Aug2025 03:42:32.382] [Worker-Main-1/DEBUG] [com.tterrag.registrate.AbstractRegistrate/REGISTRATE.DATA]: Generating data of type recipe for entry short_dean_brick_slab [minecraft:block]
[30Aug2025 03:42:32.384] [Worker-Main-1/DEBUG] [com.tterrag.registrate.AbstractRegistrate/REGISTRATE.DATA]: Generating data of type recipe for entry tiled_dean_brick_slab [minecraft:block]
[30Aug2025 03:42:32.385] [Worker-Main-1/DEBUG] [com.tterrag.registrate.AbstractRegistrate/REGISTRATE.DATA]: Generating data of type recipe for entry long_dean_brick_slab [minecraft:block]
[30Aug2025 03:42:32.387] [Worker-Main-1/DEBUG] [com.tterrag.registrate.AbstractRegistrate/REGISTRATE.DATA]: Generating data of type recipe for entry corner_dean_brick_slab [minecraft:block]
[30Aug2025 03:42:32.389] [Worker-Main-1/DEBUG] [com.tterrag.registrate.AbstractRegistrate/REGISTRATE.DATA]: Generating data of type recipe for entry cracked_dean_brick_slab [minecraft:block]
[30Aug2025 03:42:32.389] [Worker-Main-1/DEBUG] [com.tterrag.registrate.AbstractRegistrate/REGISTRATE.DATA]: Generating data of type recipe for entry mossy_dean_brick_slab [minecraft:block]
[30Aug2025 03:42:32.390] [Worker-Main-1/DEBUG] [com.tterrag.registrate.AbstractRegistrate/REGISTRATE.DATA]: Generating data of type recipe for entry dean_brick_wall [minecraft:block]
[30Aug2025 03:42:32.392] [Worker-Main-1/DEBUG] [com.tterrag.registrate.AbstractRegistrate/REGISTRATE.DATA]: Generating data of type recipe for entry short_dean_brick_wall [minecraft:block]
[30Aug2025 03:42:32.393] [Worker-Main-1/DEBUG] [com.tterrag.registrate.AbstractRegistrate/REGISTRATE.DATA]: Generating data of type recipe for entry tiled_dean_brick_wall [minecraft:block]
[30Aug2025 03:42:32.395] [Worker-Main-1/DEBUG] [com.tterrag.registrate.AbstractRegistrate/REGISTRATE.DATA]: Generating data of type recipe for entry long_dean_brick_wall [minecraft:block]
[30Aug2025 03:42:32.397] [Worker-Main-1/DEBUG] [com.tterrag.registrate.AbstractRegistrate/REGISTRATE.DATA]: Generating data of type recipe for entry corner_dean_brick_wall [minecraft:block]
[30Aug2025 03:42:32.398] [Worker-Main-1/DEBUG] [com.tterrag.registrate.AbstractRegistrate/REGISTRATE.DATA]: Generating data of type recipe for entry cracked_dean_brick_wall [minecraft:block]
[30Aug2025 03:42:32.398] [Worker-Main-1/DEBUG] [com.tterrag.registrate.AbstractRegistrate/REGISTRATE.DATA]: Generating data of type recipe for entry mossy_dean_brick_wall [minecraft:block]
[30Aug2025 03:42:32.399] [Worker-Main-1/DEBUG] [com.tterrag.registrate.AbstractRegistrate/REGISTRATE.DATA]: Generating data of type recipe for entry umber_bricks [minecraft:block]
[30Aug2025 03:42:32.399] [Worker-Main-1/DEBUG] [com.tterrag.registrate.AbstractRegistrate/REGISTRATE.DATA]: Generating data of type recipe for entry short_umber_bricks [minecraft:block]
[30Aug2025 03:42:32.399] [Worker-Main-1/DEBUG] [com.tterrag.registrate.AbstractRegistrate/REGISTRATE.DATA]: Generating data of type recipe for entry tiled_umber_bricks [minecraft:block]
[30Aug2025 03:42:32.401] [Worker-Main-1/DEBUG] [com.tterrag.registrate.AbstractRegistrate/REGISTRATE.DATA]: Generating data of type recipe for entry long_umber_bricks [minecraft:block]
[30Aug2025 03:42:32.401] [Worker-Main-1/DEBUG] [com.tterrag.registrate.AbstractRegistrate/REGISTRATE.DATA]: Generating data of type recipe for entry corner_umber_bricks [minecraft:block]
[30Aug2025 03:42:32.401] [Worker-Main-1/DEBUG] [com.tterrag.registrate.AbstractRegistrate/REGISTRATE.DATA]: Generating data of type recipe for entry cracked_umber_bricks [minecraft:block]
[30Aug2025 03:42:32.402] [Worker-Main-1/DEBUG] [com.tterrag.registrate.AbstractRegistrate/REGISTRATE.DATA]: Generating data of type recipe for entry mossy_umber_bricks [minecraft:block]
[30Aug2025 03:42:32.402] [Worker-Main-1/DEBUG] [com.tterrag.registrate.AbstractRegistrate/REGISTRATE.DATA]: Generating data of type recipe for entry umber_brick_stairs [minecraft:block]
[30Aug2025 03:42:32.404] [Worker-Main-1/DEBUG] [com.tterrag.registrate.AbstractRegistrate/REGISTRATE.DATA]: Generating data of type recipe for entry short_umber_brick_stairs [minecraft:block]
[30Aug2025 03:42:32.405] [Worker-Main-1/DEBUG] [com.tterrag.registrate.AbstractRegistrate/REGISTRATE.DATA]: Generating data of type recipe for entry tiled_umber_brick_stairs [minecraft:block]
[30Aug2025 03:42:32.407] [Worker-Main-1/DEBUG] [com.tterrag.registrate.AbstractRegistrate/REGISTRATE.DATA]: Generating data of type recipe for entry long_umber_brick_stairs [minecraft:block]
[30Aug2025 03:42:32.409] [Worker-Main-1/DEBUG] [com.tterrag.registrate.AbstractRegistrate/REGISTRATE.DATA]: Generating data of type recipe for entry corner_umber_brick_stairs [minecraft:block]
[30Aug2025 03:42:32.410] [Worker-Main-1/DEBUG] [com.tterrag.registrate.AbstractRegistrate/REGISTRATE.DATA]: Generating data of type recipe for entry cracked_umber_brick_stairs [minecraft:block]
[30Aug2025 03:42:32.410] [Worker-Main-1/DEBUG] [com.tterrag.registrate.AbstractRegistrate/REGISTRATE.DATA]: Generating data of type recipe for entry mossy_umber_brick_stairs [minecraft:block]
[30Aug2025 03:42:32.412] [Worker-Main-1/DEBUG] [com.tterrag.registrate.AbstractRegistrate/REGISTRATE.DATA]: Generating data of type recipe for entry umber_brick_slab [minecraft:block]
[30Aug2025 03:42:32.412] [Worker-Main-1/DEBUG] [com.tterrag.registrate.AbstractRegistrate/REGISTRATE.DATA]: Generating data of type recipe for entry short_umber_brick_slab [minecraft:block]
[30Aug2025 03:42:32.413] [Worker-Main-1/DEBUG] [com.tterrag.registrate.AbstractRegistrate/REGISTRATE.DATA]: Generating data of type recipe for entry tiled_umber_brick_slab [minecraft:block]
[30Aug2025 03:42:32.415] [Worker-Main-1/DEBUG] [com.tterrag.registrate.AbstractRegistrate/REGISTRATE.DATA]: Generating data of type recipe for entry long_umber_brick_slab [minecraft:block]
[30Aug2025 03:42:32.418] [Worker-Main-1/DEBUG] [com.tterrag.registrate.AbstractRegistrate/REGISTRATE.DATA]: Generating data of type recipe for entry corner_umber_brick_slab [minecraft:block]
[30Aug2025 03:42:32.419] [Worker-Main-1/DEBUG] [com.tterrag.registrate.AbstractRegistrate/REGISTRATE.DATA]: Generating data of type recipe for entry cracked_umber_brick_slab [minecraft:block]
[30Aug2025 03:42:32.419] [Worker-Main-1/DEBUG] [com.tterrag.registrate.AbstractRegistrate/REGISTRATE.DATA]: Generating data of type recipe for entry mossy_umber_brick_slab [minecraft:block]
[30Aug2025 03:42:32.419] [Worker-Main-1/DEBUG] [com.tterrag.registrate.AbstractRegistrate/REGISTRATE.DATA]: Generating data of type recipe for entry umber_brick_wall [minecraft:block]
[30Aug2025 03:42:32.420] [Worker-Main-1/DEBUG] [com.tterrag.registrate.AbstractRegistrate/REGISTRATE.DATA]: Generating data of type recipe for entry short_umber_brick_wall [minecraft:block]
[30Aug2025 03:42:32.422] [Worker-Main-1/DEBUG] [com.tterrag.registrate.AbstractRegistrate/REGISTRATE.DATA]: Generating data of type recipe for entry tiled_umber_brick_wall [minecraft:block]
[30Aug2025 03:42:32.424] [Worker-Main-1/DEBUG] [com.tterrag.registrate.AbstractRegistrate/REGISTRATE.DATA]: Generating data of type recipe for entry long_umber_brick_wall [minecraft:block]
[30Aug2025 03:42:32.424] [Worker-Main-1/DEBUG] [com.tterrag.registrate.AbstractRegistrate/REGISTRATE.DATA]: Generating data of type recipe for entry corner_umber_brick_wall [minecraft:block]
[30Aug2025 03:42:32.425] [Worker-Main-1/DEBUG] [com.tterrag.registrate.AbstractRegistrate/REGISTRATE.DATA]: Generating data of type recipe for entry cracked_umber_brick_wall [minecraft:block]
[30Aug2025 03:42:32.425] [Worker-Main-1/DEBUG] [com.tterrag.registrate.AbstractRegistrate/REGISTRATE.DATA]: Generating data of type recipe for entry mossy_umber_brick_wall [minecraft:block]
[30Aug2025 03:42:32.425] [Worker-Main-1/DEBUG] [com.tterrag.registrate.AbstractRegistrate/REGISTRATE.DATA]: Generating data of type recipe for entry pearl_bricks [minecraft:block]
[30Aug2025 03:42:32.427] [Worker-Main-1/DEBUG] [com.tterrag.registrate.AbstractRegistrate/REGISTRATE.DATA]: Generating data of type recipe for entry short_pearl_bricks [minecraft:block]
[30Aug2025 03:42:32.429] [Worker-Main-1/DEBUG] [com.tterrag.registrate.AbstractRegistrate/REGISTRATE.DATA]: Generating data of type recipe for entry tiled_pearl_bricks [minecraft:block]
[30Aug2025 03:42:32.429] [Worker-Main-1/DEBUG] [com.tterrag.registrate.AbstractRegistrate/REGISTRATE.DATA]: Generating data of type recipe for entry long_pearl_bricks [minecraft:block]
[30Aug2025 03:42:32.429] [Worker-Main-1/DEBUG] [com.tterrag.registrate.AbstractRegistrate/REGISTRATE.DATA]: Generating data of type recipe for entry corner_pearl_bricks [minecraft:block]
[30Aug2025 03:42:32.431] [Worker-Main-1/DEBUG] [com.tterrag.registrate.AbstractRegistrate/REGISTRATE.DATA]: Generating data of type recipe for entry cracked_pearl_bricks [minecraft:block]
[30Aug2025 03:42:32.431] [Worker-Main-1/DEBUG] [com.tterrag.registrate.AbstractRegistrate/REGISTRATE.DATA]: Generating data of type recipe for entry mossy_pearl_bricks [minecraft:block]
[30Aug2025 03:42:32.431] [Worker-Main-1/DEBUG] [com.tterrag.registrate.AbstractRegistrate/REGISTRATE.DATA]: Generating data of type recipe for entry pearl_brick_stairs [minecraft:block]
[30Aug2025 03:42:32.432] [Worker-Main-1/DEBUG] [com.tterrag.registrate.AbstractRegistrate/REGISTRATE.DATA]: Generating data of type recipe for entry short_pearl_brick_stairs [minecraft:block]
[30Aug2025 03:42:32.434] [Worker-Main-1/DEBUG] [com.tterrag.registrate.AbstractRegistrate/REGISTRATE.DATA]: Generating data of type recipe for entry tiled_pearl_brick_stairs [minecraft:block]
[30Aug2025 03:42:32.435] [Worker-Main-1/DEBUG] [com.tterrag.registrate.AbstractRegistrate/REGISTRATE.DATA]: Generating data of type recipe for entry long_pearl_brick_stairs [minecraft:block]
[30Aug2025 03:42:32.437] [Worker-Main-1/DEBUG] [com.tterrag.registrate.AbstractRegistrate/REGISTRATE.DATA]: Generating data of type recipe for entry corner_pearl_brick_stairs [minecraft:block]
[30Aug2025 03:42:32.439] [Worker-Main-1/DEBUG] [com.tterrag.registrate.AbstractRegistrate/REGISTRATE.DATA]: Generating data of type recipe for entry cracked_pearl_brick_stairs [minecraft:block]
[30Aug2025 03:42:32.439] [Worker-Main-1/DEBUG] [com.tterrag.registrate.AbstractRegistrate/REGISTRATE.DATA]: Generating data of type recipe for entry mossy_pearl_brick_stairs [minecraft:block]
[30Aug2025 03:42:32.439] [Worker-Main-1/DEBUG] [com.tterrag.registrate.AbstractRegistrate/REGISTRATE.DATA]: Generating data of type recipe for entry pearl_brick_slab [minecraft:block]
[30Aug2025 03:42:32.440] [Worker-Main-1/DEBUG] [com.tterrag.registrate.AbstractRegistrate/REGISTRATE.DATA]: Generating data of type recipe for entry short_pearl_brick_slab [minecraft:block]
[30Aug2025 03:42:32.442] [Worker-Main-1/DEBUG] [com.tterrag.registrate.AbstractRegistrate/REGISTRATE.DATA]: Generating data of type recipe for entry tiled_pearl_brick_slab [minecraft:block]
[30Aug2025 03:42:32.443] [Worker-Main-1/DEBUG] [com.tterrag.registrate.AbstractRegistrate/REGISTRATE.DATA]: Generating data of type recipe for entry long_pearl_brick_slab [minecraft:block]
[30Aug2025 03:42:32.445] [Worker-Main-1/DEBUG] [com.tterrag.registrate.AbstractRegistrate/REGISTRATE.DATA]: Generating data of type recipe for entry corner_pearl_brick_slab [minecraft:block]
[30Aug2025 03:42:32.447] [Worker-Main-1/DEBUG] [com.tterrag.registrate.AbstractRegistrate/REGISTRATE.DATA]: Generating data of type recipe for entry cracked_pearl_brick_slab [minecraft:block]
[30Aug2025 03:42:32.448] [Worker-Main-1/DEBUG] [com.tterrag.registrate.AbstractRegistrate/REGISTRATE.DATA]: Generating data of type recipe for entry mossy_pearl_brick_slab [minecraft:block]
[30Aug2025 03:42:32.449] [Worker-Main-1/DEBUG] [com.tterrag.registrate.AbstractRegistrate/REGISTRATE.DATA]: Generating data of type recipe for entry pearl_brick_wall [minecraft:block]
[30Aug2025 03:42:32.449] [Worker-Main-1/DEBUG] [com.tterrag.registrate.AbstractRegistrate/REGISTRATE.DATA]: Generating data of type recipe for entry short_pearl_brick_wall [minecraft:block]
[30Aug2025 03:42:32.451] [Worker-Main-1/DEBUG] [com.tterrag.registrate.AbstractRegistrate/REGISTRATE.DATA]: Generating data of type recipe for entry tiled_pearl_brick_wall [minecraft:block]
[30Aug2025 03:42:32.452] [Worker-Main-1/DEBUG] [com.tterrag.registrate.AbstractRegistrate/REGISTRATE.DATA]: Generating data of type recipe for entry long_pearl_brick_wall [minecraft:block]
[30Aug2025 03:42:32.454] [Worker-Main-1/DEBUG] [com.tterrag.registrate.AbstractRegistrate/REGISTRATE.DATA]: Generating data of type recipe for entry corner_pearl_brick_wall [minecraft:block]
[30Aug2025 03:42:32.456] [Worker-Main-1/DEBUG] [com.tterrag.registrate.AbstractRegistrate/REGISTRATE.DATA]: Generating data of type recipe for entry cracked_pearl_brick_wall [minecraft:block]
[30Aug2025 03:42:32.456] [Worker-Main-1/DEBUG] [com.tterrag.registrate.AbstractRegistrate/REGISTRATE.DATA]: Generating data of type recipe for entry mossy_pearl_brick_wall [minecraft:block]
[30Aug2025 03:42:32.460] [Worker-Main-1/DEBUG] [com.tterrag.registrate.providers.RegistrateDataProvider/REGISTRATE.DATA]: Generating data for type: advancement
[30Aug2025 03:42:32.462] [Worker-Main-1/DEBUG] [com.tterrag.registrate.providers.RegistrateDataProvider/REGISTRATE.DATA]: Generating data for type: loot
[30Aug2025 03:42:32.463] [Worker-Main-1/DEBUG] [com.tterrag.registrate.AbstractRegistrate/REGISTRATE.DATA]: Generating data of type loot for entry andesite_window [minecraft:block]
[30Aug2025 03:42:32.469] [Worker-Main-1/DEBUG] [com.tterrag.registrate.AbstractRegistrate/REGISTRATE.DATA]: Generating data of type loot for entry copper_window [minecraft:block]
[30Aug2025 03:42:32.469] [Worker-Main-1/DEBUG] [com.tterrag.registrate.AbstractRegistrate/REGISTRATE.DATA]: Generating data of type loot for entry iron_window [minecraft:block]
[30Aug2025 03:42:32.469] [Worker-Main-1/DEBUG] [com.tterrag.registrate.AbstractRegistrate/REGISTRATE.DATA]: Generating data of type loot for entry industrial_iron_window [minecraft:block]
[30Aug2025 03:42:32.469] [Worker-Main-1/DEBUG] [com.tterrag.registrate.AbstractRegistrate/REGISTRATE.DATA]: Generating data of type loot for entry brass_window [minecraft:block]
[30Aug2025 03:42:32.469] [Worker-Main-1/DEBUG] [com.tterrag.registrate.AbstractRegistrate/REGISTRATE.DATA]: Generating data of type loot for entry zinc_window [minecraft:block]
[30Aug2025 03:42:32.469] [Worker-Main-1/DEBUG] [com.tterrag.registrate.AbstractRegistrate/REGISTRATE.DATA]: Generating data of type loot for entry andesite_window_pane [minecraft:block]
[30Aug2025 03:42:32.469] [Worker-Main-1/DEBUG] [com.tterrag.registrate.AbstractRegistrate/REGISTRATE.DATA]: Generating data of type loot for entry copper_window_pane [minecraft:block]
[30Aug2025 03:42:32.469] [Worker-Main-1/DEBUG] [com.tterrag.registrate.AbstractRegistrate/REGISTRATE.DATA]: Generating data of type loot for entry iron_window_pane [minecraft:block]
[30Aug2025 03:42:32.469] [Worker-Main-1/DEBUG] [com.tterrag.registrate.AbstractRegistrate/REGISTRATE.DATA]: Generating data of type loot for entry industrial_iron_window_pane [minecraft:block]
[30Aug2025 03:42:32.469] [Worker-Main-1/DEBUG] [com.tterrag.registrate.AbstractRegistrate/REGISTRATE.DATA]: Generating data of type loot for entry brass_window_pane [minecraft:block]
[30Aug2025 03:42:32.471] [Worker-Main-1/DEBUG] [com.tterrag.registrate.AbstractRegistrate/REGISTRATE.DATA]: Generating data of type loot for entry zinc_window_pane [minecraft:block]
[30Aug2025 03:42:32.471] [Worker-Main-1/DEBUG] [com.tterrag.registrate.AbstractRegistrate/REGISTRATE.DATA]: Generating data of type loot for entry andesite_bars_overlay [minecraft:block]
[30Aug2025 03:42:32.471] [Worker-Main-1/DEBUG] [com.tterrag.registrate.AbstractRegistrate/REGISTRATE.DATA]: Generating data of type loot for entry andesite_bars [minecraft:block]
[30Aug2025 03:42:32.471] [Worker-Main-1/DEBUG] [com.tterrag.registrate.AbstractRegistrate/REGISTRATE.DATA]: Generating data of type loot for entry brass_bars_overlay [minecraft:block]
[30Aug2025 03:42:32.471] [Worker-Main-1/DEBUG] [com.tterrag.registrate.AbstractRegistrate/REGISTRATE.DATA]: Generating data of type loot for entry brass_bars [minecraft:block]
[30Aug2025 03:42:32.471] [Worker-Main-1/DEBUG] [com.tterrag.registrate.AbstractRegistrate/REGISTRATE.DATA]: Generating data of type loot for entry iron_bars_overlay [minecraft:block]
[30Aug2025 03:42:32.471] [Worker-Main-1/DEBUG] [com.tterrag.registrate.AbstractRegistrate/REGISTRATE.DATA]: Generating data of type loot for entry copper_bars_overlay [minecraft:block]
[30Aug2025 03:42:32.471] [Worker-Main-1/DEBUG] [com.tterrag.registrate.AbstractRegistrate/REGISTRATE.DATA]: Generating data of type loot for entry copper_bars [minecraft:block]
[30Aug2025 03:42:32.471] [Worker-Main-1/DEBUG] [com.tterrag.registrate.AbstractRegistrate/REGISTRATE.DATA]: Generating data of type loot for entry industrial_iron_bars_overlay [minecraft:block]
[30Aug2025 03:42:32.471] [Worker-Main-1/DEBUG] [com.tterrag.registrate.AbstractRegistrate/REGISTRATE.DATA]: Generating data of type loot for entry industrial_iron_bars [minecraft:block]
[30Aug2025 03:42:32.471] [Worker-Main-1/DEBUG] [com.tterrag.registrate.AbstractRegistrate/REGISTRATE.DATA]: Generating data of type loot for entry zinc_bars_overlay [minecraft:block]
[30Aug2025 03:42:32.471] [Worker-Main-1/DEBUG] [com.tterrag.registrate.AbstractRegistrate/REGISTRATE.DATA]: Generating data of type loot for entry zinc_bars [minecraft:block]
[30Aug2025 03:42:32.471] [Worker-Main-1/DEBUG] [com.tterrag.registrate.AbstractRegistrate/REGISTRATE.DATA]: Generating data of type loot for entry andesite_mesh_fence [minecraft:block]
[30Aug2025 03:42:32.471] [Worker-Main-1/DEBUG] [com.tterrag.registrate.AbstractRegistrate/REGISTRATE.DATA]: Generating data of type loot for entry brass_mesh_fence [minecraft:block]
[30Aug2025 03:42:32.471] [Worker-Main-1/DEBUG] [com.tterrag.registrate.AbstractRegistrate/REGISTRATE.DATA]: Generating data of type loot for entry iron_mesh_fence [minecraft:block]
[30Aug2025 03:42:32.471] [Worker-Main-1/DEBUG] [com.tterrag.registrate.AbstractRegistrate/REGISTRATE.DATA]: Generating data of type loot for entry copper_mesh_fence [minecraft:block]
[30Aug2025 03:42:32.471] [Worker-Main-1/DEBUG] [com.tterrag.registrate.AbstractRegistrate/REGISTRATE.DATA]: Generating data of type loot for entry industrial_iron_mesh_fence [minecraft:block]
[30Aug2025 03:42:32.471] [Worker-Main-1/DEBUG] [com.tterrag.registrate.AbstractRegistrate/REGISTRATE.DATA]: Generating data of type loot for entry zinc_mesh_fence [minecraft:block]
[30Aug2025 03:42:32.471] [Worker-Main-1/DEBUG] [com.tterrag.registrate.AbstractRegistrate/REGISTRATE.DATA]: Generating data of type loot for entry andesite_catwalk [minecraft:block]
[30Aug2025 03:42:32.471] [Worker-Main-1/DEBUG] [com.tterrag.registrate.AbstractRegistrate/REGISTRATE.DATA]: Generating data of type loot for entry andesite_catwalk_stairs [minecraft:block]
[30Aug2025 03:42:32.471] [Worker-Main-1/DEBUG] [com.tterrag.registrate.AbstractRegistrate/REGISTRATE.DATA]: Generating data of type loot for entry andesite_catwalk_railing [minecraft:block]
[30Aug2025 03:42:32.471] [Worker-Main-1/DEBUG] [com.tterrag.registrate.AbstractRegistrate/REGISTRATE.DATA]: Generating data of type loot for entry andesite_support_wedge [minecraft:block]
[30Aug2025 03:42:32.471] [Worker-Main-1/DEBUG] [com.tterrag.registrate.AbstractRegistrate/REGISTRATE.DATA]: Generating data of type loot for entry andesite_facade [minecraft:block]
[30Aug2025 03:42:32.471] [Worker-Main-1/DEBUG] [com.tterrag.registrate.AbstractRegistrate/REGISTRATE.DATA]: Generating data of type loot for entry brass_catwalk [minecraft:block]
[30Aug2025 03:42:32.471] [Worker-Main-1/DEBUG] [com.tterrag.registrate.AbstractRegistrate/REGISTRATE.DATA]: Generating data of type loot for entry brass_catwalk_stairs [minecraft:block]
[30Aug2025 03:42:32.471] [Worker-Main-1/DEBUG] [com.tterrag.registrate.AbstractRegistrate/REGISTRATE.DATA]: Generating data of type loot for entry brass_catwalk_railing [minecraft:block]
[30Aug2025 03:42:32.471] [Worker-Main-1/DEBUG] [com.tterrag.registrate.AbstractRegistrate/REGISTRATE.DATA]: Generating data of type loot for entry brass_support_wedge [minecraft:block]
[30Aug2025 03:42:32.471] [Worker-Main-1/DEBUG] [com.tterrag.registrate.AbstractRegistrate/REGISTRATE.DATA]: Generating data of type loot for entry brass_facade [minecraft:block]
[30Aug2025 03:42:32.471] [Worker-Main-1/DEBUG] [com.tterrag.registrate.AbstractRegistrate/REGISTRATE.DATA]: Generating data of type loot for entry iron_catwalk [minecraft:block]
[30Aug2025 03:42:32.472] [Worker-Main-1/DEBUG] [com.tterrag.registrate.AbstractRegistrate/REGISTRATE.DATA]: Generating data of type loot for entry iron_catwalk_stairs [minecraft:block]
[30Aug2025 03:42:32.472] [Worker-Main-1/DEBUG] [com.tterrag.registrate.AbstractRegistrate/REGISTRATE.DATA]: Generating data of type loot for entry iron_catwalk_railing [minecraft:block]
[30Aug2025 03:42:32.472] [Worker-Main-1/DEBUG] [com.tterrag.registrate.AbstractRegistrate/REGISTRATE.DATA]: Generating data of type loot for entry iron_support_wedge [minecraft:block]
[30Aug2025 03:42:32.472] [Worker-Main-1/DEBUG] [com.tterrag.registrate.AbstractRegistrate/REGISTRATE.DATA]: Generating data of type loot for entry iron_facade [minecraft:block]
[30Aug2025 03:42:32.472] [Worker-Main-1/DEBUG] [com.tterrag.registrate.AbstractRegistrate/REGISTRATE.DATA]: Generating data of type loot for entry copper_catwalk [minecraft:block]
[30Aug2025 03:42:32.472] [Worker-Main-1/DEBUG] [com.tterrag.registrate.AbstractRegistrate/REGISTRATE.DATA]: Generating data of type loot for entry copper_catwalk_stairs [minecraft:block]
[30Aug2025 03:42:32.472] [Worker-Main-1/DEBUG] [com.tterrag.registrate.AbstractRegistrate/REGISTRATE.DATA]: Generating data of type loot for entry copper_catwalk_railing [minecraft:block]
[30Aug2025 03:42:32.472] [Worker-Main-1/DEBUG] [com.tterrag.registrate.AbstractRegistrate/REGISTRATE.DATA]: Generating data of type loot for entry copper_support_wedge [minecraft:block]
[30Aug2025 03:42:32.472] [Worker-Main-1/DEBUG] [com.tterrag.registrate.AbstractRegistrate/REGISTRATE.DATA]: Generating data of type loot for entry copper_facade [minecraft:block]
[30Aug2025 03:42:32.472] [Worker-Main-1/DEBUG] [com.tterrag.registrate.AbstractRegistrate/REGISTRATE.DATA]: Generating data of type loot for entry industrial_iron_catwalk [minecraft:block]
[30Aug2025 03:42:32.472] [Worker-Main-1/DEBUG] [com.tterrag.registrate.AbstractRegistrate/REGISTRATE.DATA]: Generating data of type loot for entry industrial_iron_catwalk_stairs [minecraft:block]
[30Aug2025 03:42:32.472] [Worker-Main-1/DEBUG] [com.tterrag.registrate.AbstractRegistrate/REGISTRATE.DATA]: Generating data of type loot for entry industrial_iron_catwalk_railing [minecraft:block]
[30Aug2025 03:42:32.472] [Worker-Main-1/DEBUG] [com.tterrag.registrate.AbstractRegistrate/REGISTRATE.DATA]: Generating data of type loot for entry industrial_iron_support_wedge [minecraft:block]
[30Aug2025 03:42:32.472] [Worker-Main-1/DEBUG] [com.tterrag.registrate.AbstractRegistrate/REGISTRATE.DATA]: Generating data of type loot for entry industrial_iron_facade [minecraft:block]
[30Aug2025 03:42:32.472] [Worker-Main-1/DEBUG] [com.tterrag.registrate.AbstractRegistrate/REGISTRATE.DATA]: Generating data of type loot for entry zinc_catwalk [minecraft:block]
[30Aug2025 03:42:32.472] [Worker-Main-1/DEBUG] [com.tterrag.registrate.AbstractRegistrate/REGISTRATE.DATA]: Generating data of type loot for entry zinc_catwalk_stairs [minecraft:block]
[30Aug2025 03:42:32.472] [Worker-Main-1/DEBUG] [com.tterrag.registrate.AbstractRegistrate/REGISTRATE.DATA]: Generating data of type loot for entry zinc_catwalk_railing [minecraft:block]
[30Aug2025 03:42:32.472] [Worker-Main-1/DEBUG] [com.tterrag.registrate.AbstractRegistrate/REGISTRATE.DATA]: Generating data of type loot for entry zinc_support_wedge [minecraft:block]
[30Aug2025 03:42:32.472] [Worker-Main-1/DEBUG] [com.tterrag.registrate.AbstractRegistrate/REGISTRATE.DATA]: Generating data of type loot for entry zinc_facade [minecraft:block]
[30Aug2025 03:42:32.472] [Worker-Main-1/DEBUG] [com.tterrag.registrate.AbstractRegistrate/REGISTRATE.DATA]: Generating data of type loot for entry iron_ladder [minecraft:block]
[30Aug2025 03:42:32.472] [Worker-Main-1/DEBUG] [com.tterrag.registrate.AbstractRegistrate/REGISTRATE.DATA]: Generating data of type loot for entry industrial_iron_ladder [minecraft:block]
[30Aug2025 03:42:32.472] [Worker-Main-1/DEBUG] [com.tterrag.registrate.AbstractRegistrate/REGISTRATE.DATA]: Generating data of type loot for entry zinc_ladder [minecraft:block]
[30Aug2025 03:42:32.472] [Worker-Main-1/DEBUG] [com.tterrag.registrate.AbstractRegistrate/REGISTRATE.DATA]: Generating data of type loot for entry andesite_hull [minecraft:block]
[30Aug2025 03:42:32.472] [Worker-Main-1/DEBUG] [com.tterrag.registrate.AbstractRegistrate/REGISTRATE.DATA]: Generating data of type loot for entry brass_hull [minecraft:block]
[30Aug2025 03:42:32.472] [Worker-Main-1/DEBUG] [com.tterrag.registrate.AbstractRegistrate/REGISTRATE.DATA]: Generating data of type loot for entry iron_hull [minecraft:block]
[30Aug2025 03:42:32.472] [Worker-Main-1/DEBUG] [com.tterrag.registrate.AbstractRegistrate/REGISTRATE.DATA]: Generating data of type loot for entry copper_hull [minecraft:block]
[30Aug2025 03:42:32.472] [Worker-Main-1/DEBUG] [com.tterrag.registrate.AbstractRegistrate/REGISTRATE.DATA]: Generating data of type loot for entry industrial_iron_hull [minecraft:block]
[30Aug2025 03:42:32.472] [Worker-Main-1/DEBUG] [com.tterrag.registrate.AbstractRegistrate/REGISTRATE.DATA]: Generating data of type loot for entry zinc_hull [minecraft:block]
[30Aug2025 03:42:32.472] [Worker-Main-1/DEBUG] [com.tterrag.registrate.AbstractRegistrate/REGISTRATE.DATA]: Generating data of type loot for entry andesite_support [minecraft:block]
[30Aug2025 03:42:32.472] [Worker-Main-1/DEBUG] [com.tterrag.registrate.AbstractRegistrate/REGISTRATE.DATA]: Generating data of type loot for entry brass_support [minecraft:block]
[30Aug2025 03:42:32.472] [Worker-Main-1/DEBUG] [com.tterrag.registrate.AbstractRegistrate/REGISTRATE.DATA]: Generating data of type loot for entry iron_support [minecraft:block]
[30Aug2025 03:42:32.472] [Worker-Main-1/DEBUG] [com.tterrag.registrate.AbstractRegistrate/REGISTRATE.DATA]: Generating data of type loot for entry copper_support [minecraft:block]
[30Aug2025 03:42:32.472] [Worker-Main-1/DEBUG] [com.tterrag.registrate.AbstractRegistrate/REGISTRATE.DATA]: Generating data of type loot for entry industrial_iron_support [minecraft:block]
[30Aug2025 03:42:32.472] [Worker-Main-1/DEBUG] [com.tterrag.registrate.AbstractRegistrate/REGISTRATE.DATA]: Generating data of type loot for entry zinc_support [minecraft:block]
[30Aug2025 03:42:32.472] [Worker-Main-1/DEBUG] [com.tterrag.registrate.AbstractRegistrate/REGISTRATE.DATA]: Generating data of type loot for entry yellow_andesite_lamp [minecraft:block]
[30Aug2025 03:42:32.474] [Worker-Main-1/DEBUG] [com.tterrag.registrate.AbstractRegistrate/REGISTRATE.DATA]: Generating data of type loot for entry red_andesite_lamp [minecraft:block]
[30Aug2025 03:42:32.474] [Worker-Main-1/DEBUG] [com.tterrag.registrate.AbstractRegistrate/REGISTRATE.DATA]: Generating data of type loot for entry green_andesite_lamp [minecraft:block]
[30Aug2025 03:42:32.474] [Worker-Main-1/DEBUG] [com.tterrag.registrate.AbstractRegistrate/REGISTRATE.DATA]: Generating data of type loot for entry blue_andesite_lamp [minecraft:block]
[30Aug2025 03:42:32.474] [Worker-Main-1/DEBUG] [com.tterrag.registrate.AbstractRegistrate/REGISTRATE.DATA]: Generating data of type loot for entry yellow_brass_lamp [minecraft:block]
[30Aug2025 03:42:32.474] [Worker-Main-1/DEBUG] [com.tterrag.registrate.AbstractRegistrate/REGISTRATE.DATA]: Generating data of type loot for entry red_brass_lamp [minecraft:block]
[30Aug2025 03:42:32.474] [Worker-Main-1/DEBUG] [com.tterrag.registrate.AbstractRegistrate/REGISTRATE.DATA]: Generating data of type loot for entry green_brass_lamp [minecraft:block]
[30Aug2025 03:42:32.474] [Worker-Main-1/DEBUG] [com.tterrag.registrate.AbstractRegistrate/REGISTRATE.DATA]: Generating data of type loot for entry blue_brass_lamp [minecraft:block]
[30Aug2025 03:42:32.474] [Worker-Main-1/DEBUG] [com.tterrag.registrate.AbstractRegistrate/REGISTRATE.DATA]: Generating data of type loot for entry yellow_iron_lamp [minecraft:block]
[30Aug2025 03:42:32.474] [Worker-Main-1/DEBUG] [com.tterrag.registrate.AbstractRegistrate/REGISTRATE.DATA]: Generating data of type loot for entry red_iron_lamp [minecraft:block]
[30Aug2025 03:42:32.474] [Worker-Main-1/DEBUG] [com.tterrag.registrate.AbstractRegistrate/REGISTRATE.DATA]: Generating data of type loot for entry green_iron_lamp [minecraft:block]
[30Aug2025 03:42:32.474] [Worker-Main-1/DEBUG] [com.tterrag.registrate.AbstractRegistrate/REGISTRATE.DATA]: Generating data of type loot for entry blue_iron_lamp [minecraft:block]
[30Aug2025 03:42:32.474] [Worker-Main-1/DEBUG] [com.tterrag.registrate.AbstractRegistrate/REGISTRATE.DATA]: Generating data of type loot for entry yellow_copper_lamp [minecraft:block]
[30Aug2025 03:42:32.474] [Worker-Main-1/DEBUG] [com.tterrag.registrate.AbstractRegistrate/REGISTRATE.DATA]: Generating data of type loot for entry red_copper_lamp [minecraft:block]
[30Aug2025 03:42:32.474] [Worker-Main-1/DEBUG] [com.tterrag.registrate.AbstractRegistrate/REGISTRATE.DATA]: Generating data of type loot for entry green_copper_lamp [minecraft:block]
[30Aug2025 03:42:32.474] [Worker-Main-1/DEBUG] [com.tterrag.registrate.AbstractRegistrate/REGISTRATE.DATA]: Generating data of type loot for entry blue_copper_lamp [minecraft:block]
[30Aug2025 03:42:32.474] [Worker-Main-1/DEBUG] [com.tterrag.registrate.AbstractRegistrate/REGISTRATE.DATA]: Generating data of type loot for entry yellow_industrial_iron_lamp [minecraft:block]
[30Aug2025 03:42:32.474] [Worker-Main-1/DEBUG] [com.tterrag.registrate.AbstractRegistrate/REGISTRATE.DATA]: Generating data of type loot for entry red_industrial_iron_lamp [minecraft:block]
[30Aug2025 03:42:32.474] [Worker-Main-1/DEBUG] [com.tterrag.registrate.AbstractRegistrate/REGISTRATE.DATA]: Generating data of type loot for entry green_industrial_iron_lamp [minecraft:block]
[30Aug2025 03:42:32.474] [Worker-Main-1/DEBUG] [com.tterrag.registrate.AbstractRegistrate/REGISTRATE.DATA]: Generating data of type loot for entry blue_industrial_iron_lamp [minecraft:block]
[30Aug2025 03:42:32.474] [Worker-Main-1/DEBUG] [com.tterrag.registrate.AbstractRegistrate/REGISTRATE.DATA]: Generating data of type loot for entry yellow_zinc_lamp [minecraft:block]
[30Aug2025 03:42:32.474] [Worker-Main-1/DEBUG] [com.tterrag.registrate.AbstractRegistrate/REGISTRATE.DATA]: Generating data of type loot for entry red_zinc_lamp [minecraft:block]
[30Aug2025 03:42:32.474] [Worker-Main-1/DEBUG] [com.tterrag.registrate.AbstractRegistrate/REGISTRATE.DATA]: Generating data of type loot for entry green_zinc_lamp [minecraft:block]
[30Aug2025 03:42:32.474] [Worker-Main-1/DEBUG] [com.tterrag.registrate.AbstractRegistrate/REGISTRATE.DATA]: Generating data of type loot for entry blue_zinc_lamp [minecraft:block]
[30Aug2025 03:42:32.474] [Worker-Main-1/DEBUG] [com.tterrag.registrate.AbstractRegistrate/REGISTRATE.DATA]: Generating data of type loot for entry andesite_sheet_metal [minecraft:block]
[30Aug2025 03:42:32.474] [Worker-Main-1/DEBUG] [com.tterrag.registrate.AbstractRegistrate/REGISTRATE.DATA]: Generating data of type loot for entry brass_sheet_metal [minecraft:block]
[30Aug2025 03:42:32.474] [Worker-Main-1/DEBUG] [com.tterrag.registrate.AbstractRegistrate/REGISTRATE.DATA]: Generating data of type loot for entry iron_sheet_metal [minecraft:block]
[30Aug2025 03:42:32.474] [Worker-Main-1/DEBUG] [com.tterrag.registrate.AbstractRegistrate/REGISTRATE.DATA]: Generating data of type loot for entry copper_sheet_metal [minecraft:block]
[30Aug2025 03:42:32.474] [Worker-Main-1/DEBUG] [com.tterrag.registrate.AbstractRegistrate/REGISTRATE.DATA]: Generating data of type loot for entry industrial_iron_sheet_metal [minecraft:block]
[30Aug2025 03:42:32.474] [Worker-Main-1/DEBUG] [com.tterrag.registrate.AbstractRegistrate/REGISTRATE.DATA]: Generating data of type loot for entry zinc_sheet_metal [minecraft:block]
[30Aug2025 03:42:32.474] [Worker-Main-1/DEBUG] [com.tterrag.registrate.AbstractRegistrate/REGISTRATE.DATA]: Generating data of type loot for entry andesite_door [minecraft:block]
[30Aug2025 03:42:32.474] [Worker-Main-1/DEBUG] [com.tterrag.registrate.AbstractRegistrate/REGISTRATE.DATA]: Generating data of type loot for entry locked_andesite_door [minecraft:block]
[30Aug2025 03:42:32.474] [Worker-Main-1/DEBUG] [com.tterrag.registrate.AbstractRegistrate/REGISTRATE.DATA]: Generating data of type loot for entry andesite_trapdoor [minecraft:block]
[30Aug2025 03:42:32.474] [Worker-Main-1/DEBUG] [com.tterrag.registrate.AbstractRegistrate/REGISTRATE.DATA]: Generating data of type loot for entry brass_door [minecraft:block]
[30Aug2025 03:42:32.474] [Worker-Main-1/DEBUG] [com.tterrag.registrate.AbstractRegistrate/REGISTRATE.DATA]: Generating data of type loot for entry locked_brass_door [minecraft:block]
[30Aug2025 03:42:32.475] [Worker-Main-1/DEBUG] [com.tterrag.registrate.AbstractRegistrate/REGISTRATE.DATA]: Generating data of type loot for entry brass_trapdoor [minecraft:block]
[30Aug2025 03:42:32.475] [Worker-Main-1/DEBUG] [com.tterrag.registrate.AbstractRegistrate/REGISTRATE.DATA]: Generating data of type loot for entry copper_door [minecraft:block]
[30Aug2025 03:42:32.475] [Worker-Main-1/DEBUG] [com.tterrag.registrate.AbstractRegistrate/REGISTRATE.DATA]: Generating data of type loot for entry locked_copper_door [minecraft:block]
[30Aug2025 03:42:32.475] [Worker-Main-1/DEBUG] [com.tterrag.registrate.AbstractRegistrate/REGISTRATE.DATA]: Generating data of type loot for entry copper_trapdoor [minecraft:block]
[30Aug2025 03:42:32.475] [Worker-Main-1/DEBUG] [com.tterrag.registrate.AbstractRegistrate/REGISTRATE.DATA]: Generating data of type loot for entry industrial_iron_door [minecraft:block]
[30Aug2025 03:42:32.475] [Worker-Main-1/DEBUG] [com.tterrag.registrate.AbstractRegistrate/REGISTRATE.DATA]: Generating data of type loot for entry locked_industrial_iron_door [minecraft:block]
[30Aug2025 03:42:32.475] [Worker-Main-1/DEBUG] [com.tterrag.registrate.AbstractRegistrate/REGISTRATE.DATA]: Generating data of type loot for entry industrial_iron_trapdoor [minecraft:block]
[30Aug2025 03:42:32.475] [Worker-Main-1/DEBUG] [com.tterrag.registrate.AbstractRegistrate/REGISTRATE.DATA]: Generating data of type loot for entry zinc_door [minecraft:block]
[30Aug2025 03:42:32.475] [Worker-Main-1/DEBUG] [com.tterrag.registrate.AbstractRegistrate/REGISTRATE.DATA]: Generating data of type loot for entry locked_zinc_door [minecraft:block]
[30Aug2025 03:42:32.475] [Worker-Main-1/DEBUG] [com.tterrag.registrate.AbstractRegistrate/REGISTRATE.DATA]: Generating data of type loot for entry zinc_trapdoor [minecraft:block]
[30Aug2025 03:42:32.475] [Worker-Main-1/DEBUG] [com.tterrag.registrate.AbstractRegistrate/REGISTRATE.DATA]: Generating data of type loot for entry white_shipping_container [minecraft:block]
[30Aug2025 03:42:32.475] [Worker-Main-1/DEBUG] [com.tterrag.registrate.AbstractRegistrate/REGISTRATE.DATA]: Generating data of type loot for entry orange_shipping_container [minecraft:block]
[30Aug2025 03:42:32.475] [Worker-Main-1/DEBUG] [com.tterrag.registrate.AbstractRegistrate/REGISTRATE.DATA]: Generating data of type loot for entry magenta_shipping_container [minecraft:block]
[30Aug2025 03:42:32.475] [Worker-Main-1/DEBUG] [com.tterrag.registrate.AbstractRegistrate/REGISTRATE.DATA]: Generating data of type loot for entry light_blue_shipping_container [minecraft:block]
[30Aug2025 03:42:32.475] [Worker-Main-1/DEBUG] [com.tterrag.registrate.AbstractRegistrate/REGISTRATE.DATA]: Generating data of type loot for entry yellow_shipping_container [minecraft:block]
[30Aug2025 03:42:32.475] [Worker-Main-1/DEBUG] [com.tterrag.registrate.AbstractRegistrate/REGISTRATE.DATA]: Generating data of type loot for entry lime_shipping_container [minecraft:block]
[30Aug2025 03:42:32.475] [Worker-Main-1/DEBUG] [com.tterrag.registrate.AbstractRegistrate/REGISTRATE.DATA]: Generating data of type loot for entry pink_shipping_container [minecraft:block]
[30Aug2025 03:42:32.475] [Worker-Main-1/DEBUG] [com.tterrag.registrate.AbstractRegistrate/REGISTRATE.DATA]: Generating data of type loot for entry gray_shipping_container [minecraft:block]
[30Aug2025 03:42:32.475] [Worker-Main-1/DEBUG] [com.tterrag.registrate.AbstractRegistrate/REGISTRATE.DATA]: Generating data of type loot for entry light_gray_shipping_container [minecraft:block]
[30Aug2025 03:42:32.475] [Worker-Main-1/DEBUG] [com.tterrag.registrate.AbstractRegistrate/REGISTRATE.DATA]: Generating data of type loot for entry cyan_shipping_container [minecraft:block]
[30Aug2025 03:42:32.475] [Worker-Main-1/DEBUG] [com.tterrag.registrate.AbstractRegistrate/REGISTRATE.DATA]: Generating data of type loot for entry purple_shipping_container [minecraft:block]
[30Aug2025 03:42:32.475] [Worker-Main-1/DEBUG] [com.tterrag.registrate.AbstractRegistrate/REGISTRATE.DATA]: Generating data of type loot for entry blue_shipping_container [minecraft:block]
[30Aug2025 03:42:32.475] [Worker-Main-1/DEBUG] [com.tterrag.registrate.AbstractRegistrate/REGISTRATE.DATA]: Generating data of type loot for entry brown_shipping_container [minecraft:block]
[30Aug2025 03:42:32.475] [Worker-Main-1/DEBUG] [com.tterrag.registrate.AbstractRegistrate/REGISTRATE.DATA]: Generating data of type loot for entry green_shipping_container [minecraft:block]
[30Aug2025 03:42:32.475] [Worker-Main-1/DEBUG] [com.tterrag.registrate.AbstractRegistrate/REGISTRATE.DATA]: Generating data of type loot for entry red_shipping_container [minecraft:block]
[30Aug2025 03:42:32.475] [Worker-Main-1/DEBUG] [com.tterrag.registrate.AbstractRegistrate/REGISTRATE.DATA]: Generating data of type loot for entry black_shipping_container [minecraft:block]
[30Aug2025 03:42:32.475] [Worker-Main-1/DEBUG] [com.tterrag.registrate.AbstractRegistrate/REGISTRATE.DATA]: Generating data of type loot for entry decal_warning [minecraft:block]
[30Aug2025 03:42:32.475] [Worker-Main-1/DEBUG] [com.tterrag.registrate.AbstractRegistrate/REGISTRATE.DATA]: Generating data of type loot for entry decal_creeper [minecraft:block]
[30Aug2025 03:42:32.475] [Worker-Main-1/DEBUG] [com.tterrag.registrate.AbstractRegistrate/REGISTRATE.DATA]: Generating data of type loot for entry decal_skull [minecraft:block]
[30Aug2025 03:42:32.475] [Worker-Main-1/DEBUG] [com.tterrag.registrate.AbstractRegistrate/REGISTRATE.DATA]: Generating data of type loot for entry decal_flow [minecraft:block]
[30Aug2025 03:42:32.475] [Worker-Main-1/DEBUG] [com.tterrag.registrate.AbstractRegistrate/REGISTRATE.DATA]: Generating data of type loot for entry decal_ice [minecraft:block]
[30Aug2025 03:42:32.477] [Worker-Main-1/DEBUG] [com.tterrag.registrate.AbstractRegistrate/REGISTRATE.DATA]: Generating data of type loot for entry decal_radioactive [minecraft:block]
[30Aug2025 03:42:32.477] [Worker-Main-1/DEBUG] [com.tterrag.registrate.AbstractRegistrate/REGISTRATE.DATA]: Generating data of type loot for entry decal_top_left [minecraft:block]
[30Aug2025 03:42:32.477] [Worker-Main-1/DEBUG] [com.tterrag.registrate.AbstractRegistrate/REGISTRATE.DATA]: Generating data of type loot for entry decal_up [minecraft:block]
[30Aug2025 03:42:32.477] [Worker-Main-1/DEBUG] [com.tterrag.registrate.AbstractRegistrate/REGISTRATE.DATA]: Generating data of type loot for entry decal_top_right [minecraft:block]
[30Aug2025 03:42:32.477] [Worker-Main-1/DEBUG] [com.tterrag.registrate.AbstractRegistrate/REGISTRATE.DATA]: Generating data of type loot for entry decal_left [minecraft:block]
[30Aug2025 03:42:32.477] [Worker-Main-1/DEBUG] [com.tterrag.registrate.AbstractRegistrate/REGISTRATE.DATA]: Generating data of type loot for entry decal_cross [minecraft:block]
[30Aug2025 03:42:32.477] [Worker-Main-1/DEBUG] [com.tterrag.registrate.AbstractRegistrate/REGISTRATE.DATA]: Generating data of type loot for entry decal_right [minecraft:block]
[30Aug2025 03:42:32.477] [Worker-Main-1/DEBUG] [com.tterrag.registrate.AbstractRegistrate/REGISTRATE.DATA]: Generating data of type loot for entry decal_down_left [minecraft:block]
[30Aug2025 03:42:32.477] [Worker-Main-1/DEBUG] [com.tterrag.registrate.AbstractRegistrate/REGISTRATE.DATA]: Generating data of type loot for entry decal_down [minecraft:block]
[30Aug2025 03:42:32.477] [Worker-Main-1/DEBUG] [com.tterrag.registrate.AbstractRegistrate/REGISTRATE.DATA]: Generating data of type loot for entry decal_down_right [minecraft:block]
[30Aug2025 03:42:32.477] [Worker-Main-1/DEBUG] [com.tterrag.registrate.AbstractRegistrate/REGISTRATE.DATA]: Generating data of type loot for entry decal_fluid [minecraft:block]
[30Aug2025 03:42:32.477] [Worker-Main-1/DEBUG] [com.tterrag.registrate.AbstractRegistrate/REGISTRATE.DATA]: Generating data of type loot for entry decal_fire [minecraft:block]
[30Aug2025 03:42:32.477] [Worker-Main-1/DEBUG] [com.tterrag.registrate.AbstractRegistrate/REGISTRATE.DATA]: Generating data of type loot for entry decal_electrical [minecraft:block]
[30Aug2025 03:42:32.477] [Worker-Main-1/DEBUG] [com.tterrag.registrate.AbstractRegistrate/REGISTRATE.DATA]: Generating data of type loot for entry decal_fire_diamond [minecraft:block]
[30Aug2025 03:42:32.477] [Worker-Main-1/DEBUG] [com.tterrag.registrate.AbstractRegistrate/REGISTRATE.DATA]: Generating data of type loot for entry decal_no_entry [minecraft:block]
[30Aug2025 03:42:32.477] [Worker-Main-1/DEBUG] [com.tterrag.registrate.AbstractRegistrate/REGISTRATE.DATA]: Generating data of type loot for entry orange_placard [minecraft:block]
[30Aug2025 03:42:32.477] [Worker-Main-1/DEBUG] [com.tterrag.registrate.AbstractRegistrate/REGISTRATE.DATA]: Generating data of type loot for entry magenta_placard [minecraft:block]
[30Aug2025 03:42:32.477] [Worker-Main-1/DEBUG] [com.tterrag.registrate.AbstractRegistrate/REGISTRATE.DATA]: Generating data of type loot for entry light_blue_placard [minecraft:block]
[30Aug2025 03:42:32.477] [Worker-Main-1/DEBUG] [com.tterrag.registrate.AbstractRegistrate/REGISTRATE.DATA]: Generating data of type loot for entry yellow_placard [minecraft:block]
[30Aug2025 03:42:32.477] [Worker-Main-1/DEBUG] [com.tterrag.registrate.AbstractRegistrate/REGISTRATE.DATA]: Generating data of type loot for entry lime_placard [minecraft:block]
[30Aug2025 03:42:32.477] [Worker-Main-1/DEBUG] [com.tterrag.registrate.AbstractRegistrate/REGISTRATE.DATA]: Generating data of type loot for entry pink_placard [minecraft:block]
[30Aug2025 03:42:32.477] [Worker-Main-1/DEBUG] [com.tterrag.registrate.AbstractRegistrate/REGISTRATE.DATA]: Generating data of type loot for entry gray_placard [minecraft:block]
[30Aug2025 03:42:32.477] [Worker-Main-1/DEBUG] [com.tterrag.registrate.AbstractRegistrate/REGISTRATE.DATA]: Generating data of type loot for entry light_gray_placard [minecraft:block]
[30Aug2025 03:42:32.477] [Worker-Main-1/DEBUG] [com.tterrag.registrate.AbstractRegistrate/REGISTRATE.DATA]: Generating data of type loot for entry cyan_placard [minecraft:block]
[30Aug2025 03:42:32.477] [Worker-Main-1/DEBUG] [com.tterrag.registrate.AbstractRegistrate/REGISTRATE.DATA]: Generating data of type loot for entry purple_placard [minecraft:block]
[30Aug2025 03:42:32.477] [Worker-Main-1/DEBUG] [com.tterrag.registrate.AbstractRegistrate/REGISTRATE.DATA]: Generating data of type loot for entry blue_placard [minecraft:block]
[30Aug2025 03:42:32.477] [Worker-Main-1/DEBUG] [com.tterrag.registrate.AbstractRegistrate/REGISTRATE.DATA]: Generating data of type loot for entry brown_placard [minecraft:block]
[30Aug2025 03:42:32.477] [Worker-Main-1/DEBUG] [com.tterrag.registrate.AbstractRegistrate/REGISTRATE.DATA]: Generating data of type loot for entry green_placard [minecraft:block]
[30Aug2025 03:42:32.477] [Worker-Main-1/DEBUG] [com.tterrag.registrate.AbstractRegistrate/REGISTRATE.DATA]: Generating data of type loot for entry red_placard [minecraft:block]
[30Aug2025 03:42:32.479] [Worker-Main-1/DEBUG] [com.tterrag.registrate.AbstractRegistrate/REGISTRATE.DATA]: Generating data of type loot for entry black_placard [minecraft:block]
[30Aug2025 03:42:32.479] [Worker-Main-1/DEBUG] [com.tterrag.registrate.AbstractRegistrate/REGISTRATE.DATA]: Generating data of type loot for entry gold_coinstack [minecraft:block]
[30Aug2025 03:42:32.479] [Worker-Main-1/DEBUG] [com.tterrag.registrate.AbstractRegistrate/REGISTRATE.DATA]: Generating data of type loot for entry netherite_coinstack [minecraft:block]
[30Aug2025 03:42:32.479] [Worker-Main-1/DEBUG] [com.tterrag.registrate.AbstractRegistrate/REGISTRATE.DATA]: Generating data of type loot for entry brass_coinstack [minecraft:block]
[30Aug2025 03:42:32.479] [Worker-Main-1/DEBUG] [com.tterrag.registrate.AbstractRegistrate/REGISTRATE.DATA]: Generating data of type loot for entry iron_coinstack [minecraft:block]
[30Aug2025 03:42:32.479] [Worker-Main-1/DEBUG] [com.tterrag.registrate.AbstractRegistrate/REGISTRATE.DATA]: Generating data of type loot for entry copper_coinstack [minecraft:block]
[30Aug2025 03:42:32.479] [Worker-Main-1/DEBUG] [com.tterrag.registrate.AbstractRegistrate/REGISTRATE.DATA]: Generating data of type loot for entry industrial_iron_coinstack [minecraft:block]
[30Aug2025 03:42:32.479] [Worker-Main-1/DEBUG] [com.tterrag.registrate.AbstractRegistrate/REGISTRATE.DATA]: Generating data of type loot for entry zinc_coinstack [minecraft:block]
[30Aug2025 03:42:32.479] [Worker-Main-1/DEBUG] [com.tterrag.registrate.AbstractRegistrate/REGISTRATE.DATA]: Generating data of type loot for entry short_red_bricks [minecraft:block]
[30Aug2025 03:42:32.479] [Worker-Main-1/DEBUG] [com.tterrag.registrate.AbstractRegistrate/REGISTRATE.DATA]: Generating data of type loot for entry tiled_red_bricks [minecraft:block]
[30Aug2025 03:42:32.479] [Worker-Main-1/DEBUG] [com.tterrag.registrate.AbstractRegistrate/REGISTRATE.DATA]: Generating data of type loot for entry long_red_bricks [minecraft:block]
[30Aug2025 03:42:32.479] [Worker-Main-1/DEBUG] [com.tterrag.registrate.AbstractRegistrate/REGISTRATE.DATA]: Generating data of type loot for entry corner_red_bricks [minecraft:block]
[30Aug2025 03:42:32.479] [Worker-Main-1/DEBUG] [com.tterrag.registrate.AbstractRegistrate/REGISTRATE.DATA]: Generating data of type loot for entry cracked_red_bricks [minecraft:block]
[30Aug2025 03:42:32.479] [Worker-Main-1/DEBUG] [com.tterrag.registrate.AbstractRegistrate/REGISTRATE.DATA]: Generating data of type loot for entry mossy_red_bricks [minecraft:block]
[30Aug2025 03:42:32.479] [Worker-Main-1/DEBUG] [com.tterrag.registrate.AbstractRegistrate/REGISTRATE.DATA]: Generating data of type loot for entry short_red_brick_stairs [minecraft:block]
[30Aug2025 03:42:32.479] [Worker-Main-1/DEBUG] [com.tterrag.registrate.AbstractRegistrate/REGISTRATE.DATA]: Generating data of type loot for entry tiled_red_brick_stairs [minecraft:block]
[30Aug2025 03:42:32.479] [Worker-Main-1/DEBUG] [com.tterrag.registrate.AbstractRegistrate/REGISTRATE.DATA]: Generating data of type loot for entry long_red_brick_stairs [minecraft:block]
[30Aug2025 03:42:32.479] [Worker-Main-1/DEBUG] [com.tterrag.registrate.AbstractRegistrate/REGISTRATE.DATA]: Generating data of type loot for entry corner_red_brick_stairs [minecraft:block]
[30Aug2025 03:42:32.479] [Worker-Main-1/DEBUG] [com.tterrag.registrate.AbstractRegistrate/REGISTRATE.DATA]: Generating data of type loot for entry cracked_red_brick_stairs [minecraft:block]
[30Aug2025 03:42:32.479] [Worker-Main-1/DEBUG] [com.tterrag.registrate.AbstractRegistrate/REGISTRATE.DATA]: Generating data of type loot for entry mossy_red_brick_stairs [minecraft:block]
[30Aug2025 03:42:32.479] [Worker-Main-1/DEBUG] [com.tterrag.registrate.AbstractRegistrate/REGISTRATE.DATA]: Generating data of type loot for entry short_red_brick_slab [minecraft:block]
[30Aug2025 03:42:32.479] [Worker-Main-1/DEBUG] [com.tterrag.registrate.AbstractRegistrate/REGISTRATE.DATA]: Generating data of type loot for entry tiled_red_brick_slab [minecraft:block]
[30Aug2025 03:42:32.479] [Worker-Main-1/DEBUG] [com.tterrag.registrate.AbstractRegistrate/REGISTRATE.DATA]: Generating data of type loot for entry long_red_brick_slab [minecraft:block]
[30Aug2025 03:42:32.479] [Worker-Main-1/DEBUG] [com.tterrag.registrate.AbstractRegistrate/REGISTRATE.DATA]: Generating data of type loot for entry corner_red_brick_slab [minecraft:block]
[30Aug2025 03:42:32.479] [Worker-Main-1/DEBUG] [com.tterrag.registrate.AbstractRegistrate/REGISTRATE.DATA]: Generating data of type loot for entry cracked_red_brick_slab [minecraft:block]
[30Aug2025 03:42:32.479] [Worker-Main-1/DEBUG] [com.tterrag.registrate.AbstractRegistrate/REGISTRATE.DATA]: Generating data of type loot for entry mossy_red_brick_slab [minecraft:block]
[30Aug2025 03:42:32.479] [Worker-Main-1/DEBUG] [com.tterrag.registrate.AbstractRegistrate/REGISTRATE.DATA]: Generating data of type loot for entry short_red_brick_wall [minecraft:block]
[30Aug2025 03:42:32.479] [Worker-Main-1/DEBUG] [com.tterrag.registrate.AbstractRegistrate/REGISTRATE.DATA]: Generating data of type loot for entry tiled_red_brick_wall [minecraft:block]
[30Aug2025 03:42:32.479] [Worker-Main-1/DEBUG] [com.tterrag.registrate.AbstractRegistrate/REGISTRATE.DATA]: Generating data of type loot for entry long_red_brick_wall [minecraft:block]
[30Aug2025 03:42:32.479] [Worker-Main-1/DEBUG] [com.tterrag.registrate.AbstractRegistrate/REGISTRATE.DATA]: Generating data of type loot for entry corner_red_brick_wall [minecraft:block]
[30Aug2025 03:42:32.479] [Worker-Main-1/DEBUG] [com.tterrag.registrate.AbstractRegistrate/REGISTRATE.DATA]: Generating data of type loot for entry cracked_red_brick_wall [minecraft:block]
[30Aug2025 03:42:32.480] [Worker-Main-1/DEBUG] [com.tterrag.registrate.AbstractRegistrate/REGISTRATE.DATA]: Generating data of type loot for entry mossy_red_brick_wall [minecraft:block]
[30Aug2025 03:42:32.480] [Worker-Main-1/DEBUG] [com.tterrag.registrate.AbstractRegistrate/REGISTRATE.DATA]: Generating data of type loot for entry blue_bricks [minecraft:block]
[30Aug2025 03:42:32.480] [Worker-Main-1/DEBUG] [com.tterrag.registrate.AbstractRegistrate/REGISTRATE.DATA]: Generating data of type loot for entry short_blue_bricks [minecraft:block]
[30Aug2025 03:42:32.480] [Worker-Main-1/DEBUG] [com.tterrag.registrate.AbstractRegistrate/REGISTRATE.DATA]: Generating data of type loot for entry tiled_blue_bricks [minecraft:block]
[30Aug2025 03:42:32.480] [Worker-Main-1/DEBUG] [com.tterrag.registrate.AbstractRegistrate/REGISTRATE.DATA]: Generating data of type loot for entry long_blue_bricks [minecraft:block]
[30Aug2025 03:42:32.480] [Worker-Main-1/DEBUG] [com.tterrag.registrate.AbstractRegistrate/REGISTRATE.DATA]: Generating data of type loot for entry corner_blue_bricks [minecraft:block]
[30Aug2025 03:42:32.480] [Worker-Main-1/DEBUG] [com.tterrag.registrate.AbstractRegistrate/REGISTRATE.DATA]: Generating data of type loot for entry cracked_blue_bricks [minecraft:block]
[30Aug2025 03:42:32.480] [Worker-Main-1/DEBUG] [com.tterrag.registrate.AbstractRegistrate/REGISTRATE.DATA]: Generating data of type loot for entry mossy_blue_bricks [minecraft:block]
[30Aug2025 03:42:32.480] [Worker-Main-1/DEBUG] [com.tterrag.registrate.AbstractRegistrate/REGISTRATE.DATA]: Generating data of type loot for entry blue_brick_stairs [minecraft:block]
[30Aug2025 03:42:32.480] [Worker-Main-1/DEBUG] [com.tterrag.registrate.AbstractRegistrate/REGISTRATE.DATA]: Generating data of type loot for entry short_blue_brick_stairs [minecraft:block]
[30Aug2025 03:42:32.480] [Worker-Main-1/DEBUG] [com.tterrag.registrate.AbstractRegistrate/REGISTRATE.DATA]: Generating data of type loot for entry tiled_blue_brick_stairs [minecraft:block]
[30Aug2025 03:42:32.480] [Worker-Main-1/DEBUG] [com.tterrag.registrate.AbstractRegistrate/REGISTRATE.DATA]: Generating data of type loot for entry long_blue_brick_stairs [minecraft:block]
[30Aug2025 03:42:32.480] [Worker-Main-1/DEBUG] [com.tterrag.registrate.AbstractRegistrate/REGISTRATE.DATA]: Generating data of type loot for entry corner_blue_brick_stairs [minecraft:block]
[30Aug2025 03:42:32.480] [Worker-Main-1/DEBUG] [com.tterrag.registrate.AbstractRegistrate/REGISTRATE.DATA]: Generating data of type loot for entry cracked_blue_brick_stairs [minecraft:block]
[30Aug2025 03:42:32.480] [Worker-Main-1/DEBUG] [com.tterrag.registrate.AbstractRegistrate/REGISTRATE.DATA]: Generating data of type loot for entry mossy_blue_brick_stairs [minecraft:block]
[30Aug2025 03:42:32.480] [Worker-Main-1/DEBUG] [com.tterrag.registrate.AbstractRegistrate/REGISTRATE.DATA]: Generating data of type loot for entry blue_brick_slab [minecraft:block]
[30Aug2025 03:42:32.480] [Worker-Main-1/DEBUG] [com.tterrag.registrate.AbstractRegistrate/REGISTRATE.DATA]: Generating data of type loot for entry short_blue_brick_slab [minecraft:block]
[30Aug2025 03:42:32.480] [Worker-Main-1/DEBUG] [com.tterrag.registrate.AbstractRegistrate/REGISTRATE.DATA]: Generating data of type loot for entry tiled_blue_brick_slab [minecraft:block]
[30Aug2025 03:42:32.480] [Worker-Main-1/DEBUG] [com.tterrag.registrate.AbstractRegistrate/REGISTRATE.DATA]: Generating data of type loot for entry long_blue_brick_slab [minecraft:block]
[30Aug2025 03:42:32.480] [Worker-Main-1/DEBUG] [com.tterrag.registrate.AbstractRegistrate/REGISTRATE.DATA]: Generating data of type loot for entry corner_blue_brick_slab [minecraft:block]
[30Aug2025 03:42:32.480] [Worker-Main-1/DEBUG] [com.tterrag.registrate.AbstractRegistrate/REGISTRATE.DATA]: Generating data of type loot for entry cracked_blue_brick_slab [minecraft:block]
[30Aug2025 03:42:32.480] [Worker-Main-1/DEBUG] [com.tterrag.registrate.AbstractRegistrate/REGISTRATE.DATA]: Generating data of type loot for entry mossy_blue_brick_slab [minecraft:block]
[30Aug2025 03:42:32.480] [Worker-Main-1/DEBUG] [com.tterrag.registrate.AbstractRegistrate/REGISTRATE.DATA]: Generating data of type loot for entry blue_brick_wall [minecraft:block]
[30Aug2025 03:42:32.480] [Worker-Main-1/DEBUG] [com.tterrag.registrate.AbstractRegistrate/REGISTRATE.DATA]: Generating data of type loot for entry short_blue_brick_wall [minecraft:block]
[30Aug2025 03:42:32.480] [Worker-Main-1/DEBUG] [com.tterrag.registrate.AbstractRegistrate/REGISTRATE.DATA]: Generating data of type loot for entry tiled_blue_brick_wall [minecraft:block]
[30Aug2025 03:42:32.480] [Worker-Main-1/DEBUG] [com.tterrag.registrate.AbstractRegistrate/REGISTRATE.DATA]: Generating data of type loot for entry long_blue_brick_wall [minecraft:block]
[30Aug2025 03:42:32.480] [Worker-Main-1/DEBUG] [com.tterrag.registrate.AbstractRegistrate/REGISTRATE.DATA]: Generating data of type loot for entry corner_blue_brick_wall [minecraft:block]
[30Aug2025 03:42:32.480] [Worker-Main-1/DEBUG] [com.tterrag.registrate.AbstractRegistrate/REGISTRATE.DATA]: Generating data of type loot for entry cracked_blue_brick_wall [minecraft:block]
[30Aug2025 03:42:32.480] [Worker-Main-1/DEBUG] [com.tterrag.registrate.AbstractRegistrate/REGISTRATE.DATA]: Generating data of type loot for entry mossy_blue_brick_wall [minecraft:block]
[30Aug2025 03:42:32.480] [Worker-Main-1/DEBUG] [com.tterrag.registrate.AbstractRegistrate/REGISTRATE.DATA]: Generating data of type loot for entry dusk_bricks [minecraft:block]
[30Aug2025 03:42:32.480] [Worker-Main-1/DEBUG] [com.tterrag.registrate.AbstractRegistrate/REGISTRATE.DATA]: Generating data of type loot for entry short_dusk_bricks [minecraft:block]
[30Aug2025 03:42:32.482] [Worker-Main-1/DEBUG] [com.tterrag.registrate.AbstractRegistrate/REGISTRATE.DATA]: Generating data of type loot for entry tiled_dusk_bricks [minecraft:block]
[30Aug2025 03:42:32.482] [Worker-Main-1/DEBUG] [com.tterrag.registrate.AbstractRegistrate/REGISTRATE.DATA]: Generating data of type loot for entry long_dusk_bricks [minecraft:block]
[30Aug2025 03:42:32.482] [Worker-Main-1/DEBUG] [com.tterrag.registrate.AbstractRegistrate/REGISTRATE.DATA]: Generating data of type loot for entry corner_dusk_bricks [minecraft:block]
[30Aug2025 03:42:32.482] [Worker-Main-1/DEBUG] [com.tterrag.registrate.AbstractRegistrate/REGISTRATE.DATA]: Generating data of type loot for entry cracked_dusk_bricks [minecraft:block]
[30Aug2025 03:42:32.482] [Worker-Main-1/DEBUG] [com.tterrag.registrate.AbstractRegistrate/REGISTRATE.DATA]: Generating data of type loot for entry mossy_dusk_bricks [minecraft:block]
[30Aug2025 03:42:32.482] [Worker-Main-1/DEBUG] [com.tterrag.registrate.AbstractRegistrate/REGISTRATE.DATA]: Generating data of type loot for entry dusk_brick_stairs [minecraft:block]
[30Aug2025 03:42:32.482] [Worker-Main-1/DEBUG] [com.tterrag.registrate.AbstractRegistrate/REGISTRATE.DATA]: Generating data of type loot for entry short_dusk_brick_stairs [minecraft:block]
[30Aug2025 03:42:32.482] [Worker-Main-1/DEBUG] [com.tterrag.registrate.AbstractRegistrate/REGISTRATE.DATA]: Generating data of type loot for entry tiled_dusk_brick_stairs [minecraft:block]
[30Aug2025 03:42:32.482] [Worker-Main-1/DEBUG] [com.tterrag.registrate.AbstractRegistrate/REGISTRATE.DATA]: Generating data of type loot for entry long_dusk_brick_stairs [minecraft:block]
[30Aug2025 03:42:32.482] [Worker-Main-1/DEBUG] [com.tterrag.registrate.AbstractRegistrate/REGISTRATE.DATA]: Generating data of type loot for entry corner_dusk_brick_stairs [minecraft:block]
[30Aug2025 03:42:32.482] [Worker-Main-1/DEBUG] [com.tterrag.registrate.AbstractRegistrate/REGISTRATE.DATA]: Generating data of type loot for entry cracked_dusk_brick_stairs [minecraft:block]
[30Aug2025 03:42:32.482] [Worker-Main-1/DEBUG] [com.tterrag.registrate.AbstractRegistrate/REGISTRATE.DATA]: Generating data of type loot for entry mossy_dusk_brick_stairs [minecraft:block]
[30Aug2025 03:42:32.482] [Worker-Main-1/DEBUG] [com.tterrag.registrate.AbstractRegistrate/REGISTRATE.DATA]: Generating data of type loot for entry dusk_brick_slab [minecraft:block]
[30Aug2025 03:42:32.482] [Worker-Main-1/DEBUG] [com.tterrag.registrate.AbstractRegistrate/REGISTRATE.DATA]: Generating data of type loot for entry short_dusk_brick_slab [minecraft:block]
[30Aug2025 03:42:32.482] [Worker-Main-1/DEBUG] [com.tterrag.registrate.AbstractRegistrate/REGISTRATE.DATA]: Generating data of type loot for entry tiled_dusk_brick_slab [minecraft:block]
[30Aug2025 03:42:32.482] [Worker-Main-1/DEBUG] [com.tterrag.registrate.AbstractRegistrate/REGISTRATE.DATA]: Generating data of type loot for entry long_dusk_brick_slab [minecraft:block]
[30Aug2025 03:42:32.482] [Worker-Main-1/DEBUG] [com.tterrag.registrate.AbstractRegistrate/REGISTRATE.DATA]: Generating data of type loot for entry corner_dusk_brick_slab [minecraft:block]
[30Aug2025 03:42:32.482] [Worker-Main-1/DEBUG] [com.tterrag.registrate.AbstractRegistrate/REGISTRATE.DATA]: Generating data of type loot for entry cracked_dusk_brick_slab [minecraft:block]
[30Aug2025 03:42:32.482] [Worker-Main-1/DEBUG] [com.tterrag.registrate.AbstractRegistrate/REGISTRATE.DATA]: Generating data of type loot for entry mossy_dusk_brick_slab [minecraft:block]
[30Aug2025 03:42:32.482] [Worker-Main-1/DEBUG] [com.tterrag.registrate.AbstractRegistrate/REGISTRATE.DATA]: Generating data of type loot for entry dusk_brick_wall [minecraft:block]
[30Aug2025 03:42:32.482] [Worker-Main-1/DEBUG] [com.tterrag.registrate.AbstractRegistrate/REGISTRATE.DATA]: Generating data of type loot for entry short_dusk_brick_wall [minecraft:block]
[30Aug2025 03:42:32.482] [Worker-Main-1/DEBUG] [com.tterrag.registrate.AbstractRegistrate/REGISTRATE.DATA]: Generating data of type loot for entry tiled_dusk_brick_wall [minecraft:block]
[30Aug2025 03:42:32.482] [Worker-Main-1/DEBUG] [com.tterrag.registrate.AbstractRegistrate/REGISTRATE.DATA]: Generating data of type loot for entry long_dusk_brick_wall [minecraft:block]
[30Aug2025 03:42:32.482] [Worker-Main-1/DEBUG] [com.tterrag.registrate.AbstractRegistrate/REGISTRATE.DATA]: Generating data of type loot for entry corner_dusk_brick_wall [minecraft:block]
[30Aug2025 03:42:32.482] [Worker-Main-1/DEBUG] [com.tterrag.registrate.AbstractRegistrate/REGISTRATE.DATA]: Generating data of type loot for entry cracked_dusk_brick_wall [minecraft:block]
[30Aug2025 03:42:32.482] [Worker-Main-1/DEBUG] [com.tterrag.registrate.AbstractRegistrate/REGISTRATE.DATA]: Generating data of type loot for entry mossy_dusk_brick_wall [minecraft:block]
[30Aug2025 03:42:32.482] [Worker-Main-1/DEBUG] [com.tterrag.registrate.AbstractRegistrate/REGISTRATE.DATA]: Generating data of type loot for entry verdant_bricks [minecraft:block]
[30Aug2025 03:42:32.482] [Worker-Main-1/DEBUG] [com.tterrag.registrate.AbstractRegistrate/REGISTRATE.DATA]: Generating data of type loot for entry short_verdant_bricks [minecraft:block]
[30Aug2025 03:42:32.483] [Worker-Main-1/DEBUG] [com.tterrag.registrate.AbstractRegistrate/REGISTRATE.DATA]: Generating data of type loot for entry tiled_verdant_bricks [minecraft:block]
[30Aug2025 03:42:32.483] [Worker-Main-1/DEBUG] [com.tterrag.registrate.AbstractRegistrate/REGISTRATE.DATA]: Generating data of type loot for entry long_verdant_bricks [minecraft:block]
[30Aug2025 03:42:32.483] [Worker-Main-1/DEBUG] [com.tterrag.registrate.AbstractRegistrate/REGISTRATE.DATA]: Generating data of type loot for entry corner_verdant_bricks [minecraft:block]
[30Aug2025 03:42:32.483] [Worker-Main-1/DEBUG] [com.tterrag.registrate.AbstractRegistrate/REGISTRATE.DATA]: Generating data of type loot for entry cracked_verdant_bricks [minecraft:block]
[30Aug2025 03:42:32.483] [Worker-Main-1/DEBUG] [com.tterrag.registrate.AbstractRegistrate/REGISTRATE.DATA]: Generating data of type loot for entry mossy_verdant_bricks [minecraft:block]
[30Aug2025 03:42:32.483] [Worker-Main-1/DEBUG] [com.tterrag.registrate.AbstractRegistrate/REGISTRATE.DATA]: Generating data of type loot for entry verdant_brick_stairs [minecraft:block]
[30Aug2025 03:42:32.483] [Worker-Main-1/DEBUG] [com.tterrag.registrate.AbstractRegistrate/REGISTRATE.DATA]: Generating data of type loot for entry short_verdant_brick_stairs [minecraft:block]
[30Aug2025 03:42:32.483] [Worker-Main-1/DEBUG] [com.tterrag.registrate.AbstractRegistrate/REGISTRATE.DATA]: Generating data of type loot for entry tiled_verdant_brick_stairs [minecraft:block]
[30Aug2025 03:42:32.483] [Worker-Main-1/DEBUG] [com.tterrag.registrate.AbstractRegistrate/REGISTRATE.DATA]: Generating data of type loot for entry long_verdant_brick_stairs [minecraft:block]
[30Aug2025 03:42:32.483] [Worker-Main-1/DEBUG] [com.tterrag.registrate.AbstractRegistrate/REGISTRATE.DATA]: Generating data of type loot for entry corner_verdant_brick_stairs [minecraft:block]
[30Aug2025 03:42:32.483] [Worker-Main-1/DEBUG] [com.tterrag.registrate.AbstractRegistrate/REGISTRATE.DATA]: Generating data of type loot for entry cracked_verdant_brick_stairs [minecraft:block]
[30Aug2025 03:42:32.483] [Worker-Main-1/DEBUG] [com.tterrag.registrate.AbstractRegistrate/REGISTRATE.DATA]: Generating data of type loot for entry mossy_verdant_brick_stairs [minecraft:block]
[30Aug2025 03:42:32.483] [Worker-Main-1/DEBUG] [com.tterrag.registrate.AbstractRegistrate/REGISTRATE.DATA]: Generating data of type loot for entry verdant_brick_slab [minecraft:block]
[30Aug2025 03:42:32.483] [Worker-Main-1/DEBUG] [com.tterrag.registrate.AbstractRegistrate/REGISTRATE.DATA]: Generating data of type loot for entry short_verdant_brick_slab [minecraft:block]
[30Aug2025 03:42:32.483] [Worker-Main-1/DEBUG] [com.tterrag.registrate.AbstractRegistrate/REGISTRATE.DATA]: Generating data of type loot for entry tiled_verdant_brick_slab [minecraft:block]
[30Aug2025 03:42:32.483] [Worker-Main-1/DEBUG] [com.tterrag.registrate.AbstractRegistrate/REGISTRATE.DATA]: Generating data of type loot for entry long_verdant_brick_slab [minecraft:block]
[30Aug2025 03:42:32.483] [Worker-Main-1/DEBUG] [com.tterrag.registrate.AbstractRegistrate/REGISTRATE.DATA]: Generating data of type loot for entry corner_verdant_brick_slab [minecraft:block]
[30Aug2025 03:42:32.483] [Worker-Main-1/DEBUG] [com.tterrag.registrate.AbstractRegistrate/REGISTRATE.DATA]: Generating data of type loot for entry cracked_verdant_brick_slab [minecraft:block]
[30Aug2025 03:42:32.483] [Worker-Main-1/DEBUG] [com.tterrag.registrate.AbstractRegistrate/REGISTRATE.DATA]: Generating data of type loot for entry mossy_verdant_brick_slab [minecraft:block]
[30Aug2025 03:42:32.483] [Worker-Main-1/DEBUG] [com.tterrag.registrate.AbstractRegistrate/REGISTRATE.DATA]: Generating data of type loot for entry verdant_brick_wall [minecraft:block]
[30Aug2025 03:42:32.483] [Worker-Main-1/DEBUG] [com.tterrag.registrate.AbstractRegistrate/REGISTRATE.DATA]: Generating data of type loot for entry short_verdant_brick_wall [minecraft:block]
[30Aug2025 03:42:32.483] [Worker-Main-1/DEBUG] [com.tterrag.registrate.AbstractRegistrate/REGISTRATE.DATA]: Generating data of type loot for entry tiled_verdant_brick_wall [minecraft:block]
[30Aug2025 03:42:32.485] [Worker-Main-1/DEBUG] [com.tterrag.registrate.AbstractRegistrate/REGISTRATE.DATA]: Generating data of type loot for entry long_verdant_brick_wall [minecraft:block]
[30Aug2025 03:42:32.485] [Worker-Main-1/DEBUG] [com.tterrag.registrate.AbstractRegistrate/REGISTRATE.DATA]: Generating data of type loot for entry corner_verdant_brick_wall [minecraft:block]
[30Aug2025 03:42:32.485] [Worker-Main-1/DEBUG] [com.tterrag.registrate.AbstractRegistrate/REGISTRATE.DATA]: Generating data of type loot for entry cracked_verdant_brick_wall [minecraft:block]
[30Aug2025 03:42:32.485] [Worker-Main-1/DEBUG] [com.tterrag.registrate.AbstractRegistrate/REGISTRATE.DATA]: Generating data of type loot for entry mossy_verdant_brick_wall [minecraft:block]
[30Aug2025 03:42:32.485] [Worker-Main-1/DEBUG] [com.tterrag.registrate.AbstractRegistrate/REGISTRATE.DATA]: Generating data of type loot for entry scarlet_bricks [minecraft:block]
[30Aug2025 03:42:32.485] [Worker-Main-1/DEBUG] [com.tterrag.registrate.AbstractRegistrate/REGISTRATE.DATA]: Generating data of type loot for entry short_scarlet_bricks [minecraft:block]
[30Aug2025 03:42:32.485] [Worker-Main-1/DEBUG] [com.tterrag.registrate.AbstractRegistrate/REGISTRATE.DATA]: Generating data of type loot for entry tiled_scarlet_bricks [minecraft:block]
[30Aug2025 03:42:32.485] [Worker-Main-1/DEBUG] [com.tterrag.registrate.AbstractRegistrate/REGISTRATE.DATA]: Generating data of type loot for entry long_scarlet_bricks [minecraft:block]
[30Aug2025 03:42:32.485] [Worker-Main-1/DEBUG] [com.tterrag.registrate.AbstractRegistrate/REGISTRATE.DATA]: Generating data of type loot for entry corner_scarlet_bricks [minecraft:block]
[30Aug2025 03:42:32.485] [Worker-Main-1/DEBUG] [com.tterrag.registrate.AbstractRegistrate/REGISTRATE.DATA]: Generating data of type loot for entry cracked_scarlet_bricks [minecraft:block]
[30Aug2025 03:42:32.485] [Worker-Main-1/DEBUG] [com.tterrag.registrate.AbstractRegistrate/REGISTRATE.DATA]: Generating data of type loot for entry mossy_scarlet_bricks [minecraft:block]
[30Aug2025 03:42:32.485] [Worker-Main-1/DEBUG] [com.tterrag.registrate.AbstractRegistrate/REGISTRATE.DATA]: Generating data of type loot for entry scarlet_brick_stairs [minecraft:block]
[30Aug2025 03:42:32.485] [Worker-Main-1/DEBUG] [com.tterrag.registrate.AbstractRegistrate/REGISTRATE.DATA]: Generating data of type loot for entry short_scarlet_brick_stairs [minecraft:block]
[30Aug2025 03:42:32.485] [Worker-Main-1/DEBUG] [com.tterrag.registrate.AbstractRegistrate/REGISTRATE.DATA]: Generating data of type loot for entry tiled_scarlet_brick_stairs [minecraft:block]
[30Aug2025 03:42:32.485] [Worker-Main-1/DEBUG] [com.tterrag.registrate.AbstractRegistrate/REGISTRATE.DATA]: Generating data of type loot for entry long_scarlet_brick_stairs [minecraft:block]
[30Aug2025 03:42:32.485] [Worker-Main-1/DEBUG] [com.tterrag.registrate.AbstractRegistrate/REGISTRATE.DATA]: Generating data of type loot for entry corner_scarlet_brick_stairs [minecraft:block]
[30Aug2025 03:42:32.485] [Worker-Main-1/DEBUG] [com.tterrag.registrate.AbstractRegistrate/REGISTRATE.DATA]: Generating data of type loot for entry cracked_scarlet_brick_stairs [minecraft:block]
[30Aug2025 03:42:32.485] [Worker-Main-1/DEBUG] [com.tterrag.registrate.AbstractRegistrate/REGISTRATE.DATA]: Generating data of type loot for entry mossy_scarlet_brick_stairs [minecraft:block]
[30Aug2025 03:42:32.485] [Worker-Main-1/DEBUG] [com.tterrag.registrate.AbstractRegistrate/REGISTRATE.DATA]: Generating data of type loot for entry scarlet_brick_slab [minecraft:block]
[30Aug2025 03:42:32.485] [Worker-Main-1/DEBUG] [com.tterrag.registrate.AbstractRegistrate/REGISTRATE.DATA]: Generating data of type loot for entry short_scarlet_brick_slab [minecraft:block]
[30Aug2025 03:42:32.485] [Worker-Main-1/DEBUG] [com.tterrag.registrate.AbstractRegistrate/REGISTRATE.DATA]: Generating data of type loot for entry tiled_scarlet_brick_slab [minecraft:block]
[30Aug2025 03:42:32.485] [Worker-Main-1/DEBUG] [com.tterrag.registrate.AbstractRegistrate/REGISTRATE.DATA]: Generating data of type loot for entry long_scarlet_brick_slab [minecraft:block]
[30Aug2025 03:42:32.485] [Worker-Main-1/DEBUG] [com.tterrag.registrate.AbstractRegistrate/REGISTRATE.DATA]: Generating data of type loot for entry corner_scarlet_brick_slab [minecraft:block]
[30Aug2025 03:42:32.485] [Worker-Main-1/DEBUG] [com.tterrag.registrate.AbstractRegistrate/REGISTRATE.DATA]: Generating data of type loot for entry cracked_scarlet_brick_slab [minecraft:block]
[30Aug2025 03:42:32.486] [Worker-Main-1/DEBUG] [com.tterrag.registrate.AbstractRegistrate/REGISTRATE.DATA]: Generating data of type loot for entry mossy_scarlet_brick_slab [minecraft:block]
[30Aug2025 03:42:32.486] [Worker-Main-1/DEBUG] [com.tterrag.registrate.AbstractRegistrate/REGISTRATE.DATA]: Generating data of type loot for entry scarlet_brick_wall [minecraft:block]
[30Aug2025 03:42:32.486] [Worker-Main-1/DEBUG] [com.tterrag.registrate.AbstractRegistrate/REGISTRATE.DATA]: Generating data of type loot for entry short_scarlet_brick_wall [minecraft:block]
[30Aug2025 03:42:32.486] [Worker-Main-1/DEBUG] [com.tterrag.registrate.AbstractRegistrate/REGISTRATE.DATA]: Generating data of type loot for entry tiled_scarlet_brick_wall [minecraft:block]
[30Aug2025 03:42:32.486] [Worker-Main-1/DEBUG] [com.tterrag.registrate.AbstractRegistrate/REGISTRATE.DATA]: Generating data of type loot for entry long_scarlet_brick_wall [minecraft:block]
[30Aug2025 03:42:32.486] [Worker-Main-1/DEBUG] [com.tterrag.registrate.AbstractRegistrate/REGISTRATE.DATA]: Generating data of type loot for entry corner_scarlet_brick_wall [minecraft:block]
[30Aug2025 03:42:32.486] [Worker-Main-1/DEBUG] [com.tterrag.registrate.AbstractRegistrate/REGISTRATE.DATA]: Generating data of type loot for entry cracked_scarlet_brick_wall [minecraft:block]
[30Aug2025 03:42:32.486] [Worker-Main-1/DEBUG] [com.tterrag.registrate.AbstractRegistrate/REGISTRATE.DATA]: Generating data of type loot for entry mossy_scarlet_brick_wall [minecraft:block]
[30Aug2025 03:42:32.486] [Worker-Main-1/DEBUG] [com.tterrag.registrate.AbstractRegistrate/REGISTRATE.DATA]: Generating data of type loot for entry dean_bricks [minecraft:block]
[30Aug2025 03:42:32.486] [Worker-Main-1/DEBUG] [com.tterrag.registrate.AbstractRegistrate/REGISTRATE.DATA]: Generating data of type loot for entry short_dean_bricks [minecraft:block]
[30Aug2025 03:42:32.486] [Worker-Main-1/DEBUG] [com.tterrag.registrate.AbstractRegistrate/REGISTRATE.DATA]: Generating data of type loot for entry tiled_dean_bricks [minecraft:block]
[30Aug2025 03:42:32.486] [Worker-Main-1/DEBUG] [com.tterrag.registrate.AbstractRegistrate/REGISTRATE.DATA]: Generating data of type loot for entry long_dean_bricks [minecraft:block]
[30Aug2025 03:42:32.486] [Worker-Main-1/DEBUG] [com.tterrag.registrate.AbstractRegistrate/REGISTRATE.DATA]: Generating data of type loot for entry corner_dean_bricks [minecraft:block]
[30Aug2025 03:42:32.486] [Worker-Main-1/DEBUG] [com.tterrag.registrate.AbstractRegistrate/REGISTRATE.DATA]: Generating data of type loot for entry cracked_dean_bricks [minecraft:block]
[30Aug2025 03:42:32.486] [Worker-Main-1/DEBUG] [com.tterrag.registrate.AbstractRegistrate/REGISTRATE.DATA]: Generating data of type loot for entry mossy_dean_bricks [minecraft:block]
[30Aug2025 03:42:32.486] [Worker-Main-1/DEBUG] [com.tterrag.registrate.AbstractRegistrate/REGISTRATE.DATA]: Generating data of type loot for entry dean_brick_stairs [minecraft:block]
[30Aug2025 03:42:32.486] [Worker-Main-1/DEBUG] [com.tterrag.registrate.AbstractRegistrate/REGISTRATE.DATA]: Generating data of type loot for entry short_dean_brick_stairs [minecraft:block]
[30Aug2025 03:42:32.486] [Worker-Main-1/DEBUG] [com.tterrag.registrate.AbstractRegistrate/REGISTRATE.DATA]: Generating data of type loot for entry tiled_dean_brick_stairs [minecraft:block]
[30Aug2025 03:42:32.486] [Worker-Main-1/DEBUG] [com.tterrag.registrate.AbstractRegistrate/REGISTRATE.DATA]: Generating data of type loot for entry long_dean_brick_stairs [minecraft:block]
[30Aug2025 03:42:32.486] [Worker-Main-1/DEBUG] [com.tterrag.registrate.AbstractRegistrate/REGISTRATE.DATA]: Generating data of type loot for entry corner_dean_brick_stairs [minecraft:block]
[30Aug2025 03:42:32.486] [Worker-Main-1/DEBUG] [com.tterrag.registrate.AbstractRegistrate/REGISTRATE.DATA]: Generating data of type loot for entry cracked_dean_brick_stairs [minecraft:block]
[30Aug2025 03:42:32.486] [Worker-Main-1/DEBUG] [com.tterrag.registrate.AbstractRegistrate/REGISTRATE.DATA]: Generating data of type loot for entry mossy_dean_brick_stairs [minecraft:block]
[30Aug2025 03:42:32.488] [Worker-Main-1/DEBUG] [com.tterrag.registrate.AbstractRegistrate/REGISTRATE.DATA]: Generating data of type loot for entry dean_brick_slab [minecraft:block]
[30Aug2025 03:42:32.488] [Worker-Main-1/DEBUG] [com.tterrag.registrate.AbstractRegistrate/REGISTRATE.DATA]: Generating data of type loot for entry short_dean_brick_slab [minecraft:block]
[30Aug2025 03:42:32.488] [Worker-Main-1/DEBUG] [com.tterrag.registrate.AbstractRegistrate/REGISTRATE.DATA]: Generating data of type loot for entry tiled_dean_brick_slab [minecraft:block]
[30Aug2025 03:42:32.488] [Worker-Main-1/DEBUG] [com.tterrag.registrate.AbstractRegistrate/REGISTRATE.DATA]: Generating data of type loot for entry long_dean_brick_slab [minecraft:block]
[30Aug2025 03:42:32.488] [Worker-Main-1/DEBUG] [com.tterrag.registrate.AbstractRegistrate/REGISTRATE.DATA]: Generating data of type loot for entry corner_dean_brick_slab [minecraft:block]
[30Aug2025 03:42:32.488] [Worker-Main-1/DEBUG] [com.tterrag.registrate.AbstractRegistrate/REGISTRATE.DATA]: Generating data of type loot for entry cracked_dean_brick_slab [minecraft:block]
[30Aug2025 03:42:32.488] [Worker-Main-1/DEBUG] [com.tterrag.registrate.AbstractRegistrate/REGISTRATE.DATA]: Generating data of type loot for entry mossy_dean_brick_slab [minecraft:block]
[30Aug2025 03:42:32.488] [Worker-Main-1/DEBUG] [com.tterrag.registrate.AbstractRegistrate/REGISTRATE.DATA]: Generating data of type loot for entry dean_brick_wall [minecraft:block]
[30Aug2025 03:42:32.488] [Worker-Main-1/DEBUG] [com.tterrag.registrate.AbstractRegistrate/REGISTRATE.DATA]: Generating data of type loot for entry short_dean_brick_wall [minecraft:block]
[30Aug2025 03:42:32.488] [Worker-Main-1/DEBUG] [com.tterrag.registrate.AbstractRegistrate/REGISTRATE.DATA]: Generating data of type loot for entry tiled_dean_brick_wall [minecraft:block]
[30Aug2025 03:42:32.488] [Worker-Main-1/DEBUG] [com.tterrag.registrate.AbstractRegistrate/REGISTRATE.DATA]: Generating data of type loot for entry long_dean_brick_wall [minecraft:block]
[30Aug2025 03:42:32.488] [Worker-Main-1/DEBUG] [com.tterrag.registrate.AbstractRegistrate/REGISTRATE.DATA]: Generating data of type loot for entry corner_dean_brick_wall [minecraft:block]
[30Aug2025 03:42:32.488] [Worker-Main-1/DEBUG] [com.tterrag.registrate.AbstractRegistrate/REGISTRATE.DATA]: Generating data of type loot for entry cracked_dean_brick_wall [minecraft:block]
[30Aug2025 03:42:32.488] [Worker-Main-1/DEBUG] [com.tterrag.registrate.AbstractRegistrate/REGISTRATE.DATA]: Generating data of type loot for entry mossy_dean_brick_wall [minecraft:block]
[30Aug2025 03:42:32.489] [Worker-Main-1/DEBUG] [com.tterrag.registrate.AbstractRegistrate/REGISTRATE.DATA]: Generating data of type loot for entry umber_bricks [minecraft:block]
[30Aug2025 03:42:32.489] [Worker-Main-1/DEBUG] [com.tterrag.registrate.AbstractRegistrate/REGISTRATE.DATA]: Generating data of type loot for entry short_umber_bricks [minecraft:block]
[30Aug2025 03:42:32.489] [Worker-Main-1/DEBUG] [com.tterrag.registrate.AbstractRegistrate/REGISTRATE.DATA]: Generating data of type loot for entry tiled_umber_bricks [minecraft:block]
[30Aug2025 03:42:32.489] [Worker-Main-1/DEBUG] [com.tterrag.registrate.AbstractRegistrate/REGISTRATE.DATA]: Generating data of type loot for entry long_umber_bricks [minecraft:block]
[30Aug2025 03:42:32.489] [Worker-Main-1/DEBUG] [com.tterrag.registrate.AbstractRegistrate/REGISTRATE.DATA]: Generating data of type loot for entry corner_umber_bricks [minecraft:block]
[30Aug2025 03:42:32.489] [Worker-Main-1/DEBUG] [com.tterrag.registrate.AbstractRegistrate/REGISTRATE.DATA]: Generating data of type loot for entry cracked_umber_bricks [minecraft:block]
[30Aug2025 03:42:32.489] [Worker-Main-1/DEBUG] [com.tterrag.registrate.AbstractRegistrate/REGISTRATE.DATA]: Generating data of type loot for entry mossy_umber_bricks [minecraft:block]
[30Aug2025 03:42:32.489] [Worker-Main-1/DEBUG] [com.tterrag.registrate.AbstractRegistrate/REGISTRATE.DATA]: Generating data of type loot for entry umber_brick_stairs [minecraft:block]
[30Aug2025 03:42:32.489] [Worker-Main-1/DEBUG] [com.tterrag.registrate.AbstractRegistrate/REGISTRATE.DATA]: Generating data of type loot for entry short_umber_brick_stairs [minecraft:block]
[30Aug2025 03:42:32.489] [Worker-Main-1/DEBUG] [com.tterrag.registrate.AbstractRegistrate/REGISTRATE.DATA]: Generating data of type loot for entry tiled_umber_brick_stairs [minecraft:block]
[30Aug2025 03:42:32.489] [Worker-Main-1/DEBUG] [com.tterrag.registrate.AbstractRegistrate/REGISTRATE.DATA]: Generating data of type loot for entry long_umber_brick_stairs [minecraft:block]
[30Aug2025 03:42:32.489] [Worker-Main-1/DEBUG] [com.tterrag.registrate.AbstractRegistrate/REGISTRATE.DATA]: Generating data of type loot for entry corner_umber_brick_stairs [minecraft:block]
[30Aug2025 03:42:32.489] [Worker-Main-1/DEBUG] [com.tterrag.registrate.AbstractRegistrate/REGISTRATE.DATA]: Generating data of type loot for entry cracked_umber_brick_stairs [minecraft:block]
[30Aug2025 03:42:32.489] [Worker-Main-1/DEBUG] [com.tterrag.registrate.AbstractRegistrate/REGISTRATE.DATA]: Generating data of type loot for entry mossy_umber_brick_stairs [minecraft:block]
[30Aug2025 03:42:32.489] [Worker-Main-1/DEBUG] [com.tterrag.registrate.AbstractRegistrate/REGISTRATE.DATA]: Generating data of type loot for entry umber_brick_slab [minecraft:block]
[30Aug2025 03:42:32.489] [Worker-Main-1/DEBUG] [com.tterrag.registrate.AbstractRegistrate/REGISTRATE.DATA]: Generating data of type loot for entry short_umber_brick_slab [minecraft:block]
[30Aug2025 03:42:32.489] [Worker-Main-1/DEBUG] [com.tterrag.registrate.AbstractRegistrate/REGISTRATE.DATA]: Generating data of type loot for entry tiled_umber_brick_slab [minecraft:block]
[30Aug2025 03:42:32.489] [Worker-Main-1/DEBUG] [com.tterrag.registrate.AbstractRegistrate/REGISTRATE.DATA]: Generating data of type loot for entry long_umber_brick_slab [minecraft:block]
[30Aug2025 03:42:32.489] [Worker-Main-1/DEBUG] [com.tterrag.registrate.AbstractRegistrate/REGISTRATE.DATA]: Generating data of type loot for entry corner_umber_brick_slab [minecraft:block]
[30Aug2025 03:42:32.489] [Worker-Main-1/DEBUG] [com.tterrag.registrate.AbstractRegistrate/REGISTRATE.DATA]: Generating data of type loot for entry cracked_umber_brick_slab [minecraft:block]
[30Aug2025 03:42:32.489] [Worker-Main-1/DEBUG] [com.tterrag.registrate.AbstractRegistrate/REGISTRATE.DATA]: Generating data of type loot for entry mossy_umber_brick_slab [minecraft:block]
[30Aug2025 03:42:32.489] [Worker-Main-1/DEBUG] [com.tterrag.registrate.AbstractRegistrate/REGISTRATE.DATA]: Generating data of type loot for entry umber_brick_wall [minecraft:block]
[30Aug2025 03:42:32.489] [Worker-Main-1/DEBUG] [com.tterrag.registrate.AbstractRegistrate/REGISTRATE.DATA]: Generating data of type loot for entry short_umber_brick_wall [minecraft:block]
[30Aug2025 03:42:32.489] [Worker-Main-1/DEBUG] [com.tterrag.registrate.AbstractRegistrate/REGISTRATE.DATA]: Generating data of type loot for entry tiled_umber_brick_wall [minecraft:block]
[30Aug2025 03:42:32.489] [Worker-Main-1/DEBUG] [com.tterrag.registrate.AbstractRegistrate/REGISTRATE.DATA]: Generating data of type loot for entry long_umber_brick_wall [minecraft:block]
[30Aug2025 03:42:32.489] [Worker-Main-1/DEBUG] [com.tterrag.registrate.AbstractRegistrate/REGISTRATE.DATA]: Generating data of type loot for entry corner_umber_brick_wall [minecraft:block]
[30Aug2025 03:42:32.489] [Worker-Main-1/DEBUG] [com.tterrag.registrate.AbstractRegistrate/REGISTRATE.DATA]: Generating data of type loot for entry cracked_umber_brick_wall [minecraft:block]
[30Aug2025 03:42:32.489] [Worker-Main-1/DEBUG] [com.tterrag.registrate.AbstractRegistrate/REGISTRATE.DATA]: Generating data of type loot for entry mossy_umber_brick_wall [minecraft:block]
[30Aug2025 03:42:32.491] [Worker-Main-1/DEBUG] [com.tterrag.registrate.AbstractRegistrate/REGISTRATE.DATA]: Generating data of type loot for entry pearl_bricks [minecraft:block]
[30Aug2025 03:42:32.491] [Worker-Main-1/DEBUG] [com.tterrag.registrate.AbstractRegistrate/REGISTRATE.DATA]: Generating data of type loot for entry short_pearl_bricks [minecraft:block]
[30Aug2025 03:42:32.491] [Worker-Main-1/DEBUG] [com.tterrag.registrate.AbstractRegistrate/REGISTRATE.DATA]: Generating data of type loot for entry tiled_pearl_bricks [minecraft:block]
[30Aug2025 03:42:32.491] [Worker-Main-1/DEBUG] [com.tterrag.registrate.AbstractRegistrate/REGISTRATE.DATA]: Generating data of type loot for entry long_pearl_bricks [minecraft:block]
[30Aug2025 03:42:32.491] [Worker-Main-1/DEBUG] [com.tterrag.registrate.AbstractRegistrate/REGISTRATE.DATA]: Generating data of type loot for entry corner_pearl_bricks [minecraft:block]
[30Aug2025 03:42:32.491] [Worker-Main-1/DEBUG] [com.tterrag.registrate.AbstractRegistrate/REGISTRATE.DATA]: Generating data of type loot for entry cracked_pearl_bricks [minecraft:block]
[30Aug2025 03:42:32.491] [Worker-Main-1/DEBUG] [com.tterrag.registrate.AbstractRegistrate/REGISTRATE.DATA]: Generating data of type loot for entry mossy_pearl_bricks [minecraft:block]
[30Aug2025 03:42:32.491] [Worker-Main-1/DEBUG] [com.tterrag.registrate.AbstractRegistrate/REGISTRATE.DATA]: Generating data of type loot for entry pearl_brick_stairs [minecraft:block]
[30Aug2025 03:42:32.491] [Worker-Main-1/DEBUG] [com.tterrag.registrate.AbstractRegistrate/REGISTRATE.DATA]: Generating data of type loot for entry short_pearl_brick_stairs [minecraft:block]
[30Aug2025 03:42:32.491] [Worker-Main-1/DEBUG] [com.tterrag.registrate.AbstractRegistrate/REGISTRATE.DATA]: Generating data of type loot for entry tiled_pearl_brick_stairs [minecraft:block]
[30Aug2025 03:42:32.491] [Worker-Main-1/DEBUG] [com.tterrag.registrate.AbstractRegistrate/REGISTRATE.DATA]: Generating data of type loot for entry long_pearl_brick_stairs [minecraft:block]
[30Aug2025 03:42:32.491] [Worker-Main-1/DEBUG] [com.tterrag.registrate.AbstractRegistrate/REGISTRATE.DATA]: Generating data of type loot for entry corner_pearl_brick_stairs [minecraft:block]
[30Aug2025 03:42:32.491] [Worker-Main-1/DEBUG] [com.tterrag.registrate.AbstractRegistrate/REGISTRATE.DATA]: Generating data of type loot for entry cracked_pearl_brick_stairs [minecraft:block]
[30Aug2025 03:42:32.491] [Worker-Main-1/DEBUG] [com.tterrag.registrate.AbstractRegistrate/REGISTRATE.DATA]: Generating data of type loot for entry mossy_pearl_brick_stairs [minecraft:block]
[30Aug2025 03:42:32.491] [Worker-Main-1/DEBUG] [com.tterrag.registrate.AbstractRegistrate/REGISTRATE.DATA]: Generating data of type loot for entry pearl_brick_slab [minecraft:block]
[30Aug2025 03:42:32.491] [Worker-Main-1/DEBUG] [com.tterrag.registrate.AbstractRegistrate/REGISTRATE.DATA]: Generating data of type loot for entry short_pearl_brick_slab [minecraft:block]
[30Aug2025 03:42:32.491] [Worker-Main-1/DEBUG] [com.tterrag.registrate.AbstractRegistrate/REGISTRATE.DATA]: Generating data of type loot for entry tiled_pearl_brick_slab [minecraft:block]
[30Aug2025 03:42:32.491] [Worker-Main-1/DEBUG] [com.tterrag.registrate.AbstractRegistrate/REGISTRATE.DATA]: Generating data of type loot for entry long_pearl_brick_slab [minecraft:block]
[30Aug2025 03:42:32.491] [Worker-Main-1/DEBUG] [com.tterrag.registrate.AbstractRegistrate/REGISTRATE.DATA]: Generating data of type loot for entry corner_pearl_brick_slab [minecraft:block]
[30Aug2025 03:42:32.491] [Worker-Main-1/DEBUG] [com.tterrag.registrate.AbstractRegistrate/REGISTRATE.DATA]: Generating data of type loot for entry cracked_pearl_brick_slab [minecraft:block]
[30Aug2025 03:42:32.491] [Worker-Main-1/DEBUG] [com.tterrag.registrate.AbstractRegistrate/REGISTRATE.DATA]: Generating data of type loot for entry mossy_pearl_brick_slab [minecraft:block]
[30Aug2025 03:42:32.491] [Worker-Main-1/DEBUG] [com.tterrag.registrate.AbstractRegistrate/REGISTRATE.DATA]: Generating data of type loot for entry pearl_brick_wall [minecraft:block]
[30Aug2025 03:42:32.492] [Worker-Main-1/DEBUG] [com.tterrag.registrate.AbstractRegistrate/REGISTRATE.DATA]: Generating data of type loot for entry short_pearl_brick_wall [minecraft:block]
[30Aug2025 03:42:32.492] [Worker-Main-1/DEBUG] [com.tterrag.registrate.AbstractRegistrate/REGISTRATE.DATA]: Generating data of type loot for entry tiled_pearl_brick_wall [minecraft:block]
[30Aug2025 03:42:32.492] [Worker-Main-1/DEBUG] [com.tterrag.registrate.AbstractRegistrate/REGISTRATE.DATA]: Generating data of type loot for entry long_pearl_brick_wall [minecraft:block]
[30Aug2025 03:42:32.492] [Worker-Main-1/DEBUG] [com.tterrag.registrate.AbstractRegistrate/REGISTRATE.DATA]: Generating data of type loot for entry corner_pearl_brick_wall [minecraft:block]
[30Aug2025 03:42:32.492] [Worker-Main-1/DEBUG] [com.tterrag.registrate.AbstractRegistrate/REGISTRATE.DATA]: Generating data of type loot for entry cracked_pearl_brick_wall [minecraft:block]
[30Aug2025 03:42:32.492] [Worker-Main-1/DEBUG] [com.tterrag.registrate.AbstractRegistrate/REGISTRATE.DATA]: Generating data of type loot for entry mossy_pearl_brick_wall [minecraft:block]
[30Aug2025 03:42:32.566] [Worker-Main-1/DEBUG] [com.tterrag.registrate.providers.RegistrateDataProvider/REGISTRATE.DATA]: Generating data for type: tags/enchantment
[30Aug2025 03:42:32.569] [Worker-Main-1/DEBUG] [com.tterrag.registrate.providers.RegistrateDataProvider/REGISTRATE.DATA]: Generating data for type: tags/block
[30Aug2025 03:42:32.569] [Worker-Main-1/DEBUG] [com.tterrag.registrate.AbstractRegistrate/REGISTRATE.DATA]: Generating data of type tags/block for entry andesite_window [minecraft:block]
[30Aug2025 03:42:32.574] [Worker-Main-1/DEBUG] [com.tterrag.registrate.AbstractRegistrate/REGISTRATE.DATA]: Generating data of type tags/block for entry copper_window [minecraft:block]
[30Aug2025 03:42:32.574] [Worker-Main-1/DEBUG] [com.tterrag.registrate.AbstractRegistrate/REGISTRATE.DATA]: Generating data of type tags/block for entry iron_window [minecraft:block]
[30Aug2025 03:42:32.574] [Worker-Main-1/DEBUG] [com.tterrag.registrate.AbstractRegistrate/REGISTRATE.DATA]: Generating data of type tags/block for entry industrial_iron_window [minecraft:block]
[30Aug2025 03:42:32.576] [Worker-Main-1/DEBUG] [com.tterrag.registrate.AbstractRegistrate/REGISTRATE.DATA]: Generating data of type tags/block for entry brass_window [minecraft:block]
[30Aug2025 03:42:32.576] [Worker-Main-1/DEBUG] [com.tterrag.registrate.AbstractRegistrate/REGISTRATE.DATA]: Generating data of type tags/block for entry zinc_window [minecraft:block]
[30Aug2025 03:42:32.576] [Worker-Main-1/DEBUG] [com.tterrag.registrate.AbstractRegistrate/REGISTRATE.DATA]: Generating data of type tags/block for entry andesite_bars_overlay [minecraft:block]
[30Aug2025 03:42:32.576] [Worker-Main-1/DEBUG] [com.tterrag.registrate.AbstractRegistrate/REGISTRATE.DATA]: Generating data of type tags/block for entry andesite_bars [minecraft:block]
[30Aug2025 03:42:32.576] [Worker-Main-1/DEBUG] [com.tterrag.registrate.AbstractRegistrate/REGISTRATE.DATA]: Generating data of type tags/block for entry brass_bars_overlay [minecraft:block]
[30Aug2025 03:42:32.576] [Worker-Main-1/DEBUG] [com.tterrag.registrate.AbstractRegistrate/REGISTRATE.DATA]: Generating data of type tags/block for entry brass_bars [minecraft:block]
[30Aug2025 03:42:32.576] [Worker-Main-1/DEBUG] [com.tterrag.registrate.AbstractRegistrate/REGISTRATE.DATA]: Generating data of type tags/block for entry iron_bars_overlay [minecraft:block]
[30Aug2025 03:42:32.576] [Worker-Main-1/DEBUG] [com.tterrag.registrate.AbstractRegistrate/REGISTRATE.DATA]: Generating data of type tags/block for entry copper_bars_overlay [minecraft:block]
[30Aug2025 03:42:32.576] [Worker-Main-1/DEBUG] [com.tterrag.registrate.AbstractRegistrate/REGISTRATE.DATA]: Generating data of type tags/block for entry copper_bars [minecraft:block]
[30Aug2025 03:42:32.576] [Worker-Main-1/DEBUG] [com.tterrag.registrate.AbstractRegistrate/REGISTRATE.DATA]: Generating data of type tags/block for entry industrial_iron_bars_overlay [minecraft:block]
[30Aug2025 03:42:32.576] [Worker-Main-1/DEBUG] [com.tterrag.registrate.AbstractRegistrate/REGISTRATE.DATA]: Generating data of type tags/block for entry industrial_iron_bars [minecraft:block]
[30Aug2025 03:42:32.576] [Worker-Main-1/DEBUG] [com.tterrag.registrate.AbstractRegistrate/REGISTRATE.DATA]: Generating data of type tags/block for entry zinc_bars_overlay [minecraft:block]
[30Aug2025 03:42:32.576] [Worker-Main-1/DEBUG] [com.tterrag.registrate.AbstractRegistrate/REGISTRATE.DATA]: Generating data of type tags/block for entry zinc_bars [minecraft:block]
[30Aug2025 03:42:32.576] [Worker-Main-1/DEBUG] [com.tterrag.registrate.AbstractRegistrate/REGISTRATE.DATA]: Generating data of type tags/block for entry andesite_mesh_fence [minecraft:block]
[30Aug2025 03:42:32.576] [Worker-Main-1/DEBUG] [com.tterrag.registrate.AbstractRegistrate/REGISTRATE.DATA]: Generating data of type tags/block for entry brass_mesh_fence [minecraft:block]
[30Aug2025 03:42:32.576] [Worker-Main-1/DEBUG] [com.tterrag.registrate.AbstractRegistrate/REGISTRATE.DATA]: Generating data of type tags/block for entry iron_mesh_fence [minecraft:block]
[30Aug2025 03:42:32.576] [Worker-Main-1/DEBUG] [com.tterrag.registrate.AbstractRegistrate/REGISTRATE.DATA]: Generating data of type tags/block for entry copper_mesh_fence [minecraft:block]
[30Aug2025 03:42:32.576] [Worker-Main-1/DEBUG] [com.tterrag.registrate.AbstractRegistrate/REGISTRATE.DATA]: Generating data of type tags/block for entry industrial_iron_mesh_fence [minecraft:block]
[30Aug2025 03:42:32.576] [Worker-Main-1/DEBUG] [com.tterrag.registrate.AbstractRegistrate/REGISTRATE.DATA]: Generating data of type tags/block for entry zinc_mesh_fence [minecraft:block]
[30Aug2025 03:42:32.576] [Worker-Main-1/DEBUG] [com.tterrag.registrate.AbstractRegistrate/REGISTRATE.DATA]: Generating data of type tags/block for entry andesite_catwalk [minecraft:block]
[30Aug2025 03:42:32.576] [Worker-Main-1/DEBUG] [com.tterrag.registrate.AbstractRegistrate/REGISTRATE.DATA]: Generating data of type tags/block for entry andesite_catwalk_stairs [minecraft:block]
[30Aug2025 03:42:32.576] [Worker-Main-1/DEBUG] [com.tterrag.registrate.AbstractRegistrate/REGISTRATE.DATA]: Generating data of type tags/block for entry andesite_catwalk_railing [minecraft:block]
[30Aug2025 03:42:32.576] [Worker-Main-1/DEBUG] [com.tterrag.registrate.AbstractRegistrate/REGISTRATE.DATA]: Generating data of type tags/block for entry andesite_support_wedge [minecraft:block]
[30Aug2025 03:42:32.576] [Worker-Main-1/DEBUG] [com.tterrag.registrate.AbstractRegistrate/REGISTRATE.DATA]: Generating data of type tags/block for entry andesite_facade [minecraft:block]
[30Aug2025 03:42:32.576] [Worker-Main-1/DEBUG] [com.tterrag.registrate.AbstractRegistrate/REGISTRATE.DATA]: Generating data of type tags/block for entry brass_catwalk [minecraft:block]
[30Aug2025 03:42:32.576] [Worker-Main-1/DEBUG] [com.tterrag.registrate.AbstractRegistrate/REGISTRATE.DATA]: Generating data of type tags/block for entry brass_catwalk_stairs [minecraft:block]
[30Aug2025 03:42:32.576] [Worker-Main-1/DEBUG] [com.tterrag.registrate.AbstractRegistrate/REGISTRATE.DATA]: Generating data of type tags/block for entry brass_catwalk_railing [minecraft:block]
[30Aug2025 03:42:32.576] [Worker-Main-1/DEBUG] [com.tterrag.registrate.AbstractRegistrate/REGISTRATE.DATA]: Generating data of type tags/block for entry brass_support_wedge [minecraft:block]
[30Aug2025 03:42:32.576] [Worker-Main-1/DEBUG] [com.tterrag.registrate.AbstractRegistrate/REGISTRATE.DATA]: Generating data of type tags/block for entry brass_facade [minecraft:block]
[30Aug2025 03:42:32.576] [Worker-Main-1/DEBUG] [com.tterrag.registrate.AbstractRegistrate/REGISTRATE.DATA]: Generating data of type tags/block for entry iron_catwalk [minecraft:block]
[30Aug2025 03:42:32.576] [Worker-Main-1/DEBUG] [com.tterrag.registrate.AbstractRegistrate/REGISTRATE.DATA]: Generating data of type tags/block for entry iron_catwalk_stairs [minecraft:block]
[30Aug2025 03:42:32.576] [Worker-Main-1/DEBUG] [com.tterrag.registrate.AbstractRegistrate/REGISTRATE.DATA]: Generating data of type tags/block for entry iron_catwalk_railing [minecraft:block]
[30Aug2025 03:42:32.576] [Worker-Main-1/DEBUG] [com.tterrag.registrate.AbstractRegistrate/REGISTRATE.DATA]: Generating data of type tags/block for entry iron_support_wedge [minecraft:block]
[30Aug2025 03:42:32.577] [Worker-Main-1/DEBUG] [com.tterrag.registrate.AbstractRegistrate/REGISTRATE.DATA]: Generating data of type tags/block for entry iron_facade [minecraft:block]
[30Aug2025 03:42:32.577] [Worker-Main-1/DEBUG] [com.tterrag.registrate.AbstractRegistrate/REGISTRATE.DATA]: Generating data of type tags/block for entry copper_catwalk [minecraft:block]
[30Aug2025 03:42:32.577] [Worker-Main-1/DEBUG] [com.tterrag.registrate.AbstractRegistrate/REGISTRATE.DATA]: Generating data of type tags/block for entry copper_catwalk_stairs [minecraft:block]
[30Aug2025 03:42:32.577] [Worker-Main-1/DEBUG] [com.tterrag.registrate.AbstractRegistrate/REGISTRATE.DATA]: Generating data of type tags/block for entry copper_catwalk_railing [minecraft:block]
[30Aug2025 03:42:32.577] [Worker-Main-1/DEBUG] [com.tterrag.registrate.AbstractRegistrate/REGISTRATE.DATA]: Generating data of type tags/block for entry copper_support_wedge [minecraft:block]
[30Aug2025 03:42:32.577] [Worker-Main-1/DEBUG] [com.tterrag.registrate.AbstractRegistrate/REGISTRATE.DATA]: Generating data of type tags/block for entry copper_facade [minecraft:block]
[30Aug2025 03:42:32.577] [Worker-Main-1/DEBUG] [com.tterrag.registrate.AbstractRegistrate/REGISTRATE.DATA]: Generating data of type tags/block for entry industrial_iron_catwalk [minecraft:block]
[30Aug2025 03:42:32.577] [Worker-Main-1/DEBUG] [com.tterrag.registrate.AbstractRegistrate/REGISTRATE.DATA]: Generating data of type tags/block for entry industrial_iron_catwalk_stairs [minecraft:block]
[30Aug2025 03:42:32.577] [Worker-Main-1/DEBUG] [com.tterrag.registrate.AbstractRegistrate/REGISTRATE.DATA]: Generating data of type tags/block for entry industrial_iron_catwalk_railing [minecraft:block]
[30Aug2025 03:42:32.577] [Worker-Main-1/DEBUG] [com.tterrag.registrate.AbstractRegistrate/REGISTRATE.DATA]: Generating data of type tags/block for entry industrial_iron_support_wedge [minecraft:block]
[30Aug2025 03:42:32.577] [Worker-Main-1/DEBUG] [com.tterrag.registrate.AbstractRegistrate/REGISTRATE.DATA]: Generating data of type tags/block for entry industrial_iron_facade [minecraft:block]
[30Aug2025 03:42:32.577] [Worker-Main-1/DEBUG] [com.tterrag.registrate.AbstractRegistrate/REGISTRATE.DATA]: Generating data of type tags/block for entry zinc_catwalk [minecraft:block]
[30Aug2025 03:42:32.577] [Worker-Main-1/DEBUG] [com.tterrag.registrate.AbstractRegistrate/REGISTRATE.DATA]: Generating data of type tags/block for entry zinc_catwalk_stairs [minecraft:block]
[30Aug2025 03:42:32.577] [Worker-Main-1/DEBUG] [com.tterrag.registrate.AbstractRegistrate/REGISTRATE.DATA]: Generating data of type tags/block for entry zinc_catwalk_railing [minecraft:block]
[30Aug2025 03:42:32.577] [Worker-Main-1/DEBUG] [com.tterrag.registrate.AbstractRegistrate/REGISTRATE.DATA]: Generating data of type tags/block for entry zinc_support_wedge [minecraft:block]
[30Aug2025 03:42:32.577] [Worker-Main-1/DEBUG] [com.tterrag.registrate.AbstractRegistrate/REGISTRATE.DATA]: Generating data of type tags/block for entry zinc_facade [minecraft:block]
[30Aug2025 03:42:32.577] [Worker-Main-1/DEBUG] [com.tterrag.registrate.AbstractRegistrate/REGISTRATE.DATA]: Generating data of type tags/block for entry iron_ladder [minecraft:block]
[30Aug2025 03:42:32.577] [Worker-Main-1/DEBUG] [com.tterrag.registrate.AbstractRegistrate/REGISTRATE.DATA]: Generating data of type tags/block for entry industrial_iron_ladder [minecraft:block]
[30Aug2025 03:42:32.577] [Worker-Main-1/DEBUG] [com.tterrag.registrate.AbstractRegistrate/REGISTRATE.DATA]: Generating data of type tags/block for entry zinc_ladder [minecraft:block]
[30Aug2025 03:42:32.577] [Worker-Main-1/DEBUG] [com.tterrag.registrate.AbstractRegistrate/REGISTRATE.DATA]: Generating data of type tags/block for entry andesite_hull [minecraft:block]
[30Aug2025 03:42:32.577] [Worker-Main-1/DEBUG] [com.tterrag.registrate.AbstractRegistrate/REGISTRATE.DATA]: Generating data of type tags/block for entry brass_hull [minecraft:block]
[30Aug2025 03:42:32.577] [Worker-Main-1/DEBUG] [com.tterrag.registrate.AbstractRegistrate/REGISTRATE.DATA]: Generating data of type tags/block for entry iron_hull [minecraft:block]
[30Aug2025 03:42:32.577] [Worker-Main-1/DEBUG] [com.tterrag.registrate.AbstractRegistrate/REGISTRATE.DATA]: Generating data of type tags/block for entry copper_hull [minecraft:block]
[30Aug2025 03:42:32.577] [Worker-Main-1/DEBUG] [com.tterrag.registrate.AbstractRegistrate/REGISTRATE.DATA]: Generating data of type tags/block for entry industrial_iron_hull [minecraft:block]
[30Aug2025 03:42:32.577] [Worker-Main-1/DEBUG] [com.tterrag.registrate.AbstractRegistrate/REGISTRATE.DATA]: Generating data of type tags/block for entry zinc_hull [minecraft:block]
[30Aug2025 03:42:32.579] [Worker-Main-1/DEBUG] [com.tterrag.registrate.AbstractRegistrate/REGISTRATE.DATA]: Generating data of type tags/block for entry andesite_support [minecraft:block]
[30Aug2025 03:42:32.579] [Worker-Main-1/DEBUG] [com.tterrag.registrate.AbstractRegistrate/REGISTRATE.DATA]: Generating data of type tags/block for entry brass_support [minecraft:block]
[30Aug2025 03:42:32.579] [Worker-Main-1/DEBUG] [com.tterrag.registrate.AbstractRegistrate/REGISTRATE.DATA]: Generating data of type tags/block for entry iron_support [minecraft:block]
[30Aug2025 03:42:32.579] [Worker-Main-1/DEBUG] [com.tterrag.registrate.AbstractRegistrate/REGISTRATE.DATA]: Generating data of type tags/block for entry copper_support [minecraft:block]
[30Aug2025 03:42:32.579] [Worker-Main-1/DEBUG] [com.tterrag.registrate.AbstractRegistrate/REGISTRATE.DATA]: Generating data of type tags/block for entry industrial_iron_support [minecraft:block]
[30Aug2025 03:42:32.579] [Worker-Main-1/DEBUG] [com.tterrag.registrate.AbstractRegistrate/REGISTRATE.DATA]: Generating data of type tags/block for entry zinc_support [minecraft:block]
[30Aug2025 03:42:32.579] [Worker-Main-1/DEBUG] [com.tterrag.registrate.AbstractRegistrate/REGISTRATE.DATA]: Generating data of type tags/block for entry andesite_sheet_metal [minecraft:block]
[30Aug2025 03:42:32.579] [Worker-Main-1/DEBUG] [com.tterrag.registrate.AbstractRegistrate/REGISTRATE.DATA]: Generating data of type tags/block for entry brass_sheet_metal [minecraft:block]
[30Aug2025 03:42:32.579] [Worker-Main-1/DEBUG] [com.tterrag.registrate.AbstractRegistrate/REGISTRATE.DATA]: Generating data of type tags/block for entry iron_sheet_metal [minecraft:block]
[30Aug2025 03:42:32.579] [Worker-Main-1/DEBUG] [com.tterrag.registrate.AbstractRegistrate/REGISTRATE.DATA]: Generating data of type tags/block for entry copper_sheet_metal [minecraft:block]
[30Aug2025 03:42:32.579] [Worker-Main-1/DEBUG] [com.tterrag.registrate.AbstractRegistrate/REGISTRATE.DATA]: Generating data of type tags/block for entry industrial_iron_sheet_metal [minecraft:block]
[30Aug2025 03:42:32.579] [Worker-Main-1/DEBUG] [com.tterrag.registrate.AbstractRegistrate/REGISTRATE.DATA]: Generating data of type tags/block for entry zinc_sheet_metal [minecraft:block]
[30Aug2025 03:42:32.579] [Worker-Main-1/DEBUG] [com.tterrag.registrate.AbstractRegistrate/REGISTRATE.DATA]: Generating data of type tags/block for entry andesite_door [minecraft:block]
[30Aug2025 03:42:32.579] [Worker-Main-1/DEBUG] [com.tterrag.registrate.AbstractRegistrate/REGISTRATE.DATA]: Generating data of type tags/block for entry locked_andesite_door [minecraft:block]
[30Aug2025 03:42:32.579] [Worker-Main-1/DEBUG] [com.tterrag.registrate.AbstractRegistrate/REGISTRATE.DATA]: Generating data of type tags/block for entry andesite_trapdoor [minecraft:block]
[30Aug2025 03:42:32.579] [Worker-Main-1/DEBUG] [com.tterrag.registrate.AbstractRegistrate/REGISTRATE.DATA]: Generating data of type tags/block for entry brass_door [minecraft:block]
[30Aug2025 03:42:32.579] [Worker-Main-1/DEBUG] [com.tterrag.registrate.AbstractRegistrate/REGISTRATE.DATA]: Generating data of type tags/block for entry locked_brass_door [minecraft:block]
[30Aug2025 03:42:32.579] [Worker-Main-1/DEBUG] [com.tterrag.registrate.AbstractRegistrate/REGISTRATE.DATA]: Generating data of type tags/block for entry brass_trapdoor [minecraft:block]
[30Aug2025 03:42:32.579] [Worker-Main-1/DEBUG] [com.tterrag.registrate.AbstractRegistrate/REGISTRATE.DATA]: Generating data of type tags/block for entry copper_door [minecraft:block]
[30Aug2025 03:42:32.579] [Worker-Main-1/DEBUG] [com.tterrag.registrate.AbstractRegistrate/REGISTRATE.DATA]: Generating data of type tags/block for entry locked_copper_door [minecraft:block]
[30Aug2025 03:42:32.579] [Worker-Main-1/DEBUG] [com.tterrag.registrate.AbstractRegistrate/REGISTRATE.DATA]: Generating data of type tags/block for entry copper_trapdoor [minecraft:block]
[30Aug2025 03:42:32.579] [Worker-Main-1/DEBUG] [com.tterrag.registrate.AbstractRegistrate/REGISTRATE.DATA]: Generating data of type tags/block for entry industrial_iron_door [minecraft:block]
[30Aug2025 03:42:32.579] [Worker-Main-1/DEBUG] [com.tterrag.registrate.AbstractRegistrate/REGISTRATE.DATA]: Generating data of type tags/block for entry locked_industrial_iron_door [minecraft:block]
[30Aug2025 03:42:32.579] [Worker-Main-1/DEBUG] [com.tterrag.registrate.AbstractRegistrate/REGISTRATE.DATA]: Generating data of type tags/block for entry industrial_iron_trapdoor [minecraft:block]
[30Aug2025 03:42:32.579] [Worker-Main-1/DEBUG] [com.tterrag.registrate.AbstractRegistrate/REGISTRATE.DATA]: Generating data of type tags/block for entry zinc_door [minecraft:block]
[30Aug2025 03:42:32.579] [Worker-Main-1/DEBUG] [com.tterrag.registrate.AbstractRegistrate/REGISTRATE.DATA]: Generating data of type tags/block for entry locked_zinc_door [minecraft:block]
[30Aug2025 03:42:32.579] [Worker-Main-1/DEBUG] [com.tterrag.registrate.AbstractRegistrate/REGISTRATE.DATA]: Generating data of type tags/block for entry zinc_trapdoor [minecraft:block]
[30Aug2025 03:42:32.580] [Worker-Main-1/DEBUG] [com.tterrag.registrate.AbstractRegistrate/REGISTRATE.DATA]: Generating data of type tags/block for entry white_shipping_container [minecraft:block]
[30Aug2025 03:42:32.580] [Worker-Main-1/DEBUG] [com.tterrag.registrate.AbstractRegistrate/REGISTRATE.DATA]: Generating data of type tags/block for entry orange_shipping_container [minecraft:block]
[30Aug2025 03:42:32.580] [Worker-Main-1/DEBUG] [com.tterrag.registrate.AbstractRegistrate/REGISTRATE.DATA]: Generating data of type tags/block for entry magenta_shipping_container [minecraft:block]
[30Aug2025 03:42:32.580] [Worker-Main-1/DEBUG] [com.tterrag.registrate.AbstractRegistrate/REGISTRATE.DATA]: Generating data of type tags/block for entry light_blue_shipping_container [minecraft:block]
[30Aug2025 03:42:32.580] [Worker-Main-1/DEBUG] [com.tterrag.registrate.AbstractRegistrate/REGISTRATE.DATA]: Generating data of type tags/block for entry yellow_shipping_container [minecraft:block]
[30Aug2025 03:42:32.580] [Worker-Main-1/DEBUG] [com.tterrag.registrate.AbstractRegistrate/REGISTRATE.DATA]: Generating data of type tags/block for entry lime_shipping_container [minecraft:block]
[30Aug2025 03:42:32.580] [Worker-Main-1/DEBUG] [com.tterrag.registrate.AbstractRegistrate/REGISTRATE.DATA]: Generating data of type tags/block for entry pink_shipping_container [minecraft:block]
[30Aug2025 03:42:32.580] [Worker-Main-1/DEBUG] [com.tterrag.registrate.AbstractRegistrate/REGISTRATE.DATA]: Generating data of type tags/block for entry gray_shipping_container [minecraft:block]
[30Aug2025 03:42:32.580] [Worker-Main-1/DEBUG] [com.tterrag.registrate.AbstractRegistrate/REGISTRATE.DATA]: Generating data of type tags/block for entry light_gray_shipping_container [minecraft:block]
[30Aug2025 03:42:32.580] [Worker-Main-1/DEBUG] [com.tterrag.registrate.AbstractRegistrate/REGISTRATE.DATA]: Generating data of type tags/block for entry cyan_shipping_container [minecraft:block]
[30Aug2025 03:42:32.580] [Worker-Main-1/DEBUG] [com.tterrag.registrate.AbstractRegistrate/REGISTRATE.DATA]: Generating data of type tags/block for entry purple_shipping_container [minecraft:block]
[30Aug2025 03:42:32.580] [Worker-Main-1/DEBUG] [com.tterrag.registrate.AbstractRegistrate/REGISTRATE.DATA]: Generating data of type tags/block for entry blue_shipping_container [minecraft:block]
[30Aug2025 03:42:32.580] [Worker-Main-1/DEBUG] [com.tterrag.registrate.AbstractRegistrate/REGISTRATE.DATA]: Generating data of type tags/block for entry brown_shipping_container [minecraft:block]
[30Aug2025 03:42:32.580] [Worker-Main-1/DEBUG] [com.tterrag.registrate.AbstractRegistrate/REGISTRATE.DATA]: Generating data of type tags/block for entry green_shipping_container [minecraft:block]
[30Aug2025 03:42:32.580] [Worker-Main-1/DEBUG] [com.tterrag.registrate.AbstractRegistrate/REGISTRATE.DATA]: Generating data of type tags/block for entry red_shipping_container [minecraft:block]
[30Aug2025 03:42:32.580] [Worker-Main-1/DEBUG] [com.tterrag.registrate.AbstractRegistrate/REGISTRATE.DATA]: Generating data of type tags/block for entry black_shipping_container [minecraft:block]
[30Aug2025 03:42:32.580] [Worker-Main-1/DEBUG] [com.tterrag.registrate.AbstractRegistrate/REGISTRATE.DATA]: Generating data of type tags/block for entry orange_placard [minecraft:block]
[30Aug2025 03:42:32.580] [Worker-Main-1/DEBUG] [com.tterrag.registrate.AbstractRegistrate/REGISTRATE.DATA]: Generating data of type tags/block for entry magenta_placard [minecraft:block]
[30Aug2025 03:42:32.580] [Worker-Main-1/DEBUG] [com.tterrag.registrate.AbstractRegistrate/REGISTRATE.DATA]: Generating data of type tags/block for entry light_blue_placard [minecraft:block]
[30Aug2025 03:42:32.580] [Worker-Main-1/DEBUG] [com.tterrag.registrate.AbstractRegistrate/REGISTRATE.DATA]: Generating data of type tags/block for entry yellow_placard [minecraft:block]
[30Aug2025 03:42:32.580] [Worker-Main-1/DEBUG] [com.tterrag.registrate.AbstractRegistrate/REGISTRATE.DATA]: Generating data of type tags/block for entry lime_placard [minecraft:block]
[30Aug2025 03:42:32.580] [Worker-Main-1/DEBUG] [com.tterrag.registrate.AbstractRegistrate/REGISTRATE.DATA]: Generating data of type tags/block for entry pink_placard [minecraft:block]
[30Aug2025 03:42:32.580] [Worker-Main-1/DEBUG] [com.tterrag.registrate.AbstractRegistrate/REGISTRATE.DATA]: Generating data of type tags/block for entry gray_placard [minecraft:block]
[30Aug2025 03:42:32.580] [Worker-Main-1/DEBUG] [com.tterrag.registrate.AbstractRegistrate/REGISTRATE.DATA]: Generating data of type tags/block for entry light_gray_placard [minecraft:block]
[30Aug2025 03:42:32.580] [Worker-Main-1/DEBUG] [com.tterrag.registrate.AbstractRegistrate/REGISTRATE.DATA]: Generating data of type tags/block for entry cyan_placard [minecraft:block]
[30Aug2025 03:42:32.580] [Worker-Main-1/DEBUG] [com.tterrag.registrate.AbstractRegistrate/REGISTRATE.DATA]: Generating data of type tags/block for entry purple_placard [minecraft:block]
[30Aug2025 03:42:32.580] [Worker-Main-1/DEBUG] [com.tterrag.registrate.AbstractRegistrate/REGISTRATE.DATA]: Generating data of type tags/block for entry blue_placard [minecraft:block]
[30Aug2025 03:42:32.580] [Worker-Main-1/DEBUG] [com.tterrag.registrate.AbstractRegistrate/REGISTRATE.DATA]: Generating data of type tags/block for entry brown_placard [minecraft:block]
[30Aug2025 03:42:32.580] [Worker-Main-1/DEBUG] [com.tterrag.registrate.AbstractRegistrate/REGISTRATE.DATA]: Generating data of type tags/block for entry green_placard [minecraft:block]
[30Aug2025 03:42:32.580] [Worker-Main-1/DEBUG] [com.tterrag.registrate.AbstractRegistrate/REGISTRATE.DATA]: Generating data of type tags/block for entry red_placard [minecraft:block]
[30Aug2025 03:42:32.582] [Worker-Main-1/DEBUG] [com.tterrag.registrate.AbstractRegistrate/REGISTRATE.DATA]: Generating data of type tags/block for entry black_placard [minecraft:block]
[30Aug2025 03:42:32.582] [Worker-Main-1/DEBUG] [com.tterrag.registrate.AbstractRegistrate/REGISTRATE.DATA]: Generating data of type tags/block for entry short_red_bricks [minecraft:block]
[30Aug2025 03:42:32.582] [Worker-Main-1/DEBUG] [com.tterrag.registrate.AbstractRegistrate/REGISTRATE.DATA]: Generating data of type tags/block for entry tiled_red_bricks [minecraft:block]
[30Aug2025 03:42:32.582] [Worker-Main-1/DEBUG] [com.tterrag.registrate.AbstractRegistrate/REGISTRATE.DATA]: Generating data of type tags/block for entry long_red_bricks [minecraft:block]
[30Aug2025 03:42:32.582] [Worker-Main-1/DEBUG] [com.tterrag.registrate.AbstractRegistrate/REGISTRATE.DATA]: Generating data of type tags/block for entry corner_red_bricks [minecraft:block]
[30Aug2025 03:42:32.582] [Worker-Main-1/DEBUG] [com.tterrag.registrate.AbstractRegistrate/REGISTRATE.DATA]: Generating data of type tags/block for entry cracked_red_bricks [minecraft:block]
[30Aug2025 03:42:32.582] [Worker-Main-1/DEBUG] [com.tterrag.registrate.AbstractRegistrate/REGISTRATE.DATA]: Generating data of type tags/block for entry mossy_red_bricks [minecraft:block]
[30Aug2025 03:42:32.582] [Worker-Main-1/DEBUG] [com.tterrag.registrate.AbstractRegistrate/REGISTRATE.DATA]: Generating data of type tags/block for entry short_red_brick_stairs [minecraft:block]
[30Aug2025 03:42:32.582] [Worker-Main-1/DEBUG] [com.tterrag.registrate.AbstractRegistrate/REGISTRATE.DATA]: Generating data of type tags/block for entry tiled_red_brick_stairs [minecraft:block]
[30Aug2025 03:42:32.582] [Worker-Main-1/DEBUG] [com.tterrag.registrate.AbstractRegistrate/REGISTRATE.DATA]: Generating data of type tags/block for entry long_red_brick_stairs [minecraft:block]
[30Aug2025 03:42:32.582] [Worker-Main-1/DEBUG] [com.tterrag.registrate.AbstractRegistrate/REGISTRATE.DATA]: Generating data of type tags/block for entry corner_red_brick_stairs [minecraft:block]
[30Aug2025 03:42:32.582] [Worker-Main-1/DEBUG] [com.tterrag.registrate.AbstractRegistrate/REGISTRATE.DATA]: Generating data of type tags/block for entry cracked_red_brick_stairs [minecraft:block]
[30Aug2025 03:42:32.582] [Worker-Main-1/DEBUG] [com.tterrag.registrate.AbstractRegistrate/REGISTRATE.DATA]: Generating data of type tags/block for entry mossy_red_brick_stairs [minecraft:block]
[30Aug2025 03:42:32.582] [Worker-Main-1/DEBUG] [com.tterrag.registrate.AbstractRegistrate/REGISTRATE.DATA]: Generating data of type tags/block for entry short_red_brick_slab [minecraft:block]
[30Aug2025 03:42:32.582] [Worker-Main-1/DEBUG] [com.tterrag.registrate.AbstractRegistrate/REGISTRATE.DATA]: Generating data of type tags/block for entry tiled_red_brick_slab [minecraft:block]
[30Aug2025 03:42:32.582] [Worker-Main-1/DEBUG] [com.tterrag.registrate.AbstractRegistrate/REGISTRATE.DATA]: Generating data of type tags/block for entry long_red_brick_slab [minecraft:block]
[30Aug2025 03:42:32.582] [Worker-Main-1/DEBUG] [com.tterrag.registrate.AbstractRegistrate/REGISTRATE.DATA]: Generating data of type tags/block for entry corner_red_brick_slab [minecraft:block]
[30Aug2025 03:42:32.582] [Worker-Main-1/DEBUG] [com.tterrag.registrate.AbstractRegistrate/REGISTRATE.DATA]: Generating data of type tags/block for entry cracked_red_brick_slab [minecraft:block]
[30Aug2025 03:42:32.582] [Worker-Main-1/DEBUG] [com.tterrag.registrate.AbstractRegistrate/REGISTRATE.DATA]: Generating data of type tags/block for entry mossy_red_brick_slab [minecraft:block]
[30Aug2025 03:42:32.582] [Worker-Main-1/DEBUG] [com.tterrag.registrate.AbstractRegistrate/REGISTRATE.DATA]: Generating data of type tags/block for entry short_red_brick_wall [minecraft:block]
[30Aug2025 03:42:32.582] [Worker-Main-1/DEBUG] [com.tterrag.registrate.AbstractRegistrate/REGISTRATE.DATA]: Generating data of type tags/block for entry tiled_red_brick_wall [minecraft:block]
[30Aug2025 03:42:32.583] [Worker-Main-1/DEBUG] [com.tterrag.registrate.AbstractRegistrate/REGISTRATE.DATA]: Generating data of type tags/block for entry long_red_brick_wall [minecraft:block]
[30Aug2025 03:42:32.583] [Worker-Main-1/DEBUG] [com.tterrag.registrate.AbstractRegistrate/REGISTRATE.DATA]: Generating data of type tags/block for entry corner_red_brick_wall [minecraft:block]
[30Aug2025 03:42:32.583] [Worker-Main-1/DEBUG] [com.tterrag.registrate.AbstractRegistrate/REGISTRATE.DATA]: Generating data of type tags/block for entry cracked_red_brick_wall [minecraft:block]
[30Aug2025 03:42:32.583] [Worker-Main-1/DEBUG] [com.tterrag.registrate.AbstractRegistrate/REGISTRATE.DATA]: Generating data of type tags/block for entry mossy_red_brick_wall [minecraft:block]
[30Aug2025 03:42:32.583] [Worker-Main-1/DEBUG] [com.tterrag.registrate.AbstractRegistrate/REGISTRATE.DATA]: Generating data of type tags/block for entry blue_bricks [minecraft:block]
[30Aug2025 03:42:32.583] [Worker-Main-1/DEBUG] [com.tterrag.registrate.AbstractRegistrate/REGISTRATE.DATA]: Generating data of type tags/block for entry short_blue_bricks [minecraft:block]
[30Aug2025 03:42:32.583] [Worker-Main-1/DEBUG] [com.tterrag.registrate.AbstractRegistrate/REGISTRATE.DATA]: Generating data of type tags/block for entry tiled_blue_bricks [minecraft:block]
[30Aug2025 03:42:32.583] [Worker-Main-1/DEBUG] [com.tterrag.registrate.AbstractRegistrate/REGISTRATE.DATA]: Generating data of type tags/block for entry long_blue_bricks [minecraft:block]
[30Aug2025 03:42:32.583] [Worker-Main-1/DEBUG] [com.tterrag.registrate.AbstractRegistrate/REGISTRATE.DATA]: Generating data of type tags/block for entry corner_blue_bricks [minecraft:block]
[30Aug2025 03:42:32.583] [Worker-Main-1/DEBUG] [com.tterrag.registrate.AbstractRegistrate/REGISTRATE.DATA]: Generating data of type tags/block for entry cracked_blue_bricks [minecraft:block]
[30Aug2025 03:42:32.583] [Worker-Main-1/DEBUG] [com.tterrag.registrate.AbstractRegistrate/REGISTRATE.DATA]: Generating data of type tags/block for entry mossy_blue_bricks [minecraft:block]
[30Aug2025 03:42:32.583] [Worker-Main-1/DEBUG] [com.tterrag.registrate.AbstractRegistrate/REGISTRATE.DATA]: Generating data of type tags/block for entry blue_brick_stairs [minecraft:block]
[30Aug2025 03:42:32.583] [Worker-Main-1/DEBUG] [com.tterrag.registrate.AbstractRegistrate/REGISTRATE.DATA]: Generating data of type tags/block for entry short_blue_brick_stairs [minecraft:block]
[30Aug2025 03:42:32.583] [Worker-Main-1/DEBUG] [com.tterrag.registrate.AbstractRegistrate/REGISTRATE.DATA]: Generating data of type tags/block for entry tiled_blue_brick_stairs [minecraft:block]
[30Aug2025 03:42:32.583] [Worker-Main-1/DEBUG] [com.tterrag.registrate.AbstractRegistrate/REGISTRATE.DATA]: Generating data of type tags/block for entry long_blue_brick_stairs [minecraft:block]
[30Aug2025 03:42:32.583] [Worker-Main-1/DEBUG] [com.tterrag.registrate.AbstractRegistrate/REGISTRATE.DATA]: Generating data of type tags/block for entry corner_blue_brick_stairs [minecraft:block]
[30Aug2025 03:42:32.583] [Worker-Main-1/DEBUG] [com.tterrag.registrate.AbstractRegistrate/REGISTRATE.DATA]: Generating data of type tags/block for entry cracked_blue_brick_stairs [minecraft:block]
[30Aug2025 03:42:32.583] [Worker-Main-1/DEBUG] [com.tterrag.registrate.AbstractRegistrate/REGISTRATE.DATA]: Generating data of type tags/block for entry mossy_blue_brick_stairs [minecraft:block]
[30Aug2025 03:42:32.583] [Worker-Main-1/DEBUG] [com.tterrag.registrate.AbstractRegistrate/REGISTRATE.DATA]: Generating data of type tags/block for entry blue_brick_slab [minecraft:block]
[30Aug2025 03:42:32.583] [Worker-Main-1/DEBUG] [com.tterrag.registrate.AbstractRegistrate/REGISTRATE.DATA]: Generating data of type tags/block for entry short_blue_brick_slab [minecraft:block]
[30Aug2025 03:42:32.583] [Worker-Main-1/DEBUG] [com.tterrag.registrate.AbstractRegistrate/REGISTRATE.DATA]: Generating data of type tags/block for entry tiled_blue_brick_slab [minecraft:block]
[30Aug2025 03:42:32.583] [Worker-Main-1/DEBUG] [com.tterrag.registrate.AbstractRegistrate/REGISTRATE.DATA]: Generating data of type tags/block for entry long_blue_brick_slab [minecraft:block]
[30Aug2025 03:42:32.583] [Worker-Main-1/DEBUG] [com.tterrag.registrate.AbstractRegistrate/REGISTRATE.DATA]: Generating data of type tags/block for entry corner_blue_brick_slab [minecraft:block]
[30Aug2025 03:42:32.583] [Worker-Main-1/DEBUG] [com.tterrag.registrate.AbstractRegistrate/REGISTRATE.DATA]: Generating data of type tags/block for entry cracked_blue_brick_slab [minecraft:block]
[30Aug2025 03:42:32.583] [Worker-Main-1/DEBUG] [com.tterrag.registrate.AbstractRegistrate/REGISTRATE.DATA]: Generating data of type tags/block for entry mossy_blue_brick_slab [minecraft:block]
[30Aug2025 03:42:32.583] [Worker-Main-1/DEBUG] [com.tterrag.registrate.AbstractRegistrate/REGISTRATE.DATA]: Generating data of type tags/block for entry blue_brick_wall [minecraft:block]
[30Aug2025 03:42:32.583] [Worker-Main-1/DEBUG] [com.tterrag.registrate.AbstractRegistrate/REGISTRATE.DATA]: Generating data of type tags/block for entry short_blue_brick_wall [minecraft:block]
[30Aug2025 03:42:32.583] [Worker-Main-1/DEBUG] [com.tterrag.registrate.AbstractRegistrate/REGISTRATE.DATA]: Generating data of type tags/block for entry tiled_blue_brick_wall [minecraft:block]
[30Aug2025 03:42:32.585] [Worker-Main-1/DEBUG] [com.tterrag.registrate.AbstractRegistrate/REGISTRATE.DATA]: Generating data of type tags/block for entry long_blue_brick_wall [minecraft:block]
[30Aug2025 03:42:32.585] [Worker-Main-1/DEBUG] [com.tterrag.registrate.AbstractRegistrate/REGISTRATE.DATA]: Generating data of type tags/block for entry corner_blue_brick_wall [minecraft:block]
[30Aug2025 03:42:32.585] [Worker-Main-1/DEBUG] [com.tterrag.registrate.AbstractRegistrate/REGISTRATE.DATA]: Generating data of type tags/block for entry cracked_blue_brick_wall [minecraft:block]
[30Aug2025 03:42:32.585] [Worker-Main-1/DEBUG] [com.tterrag.registrate.AbstractRegistrate/REGISTRATE.DATA]: Generating data of type tags/block for entry mossy_blue_brick_wall [minecraft:block]
[30Aug2025 03:42:32.585] [Worker-Main-1/DEBUG] [com.tterrag.registrate.AbstractRegistrate/REGISTRATE.DATA]: Generating data of type tags/block for entry dusk_bricks [minecraft:block]
[30Aug2025 03:42:32.585] [Worker-Main-1/DEBUG] [com.tterrag.registrate.AbstractRegistrate/REGISTRATE.DATA]: Generating data of type tags/block for entry short_dusk_bricks [minecraft:block]
[30Aug2025 03:42:32.585] [Worker-Main-1/DEBUG] [com.tterrag.registrate.AbstractRegistrate/REGISTRATE.DATA]: Generating data of type tags/block for entry tiled_dusk_bricks [minecraft:block]
[30Aug2025 03:42:32.585] [Worker-Main-1/DEBUG] [com.tterrag.registrate.AbstractRegistrate/REGISTRATE.DATA]: Generating data of type tags/block for entry long_dusk_bricks [minecraft:block]
[30Aug2025 03:42:32.585] [Worker-Main-1/DEBUG] [com.tterrag.registrate.AbstractRegistrate/REGISTRATE.DATA]: Generating data of type tags/block for entry corner_dusk_bricks [minecraft:block]
[30Aug2025 03:42:32.585] [Worker-Main-1/DEBUG] [com.tterrag.registrate.AbstractRegistrate/REGISTRATE.DATA]: Generating data of type tags/block for entry cracked_dusk_bricks [minecraft:block]
[30Aug2025 03:42:32.585] [Worker-Main-1/DEBUG] [com.tterrag.registrate.AbstractRegistrate/REGISTRATE.DATA]: Generating data of type tags/block for entry mossy_dusk_bricks [minecraft:block]
[30Aug2025 03:42:32.585] [Worker-Main-1/DEBUG] [com.tterrag.registrate.AbstractRegistrate/REGISTRATE.DATA]: Generating data of type tags/block for entry dusk_brick_stairs [minecraft:block]
[30Aug2025 03:42:32.585] [Worker-Main-1/DEBUG] [com.tterrag.registrate.AbstractRegistrate/REGISTRATE.DATA]: Generating data of type tags/block for entry short_dusk_brick_stairs [minecraft:block]
[30Aug2025 03:42:32.585] [Worker-Main-1/DEBUG] [com.tterrag.registrate.AbstractRegistrate/REGISTRATE.DATA]: Generating data of type tags/block for entry tiled_dusk_brick_stairs [minecraft:block]
[30Aug2025 03:42:32.585] [Worker-Main-1/DEBUG] [com.tterrag.registrate.AbstractRegistrate/REGISTRATE.DATA]: Generating data of type tags/block for entry long_dusk_brick_stairs [minecraft:block]
[30Aug2025 03:42:32.585] [Worker-Main-1/DEBUG] [com.tterrag.registrate.AbstractRegistrate/REGISTRATE.DATA]: Generating data of type tags/block for entry corner_dusk_brick_stairs [minecraft:block]
[30Aug2025 03:42:32.585] [Worker-Main-1/DEBUG] [com.tterrag.registrate.AbstractRegistrate/REGISTRATE.DATA]: Generating data of type tags/block for entry cracked_dusk_brick_stairs [minecraft:block]
[30Aug2025 03:42:32.585] [Worker-Main-1/DEBUG] [com.tterrag.registrate.AbstractRegistrate/REGISTRATE.DATA]: Generating data of type tags/block for entry mossy_dusk_brick_stairs [minecraft:block]
[30Aug2025 03:42:32.585] [Worker-Main-1/DEBUG] [com.tterrag.registrate.AbstractRegistrate/REGISTRATE.DATA]: Generating data of type tags/block for entry dusk_brick_slab [minecraft:block]
[30Aug2025 03:42:32.585] [Worker-Main-1/DEBUG] [com.tterrag.registrate.AbstractRegistrate/REGISTRATE.DATA]: Generating data of type tags/block for entry short_dusk_brick_slab [minecraft:block]
[30Aug2025 03:42:32.585] [Worker-Main-1/DEBUG] [com.tterrag.registrate.AbstractRegistrate/REGISTRATE.DATA]: Generating data of type tags/block for entry tiled_dusk_brick_slab [minecraft:block]
[30Aug2025 03:42:32.585] [Worker-Main-1/DEBUG] [com.tterrag.registrate.AbstractRegistrate/REGISTRATE.DATA]: Generating data of type tags/block for entry long_dusk_brick_slab [minecraft:block]
[30Aug2025 03:42:32.585] [Worker-Main-1/DEBUG] [com.tterrag.registrate.AbstractRegistrate/REGISTRATE.DATA]: Generating data of type tags/block for entry corner_dusk_brick_slab [minecraft:block]
[30Aug2025 03:42:32.585] [Worker-Main-1/DEBUG] [com.tterrag.registrate.AbstractRegistrate/REGISTRATE.DATA]: Generating data of type tags/block for entry cracked_dusk_brick_slab [minecraft:block]
[30Aug2025 03:42:32.587] [Worker-Main-1/DEBUG] [com.tterrag.registrate.AbstractRegistrate/REGISTRATE.DATA]: Generating data of type tags/block for entry mossy_dusk_brick_slab [minecraft:block]
[30Aug2025 03:42:32.587] [Worker-Main-1/DEBUG] [com.tterrag.registrate.AbstractRegistrate/REGISTRATE.DATA]: Generating data of type tags/block for entry dusk_brick_wall [minecraft:block]
[30Aug2025 03:42:32.587] [Worker-Main-1/DEBUG] [com.tterrag.registrate.AbstractRegistrate/REGISTRATE.DATA]: Generating data of type tags/block for entry short_dusk_brick_wall [minecraft:block]
[30Aug2025 03:42:32.587] [Worker-Main-1/DEBUG] [com.tterrag.registrate.AbstractRegistrate/REGISTRATE.DATA]: Generating data of type tags/block for entry tiled_dusk_brick_wall [minecraft:block]
[30Aug2025 03:42:32.587] [Worker-Main-1/DEBUG] [com.tterrag.registrate.AbstractRegistrate/REGISTRATE.DATA]: Generating data of type tags/block for entry long_dusk_brick_wall [minecraft:block]
[30Aug2025 03:42:32.587] [Worker-Main-1/DEBUG] [com.tterrag.registrate.AbstractRegistrate/REGISTRATE.DATA]: Generating data of type tags/block for entry corner_dusk_brick_wall [minecraft:block]
[30Aug2025 03:42:32.587] [Worker-Main-1/DEBUG] [com.tterrag.registrate.AbstractRegistrate/REGISTRATE.DATA]: Generating data of type tags/block for entry cracked_dusk_brick_wall [minecraft:block]
[30Aug2025 03:42:32.587] [Worker-Main-1/DEBUG] [com.tterrag.registrate.AbstractRegistrate/REGISTRATE.DATA]: Generating data of type tags/block for entry mossy_dusk_brick_wall [minecraft:block]
[30Aug2025 03:42:32.587] [Worker-Main-1/DEBUG] [com.tterrag.registrate.AbstractRegistrate/REGISTRATE.DATA]: Generating data of type tags/block for entry verdant_bricks [minecraft:block]
[30Aug2025 03:42:32.587] [Worker-Main-1/DEBUG] [com.tterrag.registrate.AbstractRegistrate/REGISTRATE.DATA]: Generating data of type tags/block for entry short_verdant_bricks [minecraft:block]
[30Aug2025 03:42:32.587] [Worker-Main-1/DEBUG] [com.tterrag.registrate.AbstractRegistrate/REGISTRATE.DATA]: Generating data of type tags/block for entry tiled_verdant_bricks [minecraft:block]
[30Aug2025 03:42:32.587] [Worker-Main-1/DEBUG] [com.tterrag.registrate.AbstractRegistrate/REGISTRATE.DATA]: Generating data of type tags/block for entry long_verdant_bricks [minecraft:block]
[30Aug2025 03:42:32.587] [Worker-Main-1/DEBUG] [com.tterrag.registrate.AbstractRegistrate/REGISTRATE.DATA]: Generating data of type tags/block for entry corner_verdant_bricks [minecraft:block]
[30Aug2025 03:42:32.587] [Worker-Main-1/DEBUG] [com.tterrag.registrate.AbstractRegistrate/REGISTRATE.DATA]: Generating data of type tags/block for entry cracked_verdant_bricks [minecraft:block]
[30Aug2025 03:42:32.587] [Worker-Main-1/DEBUG] [com.tterrag.registrate.AbstractRegistrate/REGISTRATE.DATA]: Generating data of type tags/block for entry mossy_verdant_bricks [minecraft:block]
[30Aug2025 03:42:32.587] [Worker-Main-1/DEBUG] [com.tterrag.registrate.AbstractRegistrate/REGISTRATE.DATA]: Generating data of type tags/block for entry verdant_brick_stairs [minecraft:block]
[30Aug2025 03:42:32.587] [Worker-Main-1/DEBUG] [com.tterrag.registrate.AbstractRegistrate/REGISTRATE.DATA]: Generating data of type tags/block for entry short_verdant_brick_stairs [minecraft:block]
[30Aug2025 03:42:32.587] [Worker-Main-1/DEBUG] [com.tterrag.registrate.AbstractRegistrate/REGISTRATE.DATA]: Generating data of type tags/block for entry tiled_verdant_brick_stairs [minecraft:block]
[30Aug2025 03:42:32.587] [Worker-Main-1/DEBUG] [com.tterrag.registrate.AbstractRegistrate/REGISTRATE.DATA]: Generating data of type tags/block for entry long_verdant_brick_stairs [minecraft:block]
[30Aug2025 03:42:32.587] [Worker-Main-1/DEBUG] [com.tterrag.registrate.AbstractRegistrate/REGISTRATE.DATA]: Generating data of type tags/block for entry corner_verdant_brick_stairs [minecraft:block]
[30Aug2025 03:42:32.587] [Worker-Main-1/DEBUG] [com.tterrag.registrate.AbstractRegistrate/REGISTRATE.DATA]: Generating data of type tags/block for entry cracked_verdant_brick_stairs [minecraft:block]
[30Aug2025 03:42:32.587] [Worker-Main-1/DEBUG] [com.tterrag.registrate.AbstractRegistrate/REGISTRATE.DATA]: Generating data of type tags/block for entry mossy_verdant_brick_stairs [minecraft:block]
[30Aug2025 03:42:32.587] [Worker-Main-1/DEBUG] [com.tterrag.registrate.AbstractRegistrate/REGISTRATE.DATA]: Generating data of type tags/block for entry verdant_brick_slab [minecraft:block]
[30Aug2025 03:42:32.588] [Worker-Main-1/DEBUG] [com.tterrag.registrate.AbstractRegistrate/REGISTRATE.DATA]: Generating data of type tags/block for entry short_verdant_brick_slab [minecraft:block]
[30Aug2025 03:42:32.588] [Worker-Main-1/DEBUG] [com.tterrag.registrate.AbstractRegistrate/REGISTRATE.DATA]: Generating data of type tags/block for entry tiled_verdant_brick_slab [minecraft:block]
[30Aug2025 03:42:32.588] [Worker-Main-1/DEBUG] [com.tterrag.registrate.AbstractRegistrate/REGISTRATE.DATA]: Generating data of type tags/block for entry long_verdant_brick_slab [minecraft:block]
[30Aug2025 03:42:32.588] [Worker-Main-1/DEBUG] [com.tterrag.registrate.AbstractRegistrate/REGISTRATE.DATA]: Generating data of type tags/block for entry corner_verdant_brick_slab [minecraft:block]
[30Aug2025 03:42:32.588] [Worker-Main-1/DEBUG] [com.tterrag.registrate.AbstractRegistrate/REGISTRATE.DATA]: Generating data of type tags/block for entry cracked_verdant_brick_slab [minecraft:block]
[30Aug2025 03:42:32.588] [Worker-Main-1/DEBUG] [com.tterrag.registrate.AbstractRegistrate/REGISTRATE.DATA]: Generating data of type tags/block for entry mossy_verdant_brick_slab [minecraft:block]
[30Aug2025 03:42:32.589] [Worker-Main-1/DEBUG] [com.tterrag.registrate.AbstractRegistrate/REGISTRATE.DATA]: Generating data of type tags/block for entry verdant_brick_wall [minecraft:block]
[30Aug2025 03:42:32.589] [Worker-Main-1/DEBUG] [com.tterrag.registrate.AbstractRegistrate/REGISTRATE.DATA]: Generating data of type tags/block for entry short_verdant_brick_wall [minecraft:block]
[30Aug2025 03:42:32.589] [Worker-Main-1/DEBUG] [com.tterrag.registrate.AbstractRegistrate/REGISTRATE.DATA]: Generating data of type tags/block for entry tiled_verdant_brick_wall [minecraft:block]
[30Aug2025 03:42:32.589] [Worker-Main-1/DEBUG] [com.tterrag.registrate.AbstractRegistrate/REGISTRATE.DATA]: Generating data of type tags/block for entry long_verdant_brick_wall [minecraft:block]
[30Aug2025 03:42:32.589] [Worker-Main-1/DEBUG] [com.tterrag.registrate.AbstractRegistrate/REGISTRATE.DATA]: Generating data of type tags/block for entry corner_verdant_brick_wall [minecraft:block]
[30Aug2025 03:42:32.589] [Worker-Main-1/DEBUG] [com.tterrag.registrate.AbstractRegistrate/REGISTRATE.DATA]: Generating data of type tags/block for entry cracked_verdant_brick_wall [minecraft:block]
[30Aug2025 03:42:32.589] [Worker-Main-1/DEBUG] [com.tterrag.registrate.AbstractRegistrate/REGISTRATE.DATA]: Generating data of type tags/block for entry mossy_verdant_brick_wall [minecraft:block]
[30Aug2025 03:42:32.589] [Worker-Main-1/DEBUG] [com.tterrag.registrate.AbstractRegistrate/REGISTRATE.DATA]: Generating data of type tags/block for entry scarlet_bricks [minecraft:block]
[30Aug2025 03:42:32.589] [Worker-Main-1/DEBUG] [com.tterrag.registrate.AbstractRegistrate/REGISTRATE.DATA]: Generating data of type tags/block for entry short_scarlet_bricks [minecraft:block]
[30Aug2025 03:42:32.589] [Worker-Main-1/DEBUG] [com.tterrag.registrate.AbstractRegistrate/REGISTRATE.DATA]: Generating data of type tags/block for entry tiled_scarlet_bricks [minecraft:block]
[30Aug2025 03:42:32.589] [Worker-Main-1/DEBUG] [com.tterrag.registrate.AbstractRegistrate/REGISTRATE.DATA]: Generating data of type tags/block for entry long_scarlet_bricks [minecraft:block]
[30Aug2025 03:42:32.589] [Worker-Main-1/DEBUG] [com.tterrag.registrate.AbstractRegistrate/REGISTRATE.DATA]: Generating data of type tags/block for entry corner_scarlet_bricks [minecraft:block]
[30Aug2025 03:42:32.589] [Worker-Main-1/DEBUG] [com.tterrag.registrate.AbstractRegistrate/REGISTRATE.DATA]: Generating data of type tags/block for entry cracked_scarlet_bricks [minecraft:block]
[30Aug2025 03:42:32.589] [Worker-Main-1/DEBUG] [com.tterrag.registrate.AbstractRegistrate/REGISTRATE.DATA]: Generating data of type tags/block for entry mossy_scarlet_bricks [minecraft:block]
[30Aug2025 03:42:32.589] [Worker-Main-1/DEBUG] [com.tterrag.registrate.AbstractRegistrate/REGISTRATE.DATA]: Generating data of type tags/block for entry scarlet_brick_stairs [minecraft:block]
[30Aug2025 03:42:32.589] [Worker-Main-1/DEBUG] [com.tterrag.registrate.AbstractRegistrate/REGISTRATE.DATA]: Generating data of type tags/block for entry short_scarlet_brick_stairs [minecraft:block]
[30Aug2025 03:42:32.591] [Worker-Main-1/DEBUG] [com.tterrag.registrate.AbstractRegistrate/REGISTRATE.DATA]: Generating data of type tags/block for entry tiled_scarlet_brick_stairs [minecraft:block]
[30Aug2025 03:42:32.591] [Worker-Main-1/DEBUG] [com.tterrag.registrate.AbstractRegistrate/REGISTRATE.DATA]: Generating data of type tags/block for entry long_scarlet_brick_stairs [minecraft:block]
[30Aug2025 03:42:32.591] [Worker-Main-1/DEBUG] [com.tterrag.registrate.AbstractRegistrate/REGISTRATE.DATA]: Generating data of type tags/block for entry corner_scarlet_brick_stairs [minecraft:block]
[30Aug2025 03:42:32.591] [Worker-Main-1/DEBUG] [com.tterrag.registrate.AbstractRegistrate/REGISTRATE.DATA]: Generating data of type tags/block for entry cracked_scarlet_brick_stairs [minecraft:block]
[30Aug2025 03:42:32.591] [Worker-Main-1/DEBUG] [com.tterrag.registrate.AbstractRegistrate/REGISTRATE.DATA]: Generating data of type tags/block for entry mossy_scarlet_brick_stairs [minecraft:block]
[30Aug2025 03:42:32.591] [Worker-Main-1/DEBUG] [com.tterrag.registrate.AbstractRegistrate/REGISTRATE.DATA]: Generating data of type tags/block for entry scarlet_brick_slab [minecraft:block]
[30Aug2025 03:42:32.591] [Worker-Main-1/DEBUG] [com.tterrag.registrate.AbstractRegistrate/REGISTRATE.DATA]: Generating data of type tags/block for entry short_scarlet_brick_slab [minecraft:block]
[30Aug2025 03:42:32.591] [Worker-Main-1/DEBUG] [com.tterrag.registrate.AbstractRegistrate/REGISTRATE.DATA]: Generating data of type tags/block for entry tiled_scarlet_brick_slab [minecraft:block]
[30Aug2025 03:42:32.591] [Worker-Main-1/DEBUG] [com.tterrag.registrate.AbstractRegistrate/REGISTRATE.DATA]: Generating data of type tags/block for entry long_scarlet_brick_slab [minecraft:block]
[30Aug2025 03:42:32.591] [Worker-Main-1/DEBUG] [com.tterrag.registrate.AbstractRegistrate/REGISTRATE.DATA]: Generating data of type tags/block for entry corner_scarlet_brick_slab [minecraft:block]
[30Aug2025 03:42:32.591] [Worker-Main-1/DEBUG] [com.tterrag.registrate.AbstractRegistrate/REGISTRATE.DATA]: Generating data of type tags/block for entry cracked_scarlet_brick_slab [minecraft:block]
[30Aug2025 03:42:32.591] [Worker-Main-1/DEBUG] [com.tterrag.registrate.AbstractRegistrate/REGISTRATE.DATA]: Generating data of type tags/block for entry mossy_scarlet_brick_slab [minecraft:block]
[30Aug2025 03:42:32.591] [Worker-Main-1/DEBUG] [com.tterrag.registrate.AbstractRegistrate/REGISTRATE.DATA]: Generating data of type tags/block for entry scarlet_brick_wall [minecraft:block]
[30Aug2025 03:42:32.591] [Worker-Main-1/DEBUG] [com.tterrag.registrate.AbstractRegistrate/REGISTRATE.DATA]: Generating data of type tags/block for entry short_scarlet_brick_wall [minecraft:block]
[30Aug2025 03:42:32.591] [Worker-Main-1/DEBUG] [com.tterrag.registrate.AbstractRegistrate/REGISTRATE.DATA]: Generating data of type tags/block for entry tiled_scarlet_brick_wall [minecraft:block]
[30Aug2025 03:42:32.591] [Worker-Main-1/DEBUG] [com.tterrag.registrate.AbstractRegistrate/REGISTRATE.DATA]: Generating data of type tags/block for entry long_scarlet_brick_wall [minecraft:block]
[30Aug2025 03:42:32.591] [Worker-Main-1/DEBUG] [com.tterrag.registrate.AbstractRegistrate/REGISTRATE.DATA]: Generating data of type tags/block for entry corner_scarlet_brick_wall [minecraft:block]
[30Aug2025 03:42:32.591] [Worker-Main-1/DEBUG] [com.tterrag.registrate.AbstractRegistrate/REGISTRATE.DATA]: Generating data of type tags/block for entry cracked_scarlet_brick_wall [minecraft:block]
[30Aug2025 03:42:32.592] [Worker-Main-1/DEBUG] [com.tterrag.registrate.AbstractRegistrate/REGISTRATE.DATA]: Generating data of type tags/block for entry mossy_scarlet_brick_wall [minecraft:block]
[30Aug2025 03:42:32.592] [Worker-Main-1/DEBUG] [com.tterrag.registrate.AbstractRegistrate/REGISTRATE.DATA]: Generating data of type tags/block for entry dean_bricks [minecraft:block]
[30Aug2025 03:42:32.592] [Worker-Main-1/DEBUG] [com.tterrag.registrate.AbstractRegistrate/REGISTRATE.DATA]: Generating data of type tags/block for entry short_dean_bricks [minecraft:block]
[30Aug2025 03:42:32.592] [Worker-Main-1/DEBUG] [com.tterrag.registrate.AbstractRegistrate/REGISTRATE.DATA]: Generating data of type tags/block for entry tiled_dean_bricks [minecraft:block]
[30Aug2025 03:42:32.592] [Worker-Main-1/DEBUG] [com.tterrag.registrate.AbstractRegistrate/REGISTRATE.DATA]: Generating data of type tags/block for entry long_dean_bricks [minecraft:block]
[30Aug2025 03:42:32.592] [Worker-Main-1/DEBUG] [com.tterrag.registrate.AbstractRegistrate/REGISTRATE.DATA]: Generating data of type tags/block for entry corner_dean_bricks [minecraft:block]
[30Aug2025 03:42:32.592] [Worker-Main-1/DEBUG] [com.tterrag.registrate.AbstractRegistrate/REGISTRATE.DATA]: Generating data of type tags/block for entry cracked_dean_bricks [minecraft:block]
[30Aug2025 03:42:32.592] [Worker-Main-1/DEBUG] [com.tterrag.registrate.AbstractRegistrate/REGISTRATE.DATA]: Generating data of type tags/block for entry mossy_dean_bricks [minecraft:block]
[30Aug2025 03:42:32.592] [Worker-Main-1/DEBUG] [com.tterrag.registrate.AbstractRegistrate/REGISTRATE.DATA]: Generating data of type tags/block for entry dean_brick_stairs [minecraft:block]
[30Aug2025 03:42:32.592] [Worker-Main-1/DEBUG] [com.tterrag.registrate.AbstractRegistrate/REGISTRATE.DATA]: Generating data of type tags/block for entry short_dean_brick_stairs [minecraft:block]
[30Aug2025 03:42:32.592] [Worker-Main-1/DEBUG] [com.tterrag.registrate.AbstractRegistrate/REGISTRATE.DATA]: Generating data of type tags/block for entry tiled_dean_brick_stairs [minecraft:block]
[30Aug2025 03:42:32.592] [Worker-Main-1/DEBUG] [com.tterrag.registrate.AbstractRegistrate/REGISTRATE.DATA]: Generating data of type tags/block for entry long_dean_brick_stairs [minecraft:block]
[30Aug2025 03:42:32.592] [Worker-Main-1/DEBUG] [com.tterrag.registrate.AbstractRegistrate/REGISTRATE.DATA]: Generating data of type tags/block for entry corner_dean_brick_stairs [minecraft:block]
[30Aug2025 03:42:32.594] [Worker-Main-1/DEBUG] [com.tterrag.registrate.AbstractRegistrate/REGISTRATE.DATA]: Generating data of type tags/block for entry cracked_dean_brick_stairs [minecraft:block]
[30Aug2025 03:42:32.594] [Worker-Main-1/DEBUG] [com.tterrag.registrate.AbstractRegistrate/REGISTRATE.DATA]: Generating data of type tags/block for entry mossy_dean_brick_stairs [minecraft:block]
[30Aug2025 03:42:32.594] [Worker-Main-1/DEBUG] [com.tterrag.registrate.AbstractRegistrate/REGISTRATE.DATA]: Generating data of type tags/block for entry dean_brick_slab [minecraft:block]
[30Aug2025 03:42:32.594] [Worker-Main-1/DEBUG] [com.tterrag.registrate.AbstractRegistrate/REGISTRATE.DATA]: Generating data of type tags/block for entry short_dean_brick_slab [minecraft:block]
[30Aug2025 03:42:32.594] [Worker-Main-1/DEBUG] [com.tterrag.registrate.AbstractRegistrate/REGISTRATE.DATA]: Generating data of type tags/block for entry tiled_dean_brick_slab [minecraft:block]
[30Aug2025 03:42:32.594] [Worker-Main-1/DEBUG] [com.tterrag.registrate.AbstractRegistrate/REGISTRATE.DATA]: Generating data of type tags/block for entry long_dean_brick_slab [minecraft:block]
[30Aug2025 03:42:32.594] [Worker-Main-1/DEBUG] [com.tterrag.registrate.AbstractRegistrate/REGISTRATE.DATA]: Generating data of type tags/block for entry corner_dean_brick_slab [minecraft:block]
[30Aug2025 03:42:32.594] [Worker-Main-1/DEBUG] [com.tterrag.registrate.AbstractRegistrate/REGISTRATE.DATA]: Generating data of type tags/block for entry cracked_dean_brick_slab [minecraft:block]
[30Aug2025 03:42:32.594] [Worker-Main-1/DEBUG] [com.tterrag.registrate.AbstractRegistrate/REGISTRATE.DATA]: Generating data of type tags/block for entry mossy_dean_brick_slab [minecraft:block]
[30Aug2025 03:42:32.594] [Worker-Main-1/DEBUG] [com.tterrag.registrate.AbstractRegistrate/REGISTRATE.DATA]: Generating data of type tags/block for entry dean_brick_wall [minecraft:block]
[30Aug2025 03:42:32.594] [Worker-Main-1/DEBUG] [com.tterrag.registrate.AbstractRegistrate/REGISTRATE.DATA]: Generating data of type tags/block for entry short_dean_brick_wall [minecraft:block]
[30Aug2025 03:42:32.594] [Worker-Main-1/DEBUG] [com.tterrag.registrate.AbstractRegistrate/REGISTRATE.DATA]: Generating data of type tags/block for entry tiled_dean_brick_wall [minecraft:block]
[30Aug2025 03:42:32.594] [Worker-Main-1/DEBUG] [com.tterrag.registrate.AbstractRegistrate/REGISTRATE.DATA]: Generating data of type tags/block for entry long_dean_brick_wall [minecraft:block]
[30Aug2025 03:42:32.594] [Worker-Main-1/DEBUG] [com.tterrag.registrate.AbstractRegistrate/REGISTRATE.DATA]: Generating data of type tags/block for entry corner_dean_brick_wall [minecraft:block]
[30Aug2025 03:42:32.594] [Worker-Main-1/DEBUG] [com.tterrag.registrate.AbstractRegistrate/REGISTRATE.DATA]: Generating data of type tags/block for entry cracked_dean_brick_wall [minecraft:block]
[30Aug2025 03:42:32.595] [Worker-Main-1/DEBUG] [com.tterrag.registrate.AbstractRegistrate/REGISTRATE.DATA]: Generating data of type tags/block for entry mossy_dean_brick_wall [minecraft:block]
[30Aug2025 03:42:32.595] [Worker-Main-1/DEBUG] [com.tterrag.registrate.AbstractRegistrate/REGISTRATE.DATA]: Generating data of type tags/block for entry umber_bricks [minecraft:block]
[30Aug2025 03:42:32.595] [Worker-Main-1/DEBUG] [com.tterrag.registrate.AbstractRegistrate/REGISTRATE.DATA]: Generating data of type tags/block for entry short_umber_bricks [minecraft:block]
[30Aug2025 03:42:32.595] [Worker-Main-1/DEBUG] [com.tterrag.registrate.AbstractRegistrate/REGISTRATE.DATA]: Generating data of type tags/block for entry tiled_umber_bricks [minecraft:block]
[30Aug2025 03:42:32.595] [Worker-Main-1/DEBUG] [com.tterrag.registrate.AbstractRegistrate/REGISTRATE.DATA]: Generating data of type tags/block for entry long_umber_bricks [minecraft:block]
[30Aug2025 03:42:32.595] [Worker-Main-1/DEBUG] [com.tterrag.registrate.AbstractRegistrate/REGISTRATE.DATA]: Generating data of type tags/block for entry corner_umber_bricks [minecraft:block]
[30Aug2025 03:42:32.595] [Worker-Main-1/DEBUG] [com.tterrag.registrate.AbstractRegistrate/REGISTRATE.DATA]: Generating data of type tags/block for entry cracked_umber_bricks [minecraft:block]
[30Aug2025 03:42:32.595] [Worker-Main-1/DEBUG] [com.tterrag.registrate.AbstractRegistrate/REGISTRATE.DATA]: Generating data of type tags/block for entry mossy_umber_bricks [minecraft:block]
[30Aug2025 03:42:32.595] [Worker-Main-1/DEBUG] [com.tterrag.registrate.AbstractRegistrate/REGISTRATE.DATA]: Generating data of type tags/block for entry umber_brick_stairs [minecraft:block]
[30Aug2025 03:42:32.595] [Worker-Main-1/DEBUG] [com.tterrag.registrate.AbstractRegistrate/REGISTRATE.DATA]: Generating data of type tags/block for entry short_umber_brick_stairs [minecraft:block]
[30Aug2025 03:42:32.595] [Worker-Main-1/DEBUG] [com.tterrag.registrate.AbstractRegistrate/REGISTRATE.DATA]: Generating data of type tags/block for entry tiled_umber_brick_stairs [minecraft:block]
[30Aug2025 03:42:32.595] [Worker-Main-1/DEBUG] [com.tterrag.registrate.AbstractRegistrate/REGISTRATE.DATA]: Generating data of type tags/block for entry long_umber_brick_stairs [minecraft:block]
[30Aug2025 03:42:32.595] [Worker-Main-1/DEBUG] [com.tterrag.registrate.AbstractRegistrate/REGISTRATE.DATA]: Generating data of type tags/block for entry corner_umber_brick_stairs [minecraft:block]
[30Aug2025 03:42:32.595] [Worker-Main-1/DEBUG] [com.tterrag.registrate.AbstractRegistrate/REGISTRATE.DATA]: Generating data of type tags/block for entry cracked_umber_brick_stairs [minecraft:block]
[30Aug2025 03:42:32.595] [Worker-Main-1/DEBUG] [com.tterrag.registrate.AbstractRegistrate/REGISTRATE.DATA]: Generating data of type tags/block for entry mossy_umber_brick_stairs [minecraft:block]
[30Aug2025 03:42:32.595] [Worker-Main-1/DEBUG] [com.tterrag.registrate.AbstractRegistrate/REGISTRATE.DATA]: Generating data of type tags/block for entry umber_brick_slab [minecraft:block]
[30Aug2025 03:42:32.595] [Worker-Main-1/DEBUG] [com.tterrag.registrate.AbstractRegistrate/REGISTRATE.DATA]: Generating data of type tags/block for entry short_umber_brick_slab [minecraft:block]
[30Aug2025 03:42:32.595] [Worker-Main-1/DEBUG] [com.tterrag.registrate.AbstractRegistrate/REGISTRATE.DATA]: Generating data of type tags/block for entry tiled_umber_brick_slab [minecraft:block]
[30Aug2025 03:42:32.595] [Worker-Main-1/DEBUG] [com.tterrag.registrate.AbstractRegistrate/REGISTRATE.DATA]: Generating data of type tags/block for entry long_umber_brick_slab [minecraft:block]
[30Aug2025 03:42:32.595] [Worker-Main-1/DEBUG] [com.tterrag.registrate.AbstractRegistrate/REGISTRATE.DATA]: Generating data of type tags/block for entry corner_umber_brick_slab [minecraft:block]
[30Aug2025 03:42:32.597] [Worker-Main-1/DEBUG] [com.tterrag.registrate.AbstractRegistrate/REGISTRATE.DATA]: Generating data of type tags/block for entry cracked_umber_brick_slab [minecraft:block]
[30Aug2025 03:42:32.597] [Worker-Main-1/DEBUG] [com.tterrag.registrate.AbstractRegistrate/REGISTRATE.DATA]: Generating data of type tags/block for entry mossy_umber_brick_slab [minecraft:block]
[30Aug2025 03:42:32.597] [Worker-Main-1/DEBUG] [com.tterrag.registrate.AbstractRegistrate/REGISTRATE.DATA]: Generating data of type tags/block for entry umber_brick_wall [minecraft:block]
[30Aug2025 03:42:32.597] [Worker-Main-1/DEBUG] [com.tterrag.registrate.AbstractRegistrate/REGISTRATE.DATA]: Generating data of type tags/block for entry short_umber_brick_wall [minecraft:block]
[30Aug2025 03:42:32.597] [Worker-Main-1/DEBUG] [com.tterrag.registrate.AbstractRegistrate/REGISTRATE.DATA]: Generating data of type tags/block for entry tiled_umber_brick_wall [minecraft:block]
[30Aug2025 03:42:32.597] [Worker-Main-1/DEBUG] [com.tterrag.registrate.AbstractRegistrate/REGISTRATE.DATA]: Generating data of type tags/block for entry long_umber_brick_wall [minecraft:block]
[30Aug2025 03:42:32.597] [Worker-Main-1/DEBUG] [com.tterrag.registrate.AbstractRegistrate/REGISTRATE.DATA]: Generating data of type tags/block for entry corner_umber_brick_wall [minecraft:block]
[30Aug2025 03:42:32.597] [Worker-Main-1/DEBUG] [com.tterrag.registrate.AbstractRegistrate/REGISTRATE.DATA]: Generating data of type tags/block for entry cracked_umber_brick_wall [minecraft:block]
[30Aug2025 03:42:32.597] [Worker-Main-1/DEBUG] [com.tterrag.registrate.AbstractRegistrate/REGISTRATE.DATA]: Generating data of type tags/block for entry mossy_umber_brick_wall [minecraft:block]
[30Aug2025 03:42:32.597] [Worker-Main-1/DEBUG] [com.tterrag.registrate.AbstractRegistrate/REGISTRATE.DATA]: Generating data of type tags/block for entry pearl_bricks [minecraft:block]
[30Aug2025 03:42:32.597] [Worker-Main-1/DEBUG] [com.tterrag.registrate.AbstractRegistrate/REGISTRATE.DATA]: Generating data of type tags/block for entry short_pearl_bricks [minecraft:block]
[30Aug2025 03:42:32.597] [Worker-Main-1/DEBUG] [com.tterrag.registrate.AbstractRegistrate/REGISTRATE.DATA]: Generating data of type tags/block for entry tiled_pearl_bricks [minecraft:block]
[30Aug2025 03:42:32.597] [Worker-Main-1/DEBUG] [com.tterrag.registrate.AbstractRegistrate/REGISTRATE.DATA]: Generating data of type tags/block for entry long_pearl_bricks [minecraft:block]
[30Aug2025 03:42:32.597] [Worker-Main-1/DEBUG] [com.tterrag.registrate.AbstractRegistrate/REGISTRATE.DATA]: Generating data of type tags/block for entry corner_pearl_bricks [minecraft:block]
[30Aug2025 03:42:32.597] [Worker-Main-1/DEBUG] [com.tterrag.registrate.AbstractRegistrate/REGISTRATE.DATA]: Generating data of type tags/block for entry cracked_pearl_bricks [minecraft:block]
[30Aug2025 03:42:32.597] [Worker-Main-1/DEBUG] [com.tterrag.registrate.AbstractRegistrate/REGISTRATE.DATA]: Generating data of type tags/block for entry mossy_pearl_bricks [minecraft:block]
[30Aug2025 03:42:32.597] [Worker-Main-1/DEBUG] [com.tterrag.registrate.AbstractRegistrate/REGISTRATE.DATA]: Generating data of type tags/block for entry pearl_brick_stairs [minecraft:block]
[30Aug2025 03:42:32.597] [Worker-Main-1/DEBUG] [com.tterrag.registrate.AbstractRegistrate/REGISTRATE.DATA]: Generating data of type tags/block for entry short_pearl_brick_stairs [minecraft:block]
[30Aug2025 03:42:32.597] [Worker-Main-1/DEBUG] [com.tterrag.registrate.AbstractRegistrate/REGISTRATE.DATA]: Generating data of type tags/block for entry tiled_pearl_brick_stairs [minecraft:block]
[30Aug2025 03:42:32.599] [Worker-Main-1/DEBUG] [com.tterrag.registrate.AbstractRegistrate/REGISTRATE.DATA]: Generating data of type tags/block for entry long_pearl_brick_stairs [minecraft:block]
[30Aug2025 03:42:32.599] [Worker-Main-1/DEBUG] [com.tterrag.registrate.AbstractRegistrate/REGISTRATE.DATA]: Generating data of type tags/block for entry corner_pearl_brick_stairs [minecraft:block]
[30Aug2025 03:42:32.599] [Worker-Main-1/DEBUG] [com.tterrag.registrate.AbstractRegistrate/REGISTRATE.DATA]: Generating data of type tags/block for entry cracked_pearl_brick_stairs [minecraft:block]
[30Aug2025 03:42:32.599] [Worker-Main-1/DEBUG] [com.tterrag.registrate.AbstractRegistrate/REGISTRATE.DATA]: Generating data of type tags/block for entry mossy_pearl_brick_stairs [minecraft:block]
[30Aug2025 03:42:32.599] [Worker-Main-1/DEBUG] [com.tterrag.registrate.AbstractRegistrate/REGISTRATE.DATA]: Generating data of type tags/block for entry pearl_brick_slab [minecraft:block]
[30Aug2025 03:42:32.599] [Worker-Main-1/DEBUG] [com.tterrag.registrate.AbstractRegistrate/REGISTRATE.DATA]: Generating data of type tags/block for entry short_pearl_brick_slab [minecraft:block]
[30Aug2025 03:42:32.599] [Worker-Main-1/DEBUG] [com.tterrag.registrate.AbstractRegistrate/REGISTRATE.DATA]: Generating data of type tags/block for entry tiled_pearl_brick_slab [minecraft:block]
[30Aug2025 03:42:32.599] [Worker-Main-1/DEBUG] [com.tterrag.registrate.AbstractRegistrate/REGISTRATE.DATA]: Generating data of type tags/block for entry long_pearl_brick_slab [minecraft:block]
[30Aug2025 03:42:32.599] [Worker-Main-1/DEBUG] [com.tterrag.registrate.AbstractRegistrate/REGISTRATE.DATA]: Generating data of type tags/block for entry corner_pearl_brick_slab [minecraft:block]
[30Aug2025 03:42:32.599] [Worker-Main-1/DEBUG] [com.tterrag.registrate.AbstractRegistrate/REGISTRATE.DATA]: Generating data of type tags/block for entry cracked_pearl_brick_slab [minecraft:block]
[30Aug2025 03:42:32.599] [Worker-Main-1/DEBUG] [com.tterrag.registrate.AbstractRegistrate/REGISTRATE.DATA]: Generating data of type tags/block for entry mossy_pearl_brick_slab [minecraft:block]
[30Aug2025 03:42:32.599] [Worker-Main-1/DEBUG] [com.tterrag.registrate.AbstractRegistrate/REGISTRATE.DATA]: Generating data of type tags/block for entry pearl_brick_wall [minecraft:block]
[30Aug2025 03:42:32.599] [Worker-Main-1/DEBUG] [com.tterrag.registrate.AbstractRegistrate/REGISTRATE.DATA]: Generating data of type tags/block for entry short_pearl_brick_wall [minecraft:block]
[30Aug2025 03:42:32.599] [Worker-Main-1/DEBUG] [com.tterrag.registrate.AbstractRegistrate/REGISTRATE.DATA]: Generating data of type tags/block for entry tiled_pearl_brick_wall [minecraft:block]
[30Aug2025 03:42:32.599] [Worker-Main-1/DEBUG] [com.tterrag.registrate.AbstractRegistrate/REGISTRATE.DATA]: Generating data of type tags/block for entry long_pearl_brick_wall [minecraft:block]
[30Aug2025 03:42:32.599] [Worker-Main-1/DEBUG] [com.tterrag.registrate.AbstractRegistrate/REGISTRATE.DATA]: Generating data of type tags/block for entry corner_pearl_brick_wall [minecraft:block]
[30Aug2025 03:42:32.599] [Worker-Main-1/DEBUG] [com.tterrag.registrate.AbstractRegistrate/REGISTRATE.DATA]: Generating data of type tags/block for entry cracked_pearl_brick_wall [minecraft:block]
[30Aug2025 03:42:32.599] [Worker-Main-1/DEBUG] [com.tterrag.registrate.AbstractRegistrate/REGISTRATE.DATA]: Generating data of type tags/block for entry mossy_pearl_brick_wall [minecraft:block]
[30Aug2025 03:42:32.600] [Worker-Main-1/DEBUG] [com.tterrag.registrate.providers.RegistrateDataProvider/REGISTRATE.DATA]: Generating data for type: tags/item
[30Aug2025 03:42:32.600] [Worker-Main-1/DEBUG] [com.tterrag.registrate.providers.RegistrateDataProvider/REGISTRATE.DATA]: Generating data for type: tags/fluid
[30Aug2025 03:42:32.600] [Worker-Main-1/DEBUG] [com.tterrag.registrate.providers.RegistrateDataProvider/REGISTRATE.DATA]: Generating data for type: tags/entity
[30Aug2025 03:42:32.600] [Worker-Main-1/DEBUG] [com.tterrag.registrate.providers.RegistrateDataProvider/REGISTRATE.DATA]: Generating data for type: registrate_generic_server_provider
[30Aug2025 03:42:32.603] [Worker-Main-1/DEBUG] [com.tterrag.registrate.providers.RegistrateDataProvider/REGISTRATE.DATA]: Generating data for type: blockstate
[30Aug2025 03:42:32.603] [Worker-Main-1/DEBUG] [com.tterrag.registrate.AbstractRegistrate/REGISTRATE.DATA]: Generating data of type blockstate for entry andesite_window [minecraft:block]
[30Aug2025 03:42:32.606] [Worker-Main-1/DEBUG] [com.tterrag.registrate.AbstractRegistrate/REGISTRATE.DATA]: Generating data of type blockstate for entry copper_window [minecraft:block]
[30Aug2025 03:42:32.606] [Worker-Main-1/DEBUG] [com.tterrag.registrate.AbstractRegistrate/REGISTRATE.DATA]: Generating data of type blockstate for entry iron_window [minecraft:block]
[30Aug2025 03:42:32.606] [Worker-Main-1/DEBUG] [com.tterrag.registrate.AbstractRegistrate/REGISTRATE.DATA]: Generating data of type blockstate for entry industrial_iron_window [minecraft:block]
[30Aug2025 03:42:32.608] [Worker-Main-1/DEBUG] [com.tterrag.registrate.AbstractRegistrate/REGISTRATE.DATA]: Generating data of type blockstate for entry brass_window [minecraft:block]
[30Aug2025 03:42:32.608] [Worker-Main-1/DEBUG] [com.tterrag.registrate.AbstractRegistrate/REGISTRATE.DATA]: Generating data of type blockstate for entry zinc_window [minecraft:block]
[30Aug2025 03:42:32.608] [Worker-Main-1/DEBUG] [com.tterrag.registrate.AbstractRegistrate/REGISTRATE.DATA]: Generating data of type blockstate for entry andesite_window_pane [minecraft:block]
[30Aug2025 03:42:32.609] [Worker-Main-1/DEBUG] [com.tterrag.registrate.AbstractRegistrate/REGISTRATE.DATA]: Generating data of type tags/block for entry andesite_window [minecraft:block]
[30Aug2025 03:42:32.609] [Worker-Main-1/DEBUG] [com.tterrag.registrate.AbstractRegistrate/REGISTRATE.DATA]: Generating data of type tags/block for entry copper_window [minecraft:block]
[30Aug2025 03:42:32.609] [Worker-Main-1/DEBUG] [com.tterrag.registrate.AbstractRegistrate/REGISTRATE.DATA]: Generating data of type tags/block for entry iron_window [minecraft:block]
[30Aug2025 03:42:32.609] [Worker-Main-1/DEBUG] [com.tterrag.registrate.AbstractRegistrate/REGISTRATE.DATA]: Generating data of type tags/block for entry industrial_iron_window [minecraft:block]
[30Aug2025 03:42:32.609] [Worker-Main-1/DEBUG] [com.tterrag.registrate.AbstractRegistrate/REGISTRATE.DATA]: Generating data of type tags/block for entry brass_window [minecraft:block]
[30Aug2025 03:42:32.609] [Worker-Main-1/DEBUG] [com.tterrag.registrate.AbstractRegistrate/REGISTRATE.DATA]: Generating data of type tags/block for entry zinc_window [minecraft:block]
[30Aug2025 03:42:32.609] [Worker-Main-1/DEBUG] [com.tterrag.registrate.AbstractRegistrate/REGISTRATE.DATA]: Generating data of type tags/block for entry andesite_bars_overlay [minecraft:block]
[30Aug2025 03:42:32.609] [Worker-Main-1/DEBUG] [com.tterrag.registrate.AbstractRegistrate/REGISTRATE.DATA]: Generating data of type tags/block for entry andesite_bars [minecraft:block]
[30Aug2025 03:42:32.609] [Worker-Main-1/DEBUG] [com.tterrag.registrate.AbstractRegistrate/REGISTRATE.DATA]: Generating data of type tags/block for entry brass_bars_overlay [minecraft:block]
[30Aug2025 03:42:32.611] [Worker-Main-1/DEBUG] [com.tterrag.registrate.AbstractRegistrate/REGISTRATE.DATA]: Generating data of type tags/block for entry brass_bars [minecraft:block]
[30Aug2025 03:42:32.611] [Worker-Main-1/DEBUG] [com.tterrag.registrate.AbstractRegistrate/REGISTRATE.DATA]: Generating data of type tags/block for entry iron_bars_overlay [minecraft:block]
[30Aug2025 03:42:32.611] [Worker-Main-1/DEBUG] [com.tterrag.registrate.AbstractRegistrate/REGISTRATE.DATA]: Generating data of type tags/block for entry copper_bars_overlay [minecraft:block]
[30Aug2025 03:42:32.611] [Worker-Main-1/DEBUG] [com.tterrag.registrate.AbstractRegistrate/REGISTRATE.DATA]: Generating data of type tags/block for entry copper_bars [minecraft:block]
[30Aug2025 03:42:32.611] [Worker-Main-1/DEBUG] [com.tterrag.registrate.AbstractRegistrate/REGISTRATE.DATA]: Generating data of type tags/block for entry industrial_iron_bars_overlay [minecraft:block]
[30Aug2025 03:42:32.611] [Worker-Main-1/DEBUG] [com.tterrag.registrate.AbstractRegistrate/REGISTRATE.DATA]: Generating data of type tags/block for entry industrial_iron_bars [minecraft:block]
[30Aug2025 03:42:32.611] [Worker-Main-1/DEBUG] [com.tterrag.registrate.AbstractRegistrate/REGISTRATE.DATA]: Generating data of type tags/block for entry zinc_bars_overlay [minecraft:block]
[30Aug2025 03:42:32.611] [Worker-Main-1/DEBUG] [com.tterrag.registrate.AbstractRegistrate/REGISTRATE.DATA]: Generating data of type tags/block for entry zinc_bars [minecraft:block]
[30Aug2025 03:42:32.611] [Worker-Main-1/DEBUG] [com.tterrag.registrate.AbstractRegistrate/REGISTRATE.DATA]: Generating data of type tags/block for entry andesite_mesh_fence [minecraft:block]
[30Aug2025 03:42:32.611] [Worker-Main-1/DEBUG] [com.tterrag.registrate.AbstractRegistrate/REGISTRATE.DATA]: Generating data of type tags/block for entry brass_mesh_fence [minecraft:block]
[30Aug2025 03:42:32.611] [Worker-Main-1/DEBUG] [com.tterrag.registrate.AbstractRegistrate/REGISTRATE.DATA]: Generating data of type tags/block for entry iron_mesh_fence [minecraft:block]
[30Aug2025 03:42:32.611] [Worker-Main-1/DEBUG] [com.tterrag.registrate.AbstractRegistrate/REGISTRATE.DATA]: Generating data of type tags/block for entry copper_mesh_fence [minecraft:block]
[30Aug2025 03:42:32.611] [Worker-Main-1/DEBUG] [com.tterrag.registrate.AbstractRegistrate/REGISTRATE.DATA]: Generating data of type tags/block for entry industrial_iron_mesh_fence [minecraft:block]
[30Aug2025 03:42:32.611] [Worker-Main-1/DEBUG] [com.tterrag.registrate.AbstractRegistrate/REGISTRATE.DATA]: Generating data of type tags/block for entry zinc_mesh_fence [minecraft:block]
[30Aug2025 03:42:32.611] [Worker-Main-1/DEBUG] [com.tterrag.registrate.AbstractRegistrate/REGISTRATE.DATA]: Generating data of type tags/block for entry andesite_catwalk [minecraft:block]
[30Aug2025 03:42:32.611] [Worker-Main-1/DEBUG] [com.tterrag.registrate.AbstractRegistrate/REGISTRATE.DATA]: Generating data of type tags/block for entry andesite_catwalk_stairs [minecraft:block]
[30Aug2025 03:42:32.611] [Worker-Main-1/DEBUG] [com.tterrag.registrate.AbstractRegistrate/REGISTRATE.DATA]: Generating data of type tags/block for entry andesite_catwalk_railing [minecraft:block]
[30Aug2025 03:42:32.611] [Worker-Main-1/DEBUG] [com.tterrag.registrate.AbstractRegistrate/REGISTRATE.DATA]: Generating data of type tags/block for entry andesite_support_wedge [minecraft:block]
[30Aug2025 03:42:32.611] [Worker-Main-1/DEBUG] [com.tterrag.registrate.AbstractRegistrate/REGISTRATE.DATA]: Generating data of type tags/block for entry andesite_facade [minecraft:block]
[30Aug2025 03:42:32.611] [Worker-Main-1/DEBUG] [com.tterrag.registrate.AbstractRegistrate/REGISTRATE.DATA]: Generating data of type tags/block for entry brass_catwalk [minecraft:block]
[30Aug2025 03:42:32.611] [Worker-Main-1/DEBUG] [com.tterrag.registrate.AbstractRegistrate/REGISTRATE.DATA]: Generating data of type tags/block for entry brass_catwalk_stairs [minecraft:block]
[30Aug2025 03:42:32.611] [Worker-Main-1/DEBUG] [com.tterrag.registrate.AbstractRegistrate/REGISTRATE.DATA]: Generating data of type tags/block for entry brass_catwalk_railing [minecraft:block]
[30Aug2025 03:42:32.611] [Worker-Main-1/DEBUG] [com.tterrag.registrate.AbstractRegistrate/REGISTRATE.DATA]: Generating data of type tags/block for entry brass_support_wedge [minecraft:block]
[30Aug2025 03:42:32.611] [Worker-Main-1/DEBUG] [com.tterrag.registrate.AbstractRegistrate/REGISTRATE.DATA]: Generating data of type tags/block for entry brass_facade [minecraft:block]
[30Aug2025 03:42:32.611] [Worker-Main-1/DEBUG] [com.tterrag.registrate.AbstractRegistrate/REGISTRATE.DATA]: Generating data of type tags/block for entry iron_catwalk [minecraft:block]
[30Aug2025 03:42:32.611] [Worker-Main-1/DEBUG] [com.tterrag.registrate.AbstractRegistrate/REGISTRATE.DATA]: Generating data of type tags/block for entry iron_catwalk_stairs [minecraft:block]
[30Aug2025 03:42:32.611] [Worker-Main-1/DEBUG] [com.tterrag.registrate.AbstractRegistrate/REGISTRATE.DATA]: Generating data of type tags/block for entry iron_catwalk_railing [minecraft:block]
[30Aug2025 03:42:32.611] [Worker-Main-1/DEBUG] [com.tterrag.registrate.AbstractRegistrate/REGISTRATE.DATA]: Generating data of type tags/block for entry iron_support_wedge [minecraft:block]
[30Aug2025 03:42:32.612] [Worker-Main-1/DEBUG] [com.tterrag.registrate.AbstractRegistrate/REGISTRATE.DATA]: Generating data of type tags/block for entry iron_facade [minecraft:block]
[30Aug2025 03:42:32.612] [Worker-Main-1/DEBUG] [com.tterrag.registrate.AbstractRegistrate/REGISTRATE.DATA]: Generating data of type tags/block for entry copper_catwalk [minecraft:block]
[30Aug2025 03:42:32.612] [Worker-Main-1/DEBUG] [com.tterrag.registrate.AbstractRegistrate/REGISTRATE.DATA]: Generating data of type tags/block for entry copper_catwalk_stairs [minecraft:block]
[30Aug2025 03:42:32.612] [Worker-Main-1/DEBUG] [com.tterrag.registrate.AbstractRegistrate/REGISTRATE.DATA]: Generating data of type tags/block for entry copper_catwalk_railing [minecraft:block]
[30Aug2025 03:42:32.612] [Worker-Main-1/DEBUG] [com.tterrag.registrate.AbstractRegistrate/REGISTRATE.DATA]: Generating data of type tags/block for entry copper_support_wedge [minecraft:block]
[30Aug2025 03:42:32.612] [Worker-Main-1/DEBUG] [com.tterrag.registrate.AbstractRegistrate/REGISTRATE.DATA]: Generating data of type tags/block for entry copper_facade [minecraft:block]
[30Aug2025 03:42:32.612] [Worker-Main-1/DEBUG] [com.tterrag.registrate.AbstractRegistrate/REGISTRATE.DATA]: Generating data of type tags/block for entry industrial_iron_catwalk [minecraft:block]
[30Aug2025 03:42:32.612] [Worker-Main-1/DEBUG] [com.tterrag.registrate.AbstractRegistrate/REGISTRATE.DATA]: Generating data of type tags/block for entry industrial_iron_catwalk_stairs [minecraft:block]
[30Aug2025 03:42:32.612] [Worker-Main-1/DEBUG] [com.tterrag.registrate.AbstractRegistrate/REGISTRATE.DATA]: Generating data of type tags/block for entry industrial_iron_catwalk_railing [minecraft:block]
[30Aug2025 03:42:32.612] [Worker-Main-1/DEBUG] [com.tterrag.registrate.AbstractRegistrate/REGISTRATE.DATA]: Generating data of type tags/block for entry industrial_iron_support_wedge [minecraft:block]
[30Aug2025 03:42:32.612] [Worker-Main-1/DEBUG] [com.tterrag.registrate.AbstractRegistrate/REGISTRATE.DATA]: Generating data of type tags/block for entry industrial_iron_facade [minecraft:block]
[30Aug2025 03:42:32.612] [Worker-Main-1/DEBUG] [com.tterrag.registrate.AbstractRegistrate/REGISTRATE.DATA]: Generating data of type tags/block for entry zinc_catwalk [minecraft:block]
[30Aug2025 03:42:32.612] [Worker-Main-1/DEBUG] [com.tterrag.registrate.AbstractRegistrate/REGISTRATE.DATA]: Generating data of type tags/block for entry zinc_catwalk_stairs [minecraft:block]
[30Aug2025 03:42:32.612] [Worker-Main-1/DEBUG] [com.tterrag.registrate.AbstractRegistrate/REGISTRATE.DATA]: Generating data of type tags/block for entry zinc_catwalk_railing [minecraft:block]
[30Aug2025 03:42:32.612] [Worker-Main-1/DEBUG] [com.tterrag.registrate.AbstractRegistrate/REGISTRATE.DATA]: Generating data of type tags/block for entry zinc_support_wedge [minecraft:block]
[30Aug2025 03:42:32.612] [Worker-Main-1/DEBUG] [com.tterrag.registrate.AbstractRegistrate/REGISTRATE.DATA]: Generating data of type tags/block for entry zinc_facade [minecraft:block]
[30Aug2025 03:42:32.612] [Worker-Main-1/DEBUG] [com.tterrag.registrate.AbstractRegistrate/REGISTRATE.DATA]: Generating data of type tags/block for entry iron_ladder [minecraft:block]
[30Aug2025 03:42:32.612] [Worker-Main-1/DEBUG] [com.tterrag.registrate.AbstractRegistrate/REGISTRATE.DATA]: Generating data of type tags/block for entry industrial_iron_ladder [minecraft:block]
[30Aug2025 03:42:32.612] [Worker-Main-1/DEBUG] [com.tterrag.registrate.AbstractRegistrate/REGISTRATE.DATA]: Generating data of type tags/block for entry zinc_ladder [minecraft:block]
[30Aug2025 03:42:32.612] [Worker-Main-1/DEBUG] [com.tterrag.registrate.AbstractRegistrate/REGISTRATE.DATA]: Generating data of type tags/block for entry andesite_hull [minecraft:block]
[30Aug2025 03:42:32.612] [Worker-Main-1/DEBUG] [com.tterrag.registrate.AbstractRegistrate/REGISTRATE.DATA]: Generating data of type tags/block for entry brass_hull [minecraft:block]
[30Aug2025 03:42:32.612] [Worker-Main-1/DEBUG] [com.tterrag.registrate.AbstractRegistrate/REGISTRATE.DATA]: Generating data of type tags/block for entry iron_hull [minecraft:block]
[30Aug2025 03:42:32.612] [Worker-Main-1/DEBUG] [com.tterrag.registrate.AbstractRegistrate/REGISTRATE.DATA]: Generating data of type tags/block for entry copper_hull [minecraft:block]
[30Aug2025 03:42:32.612] [Worker-Main-1/DEBUG] [com.tterrag.registrate.AbstractRegistrate/REGISTRATE.DATA]: Generating data of type tags/block for entry industrial_iron_hull [minecraft:block]
[30Aug2025 03:42:32.612] [Worker-Main-1/DEBUG] [com.tterrag.registrate.AbstractRegistrate/REGISTRATE.DATA]: Generating data of type tags/block for entry zinc_hull [minecraft:block]
[30Aug2025 03:42:32.612] [Worker-Main-1/DEBUG] [com.tterrag.registrate.AbstractRegistrate/REGISTRATE.DATA]: Generating data of type tags/block for entry andesite_support [minecraft:block]
[30Aug2025 03:42:32.612] [Worker-Main-1/DEBUG] [com.tterrag.registrate.AbstractRegistrate/REGISTRATE.DATA]: Generating data of type tags/block for entry brass_support [minecraft:block]
[30Aug2025 03:42:32.612] [Worker-Main-1/DEBUG] [com.tterrag.registrate.AbstractRegistrate/REGISTRATE.DATA]: Generating data of type tags/block for entry iron_support [minecraft:block]
[30Aug2025 03:42:32.612] [Worker-Main-1/DEBUG] [com.tterrag.registrate.AbstractRegistrate/REGISTRATE.DATA]: Generating data of type tags/block for entry copper_support [minecraft:block]
[30Aug2025 03:42:32.614] [Worker-Main-1/DEBUG] [com.tterrag.registrate.AbstractRegistrate/REGISTRATE.DATA]: Generating data of type tags/block for entry industrial_iron_support [minecraft:block]
[30Aug2025 03:42:32.614] [Worker-Main-1/DEBUG] [com.tterrag.registrate.AbstractRegistrate/REGISTRATE.DATA]: Generating data of type tags/block for entry zinc_support [minecraft:block]
[30Aug2025 03:42:32.614] [Worker-Main-1/DEBUG] [com.tterrag.registrate.AbstractRegistrate/REGISTRATE.DATA]: Generating data of type tags/block for entry andesite_sheet_metal [minecraft:block]
[30Aug2025 03:42:32.614] [Worker-Main-1/DEBUG] [com.tterrag.registrate.AbstractRegistrate/REGISTRATE.DATA]: Generating data of type tags/block for entry brass_sheet_metal [minecraft:block]
[30Aug2025 03:42:32.614] [Worker-Main-1/DEBUG] [com.tterrag.registrate.AbstractRegistrate/REGISTRATE.DATA]: Generating data of type tags/block for entry iron_sheet_metal [minecraft:block]
[30Aug2025 03:42:32.614] [Worker-Main-1/DEBUG] [com.tterrag.registrate.AbstractRegistrate/REGISTRATE.DATA]: Generating data of type tags/block for entry copper_sheet_metal [minecraft:block]
[30Aug2025 03:42:32.614] [Worker-Main-1/DEBUG] [com.tterrag.registrate.AbstractRegistrate/REGISTRATE.DATA]: Generating data of type tags/block for entry industrial_iron_sheet_metal [minecraft:block]
[30Aug2025 03:42:32.614] [Worker-Main-1/DEBUG] [com.tterrag.registrate.AbstractRegistrate/REGISTRATE.DATA]: Generating data of type tags/block for entry zinc_sheet_metal [minecraft:block]
