[30Aug2025 03:51:14.114] [main/INFO] [cpw.mods.modlauncher.Launcher/MODLAUNCHER]: ModLauncher running: args [--launchTarget, forgeclientdev, --version, 21.1.193, --assetIndex, asset-index, --assetsDir, C:\Users\micha\.gradle\caches\minecraft\assets, --gameDir, ., --fml.fmlVersion, 4.0.41, --fml.mcVersion, 1.21.1, --fml.neoForgeVersion, 21.1.193, --fml.neoFormVersion, 20240808.144430]
[30Aug2025 03:51:14.118] [main/INFO] [cpw.mods.modlauncher.Launcher/MODLAUNCHER]: JVM identified as Eclipse Adoptium OpenJDK 64-Bit Server VM 21.0.7+6-LTS
[30Aug2025 03:51:14.120] [main/INFO] [cpw.mods.modlauncher.Launcher/MODLAUNCHER]: ModLauncher 11.0.5+main.901c6ea8 starting: java version 21.0.7 by Eclipse Adoptium; OS Windows 11 arch amd64 version 10.0
[30Aug2025 03:51:14.152] [main/DEBUG] [cpw.mods.modlauncher.LaunchServiceHandler/MODLAUNCHER]: Found launch services [minecraft,forgeclient,forgedatauserdev,testharness,forgeserverdev,forgeserveruserdev,forgejunitdev,forgeclientdev,forgeclientuserdev,forgeserver,forgejunituserdev,forgedatadev]
[30Aug2025 03:51:14.174] [main/DEBUG] [cpw.mods.modlauncher.LaunchPluginHandler/MODLAUNCHER]: Found launch plugins: [mixin,slf4jfixer,runtime_enum_extender,accesstransformer,runtimedistcleaner]
[30Aug2025 03:51:14.184] [main/DEBUG] [cpw.mods.modlauncher.TransformationServicesHandler/MODLAUNCHER]: Discovering transformation services
[30Aug2025 03:51:14.188] [main/DEBUG] [net.neoforged.fml.loading.FMLPaths/CORE]: Path GAMEDIR is C:\Users\micha\Documents\Blocks & Bogeys 1.21.1\CreateDeco\runs\client
[30Aug2025 03:51:14.188] [main/DEBUG] [net.neoforged.fml.loading.FMLPaths/CORE]: Path MODSDIR is C:\Users\micha\Documents\Blocks & Bogeys 1.21.1\CreateDeco\runs\client\mods
[30Aug2025 03:51:14.188] [main/DEBUG] [net.neoforged.fml.loading.FMLPaths/CORE]: Path CONFIGDIR is C:\Users\micha\Documents\Blocks & Bogeys 1.21.1\CreateDeco\runs\client\config
[30Aug2025 03:51:14.188] [main/DEBUG] [net.neoforged.fml.loading.FMLPaths/CORE]: Path FMLCONFIG is C:\Users\micha\Documents\Blocks & Bogeys 1.21.1\CreateDeco\runs\client\config\fml.toml
[30Aug2025 03:51:14.213] [main/TRACE] [net.neoforged.fml.loading.FMLConfig/CORE]: Loaded FML config from C:\Users\micha\Documents\Blocks & Bogeys 1.21.1\CreateDeco\runs\client\config\fml.toml
[30Aug2025 03:51:14.213] [main/TRACE] [net.neoforged.fml.loading.FMLConfig/CORE]: FMLConfig disableConfigWatcher is false
[30Aug2025 03:51:14.213] [main/TRACE] [net.neoforged.fml.loading.FMLConfig/CORE]: FMLConfig earlyWindowControl is true
[30Aug2025 03:51:14.213] [main/TRACE] [net.neoforged.fml.loading.FMLConfig/CORE]: FMLConfig maxThreads is 24
[30Aug2025 03:51:14.213] [main/TRACE] [net.neoforged.fml.loading.FMLConfig/CORE]: FMLConfig versionCheck is true
[30Aug2025 03:51:14.213] [main/TRACE] [net.neoforged.fml.loading.FMLConfig/CORE]: FMLConfig defaultConfigPath is defaultconfigs
[30Aug2025 03:51:14.214] [main/TRACE] [net.neoforged.fml.loading.FMLConfig/CORE]: FMLConfig disableOptimizedDFU is true
[30Aug2025 03:51:14.214] [main/TRACE] [net.neoforged.fml.loading.FMLConfig/CORE]: FMLConfig earlyWindowProvider is fmlearlywindow
[30Aug2025 03:51:14.214] [main/TRACE] [net.neoforged.fml.loading.FMLConfig/CORE]: FMLConfig earlyWindowWidth is 854
[30Aug2025 03:51:14.214] [main/TRACE] [net.neoforged.fml.loading.FMLConfig/CORE]: FMLConfig earlyWindowHeight is 480
[30Aug2025 03:51:14.214] [main/TRACE] [net.neoforged.fml.loading.FMLConfig/CORE]: FMLConfig earlyWindowFBScale is 1
[30Aug2025 03:51:14.214] [main/TRACE] [net.neoforged.fml.loading.FMLConfig/CORE]: FMLConfig earlyWindowMaximized is false
[30Aug2025 03:51:14.214] [main/TRACE] [net.neoforged.fml.loading.FMLConfig/CORE]: FMLConfig earlyWindowSkipGLVersions is []
[30Aug2025 03:51:14.214] [main/TRACE] [net.neoforged.fml.loading.FMLConfig/CORE]: FMLConfig earlyWindowSquir is false
[30Aug2025 03:51:14.223] [main/DEBUG] [net.neoforged.fml.loading.targets.CommonLaunchHandler/CORE]: Got mod coordinates CreateDeco%%C:\Users\micha\Documents\Blocks & Bogeys 1.21.1\CreateDeco\build\resources\main;CreateDeco%%C:\Users\micha\Documents\Blocks & Bogeys 1.21.1\CreateDeco\build\classes\java\main from env
[30Aug2025 03:51:14.224] [main/DEBUG] [net.neoforged.fml.loading.targets.CommonLaunchHandler/CORE]: Found supplied mod coordinates [{CreateDeco=[C:\Users\micha\Documents\Blocks & Bogeys 1.21.1\CreateDeco\build\resources\main, C:\Users\micha\Documents\Blocks & Bogeys 1.21.1\CreateDeco\build\classes\java\main]}]
[30Aug2025 03:51:14.231] [main/DEBUG] [cpw.mods.modlauncher.TransformationServicesHandler/MODLAUNCHER]: Found additional transformation services from discovery services: 
[30Aug2025 03:51:14.235] [main/INFO] [net.neoforged.fml.loading.ImmediateWindowHandler/]: Loading ImmediateWindowProvider fmlearlywindow
[30Aug2025 03:51:14.325] [main/INFO] [EARLYDISPLAY/]: Trying GL version 4.6
[30Aug2025 03:51:14.537] [main/INFO] [EARLYDISPLAY/]: Requested GL version 4.6 got version 4.6
[30Aug2025 03:51:14.599] [main/DEBUG] [cpw.mods.modlauncher.TransformationServicesHandler/MODLAUNCHER]: Found transformer services : [mixin,fml]
[30Aug2025 03:51:14.601] [main/DEBUG] [cpw.mods.modlauncher.TransformationServicesHandler/MODLAUNCHER]: Transformation services loading
[30Aug2025 03:51:14.601] [main/DEBUG] [cpw.mods.modlauncher.TransformationServiceDecorator/MODLAUNCHER]: Loading service mixin
[30Aug2025 03:51:14.601] [main/DEBUG] [cpw.mods.modlauncher.TransformationServiceDecorator/MODLAUNCHER]: Loaded service mixin
[30Aug2025 03:51:14.601] [main/DEBUG] [cpw.mods.modlauncher.TransformationServiceDecorator/MODLAUNCHER]: Loading service fml
[30Aug2025 03:51:14.601] [main/DEBUG] [net.neoforged.fml.loading.FMLLoader/CORE]: FML 4.0.41 loading
[30Aug2025 03:51:14.601] [main/DEBUG] [net.neoforged.fml.loading.FMLLoader/CORE]: FML found ModLauncher version : 11.0.5+main.901c6ea8
[30Aug2025 03:51:14.601] [main/DEBUG] [net.neoforged.fml.loading.FMLLoader/CORE]: FML found AccessTransformer version : 10.0.1+139da711
[30Aug2025 03:51:14.602] [main/DEBUG] [net.neoforged.fml.loading.FMLLoader/CORE]: FML found EventBus version : null
[30Aug2025 03:51:14.602] [main/DEBUG] [net.neoforged.fml.loading.FMLLoader/CORE]: Found Runtime Dist Cleaner
[30Aug2025 03:51:14.602] [main/DEBUG] [cpw.mods.modlauncher.TransformationServiceDecorator/MODLAUNCHER]: Loaded service fml
[30Aug2025 03:51:14.602] [main/DEBUG] [cpw.mods.modlauncher.TransformationServicesHandler/MODLAUNCHER]: Configuring option handling for services
[30Aug2025 03:51:14.614] [main/DEBUG] [net.neoforged.fml.loading.FMLServiceProvider/CORE]: Received command line version data  : VersionInfo[neoForgeVersion=21.1.193, fmlVersion=4.0.41, mcVersion=1.21.1, neoFormVersion=20240808.144430]
[30Aug2025 03:51:14.614] [main/DEBUG] [cpw.mods.modlauncher.TransformationServicesHandler/MODLAUNCHER]: Transformation services initializing
[30Aug2025 03:51:14.614] [main/DEBUG] [cpw.mods.modlauncher.TransformationServiceDecorator/MODLAUNCHER]: Initializing transformation service mixin
[30Aug2025 03:51:14.625] [main/DEBUG] [mixin/]: MixinService [ModLauncher] was successfully booted in cpw.mods.cl.ModuleClassLoader@258e2e41
[30Aug2025 03:51:14.633] [main/INFO] [mixin/]: SpongePowered MIXIN Subsystem Version=0.8.7 Source=union:/C:/Users/micha/.gradle/caches/modules-2/files-2.1/net.fabricmc/sponge-mixin/0.15.2+mixin.0.8.7/2af2f021d8e02a0220dc27a7a72b4666d66d44ca/sponge-mixin-0.15.2+mixin.0.8.7.jar%23142!/ Service=ModLauncher Env=CLIENT
[30Aug2025 03:51:14.637] [main/DEBUG] [mixin/]: Initialising Mixin Platform Manager
[30Aug2025 03:51:14.637] [main/DEBUG] [mixin/]: Adding mixin platform agents for container ModLauncher Root Container(ModLauncher:4f56a0a2)
[30Aug2025 03:51:14.637] [main/DEBUG] [mixin/]: Instancing new MixinPlatformAgentMinecraftForge for ModLauncher Root Container(ModLauncher:4f56a0a2)
[30Aug2025 03:51:14.638] [main/DEBUG] [mixin/]: MixinPlatformAgentMinecraftForge rejected container ModLauncher Root Container(ModLauncher:4f56a0a2)
[30Aug2025 03:51:14.638] [main/DEBUG] [mixin/]: Instancing new MixinPlatformAgentDefault for ModLauncher Root Container(ModLauncher:4f56a0a2)
[30Aug2025 03:51:14.639] [main/DEBUG] [mixin/]: MixinPlatformAgentDefault accepted container ModLauncher Root Container(ModLauncher:4f56a0a2)
[30Aug2025 03:51:14.641] [main/DEBUG] [cpw.mods.modlauncher.TransformationServiceDecorator/MODLAUNCHER]: Initialized transformation service mixin
[30Aug2025 03:51:14.641] [main/DEBUG] [cpw.mods.modlauncher.TransformationServiceDecorator/MODLAUNCHER]: Initializing transformation service fml
[30Aug2025 03:51:14.641] [main/DEBUG] [net.neoforged.fml.loading.FMLServiceProvider/CORE]: Setting up basic FML game directories
[30Aug2025 03:51:14.642] [main/DEBUG] [net.neoforged.fml.loading.FMLPaths/CORE]: Path GAMEDIR is C:\Users\micha\Documents\Blocks & Bogeys 1.21.1\CreateDeco\runs\client
[30Aug2025 03:51:14.642] [main/DEBUG] [net.neoforged.fml.loading.FMLPaths/CORE]: Path MODSDIR is C:\Users\micha\Documents\Blocks & Bogeys 1.21.1\CreateDeco\runs\client\mods
[30Aug2025 03:51:14.643] [main/DEBUG] [net.neoforged.fml.loading.FMLPaths/CORE]: Path CONFIGDIR is C:\Users\micha\Documents\Blocks & Bogeys 1.21.1\CreateDeco\runs\client\config
[30Aug2025 03:51:14.643] [main/DEBUG] [net.neoforged.fml.loading.FMLPaths/CORE]: Path FMLCONFIG is C:\Users\micha\Documents\Blocks & Bogeys 1.21.1\CreateDeco\runs\client\config\fml.toml
[30Aug2025 03:51:14.643] [main/DEBUG] [net.neoforged.fml.loading.FMLServiceProvider/CORE]: Loading configuration
[30Aug2025 03:51:14.645] [main/TRACE] [net.neoforged.fml.loading.FMLConfig/CORE]: Loaded FML config from C:\Users\micha\Documents\Blocks & Bogeys 1.21.1\CreateDeco\runs\client\config\fml.toml
[30Aug2025 03:51:14.645] [main/TRACE] [net.neoforged.fml.loading.FMLConfig/CORE]: FMLConfig disableConfigWatcher is false
[30Aug2025 03:51:14.645] [main/TRACE] [net.neoforged.fml.loading.FMLConfig/CORE]: FMLConfig earlyWindowControl is true
[30Aug2025 03:51:14.645] [main/TRACE] [net.neoforged.fml.loading.FMLConfig/CORE]: FMLConfig maxThreads is 24
[30Aug2025 03:51:14.645] [main/TRACE] [net.neoforged.fml.loading.FMLConfig/CORE]: FMLConfig versionCheck is true
[30Aug2025 03:51:14.645] [main/TRACE] [net.neoforged.fml.loading.FMLConfig/CORE]: FMLConfig defaultConfigPath is defaultconfigs
[30Aug2025 03:51:14.645] [main/TRACE] [net.neoforged.fml.loading.FMLConfig/CORE]: FMLConfig disableOptimizedDFU is true
[30Aug2025 03:51:14.645] [main/TRACE] [net.neoforged.fml.loading.FMLConfig/CORE]: FMLConfig earlyWindowProvider is fmlearlywindow
[30Aug2025 03:51:14.645] [main/TRACE] [net.neoforged.fml.loading.FMLConfig/CORE]: FMLConfig earlyWindowWidth is 854
[30Aug2025 03:51:14.646] [main/TRACE] [net.neoforged.fml.loading.FMLConfig/CORE]: FMLConfig earlyWindowHeight is 480
[30Aug2025 03:51:14.646] [main/TRACE] [net.neoforged.fml.loading.FMLConfig/CORE]: FMLConfig earlyWindowFBScale is 1
[30Aug2025 03:51:14.646] [main/TRACE] [net.neoforged.fml.loading.FMLConfig/CORE]: FMLConfig earlyWindowMaximized is false
[30Aug2025 03:51:14.646] [main/TRACE] [net.neoforged.fml.loading.FMLConfig/CORE]: FMLConfig earlyWindowSkipGLVersions is []
[30Aug2025 03:51:14.646] [main/TRACE] [net.neoforged.fml.loading.FMLConfig/CORE]: FMLConfig earlyWindowSquir is false
[30Aug2025 03:51:14.647] [main/DEBUG] [net.neoforged.fml.loading.LaunchContext/SCAN]: Located paths when launch context was created: [C:\Users\micha\.gradle\caches\modules-2\files-2.1\org.lwjgl\lwjgl-tinyfd\3.3.3\a6697981b0449a5087c1d546fc08b4f73e8f98c9\lwjgl-tinyfd-3.3.3-natives-windows.jar, C:\Users\micha\.gradle\caches\modules-2\files-2.1\cpw.mods\modlauncher\11.0.5\b8f0d49294f733fdb6173931b263553e943dc950\modlauncher-11.0.5.jar, C:\Users\micha\.gradle\caches\modules-2\files-2.1\net.minecraftforge\srgutils\0.4.15\ca408b131759478f164e010fae0d73997e125fb5\srgutils-0.4.15.jar, C:\Users\micha\.gradle\caches\modules-2\files-2.1\org.lwjgl\lwjgl-freetype\3.3.3\a0db6c84a8becc8ca05f9dbfa985edc348a824c7\lwjgl-freetype-3.3.3.jar, C:\Users\micha\.gradle\caches\modules-2\files-2.1\io.netty\netty-transport-classes-epoll\4.1.97.Final\795da37ded759e862457a82d9d92c4d39ce8ecee\netty-transport-classes-epoll-4.1.97.Final.jar, C:\Users\micha\.gradle\caches\modules-2\files-2.1\net.fabricmc\sponge-mixin\0.15.2+mixin.0.8.7\2af2f021d8e02a0220dc27a7a72b4666d66d44ca\sponge-mixin-0.15.2+mixin.0.8.7.jar, C:\Users\micha\.gradle\caches\modules-2\files-2.1\org.apache.maven\maven-artifact\3.8.5\4433f50c07debefaed0553bd0068f4f48d449313\maven-artifact-3.8.5.jar, C:\Users\micha\.gradle\caches\modules-2\files-2.1\com.electronwill.night-config\toml\3.8.2\c128842f759692f613ea6c3ef0ef052273bbb38c\toml-3.8.2.jar, C:\Users\micha\.gradle\caches\modules-2\files-2.1\net.neoforged\bus\8.0.5\5b2d33285ab5d1554e9798ad98c40d6ea3868bd5\bus-8.0.5.jar, C:\Users\micha\.gradle\caches\modules-2\files-2.1\org.jline\jline-terminal\3.20.0\d0ddcc708ddf527a3454c941b7b9225cc83a15ff\jline-terminal-3.20.0.jar, C:\Users\micha\.gradle\caches\modules-2\files-2.1\com.mojang\text2speech\1.17.9\3cad216e3a7f0c19b4b394388bc9ffc446f13b14\text2speech-1.17.9.jar, C:\Users\micha\.gradle\caches\modules-2\files-2.1\io.netty\netty-buffer\4.1.97.Final\f8f3d8644afa5e6e1a40a3a6aeb9d9aa970ecb4f\netty-buffer-4.1.97.Final.jar, C:\Users\micha\.gradle\caches\modules-2\files-2.1\net.neoforged\mergetool\2.0.3\1275202cbbb248f49345cf6787ce299afd9a02fb\mergetool-2.0.3-api.jar, C:\Users\micha\.gradle\caches\modules-2\files-2.1\io.netty\netty-handler\4.1.97.Final\abb86c6906bf512bf2b797a41cd7d2e8d3cd7c36\netty-handler-4.1.97.Final.jar, C:\Users\micha\.gradle\caches\modules-2\files-2.1\io.netty\netty-common\4.1.97.Final\7cceacaf11df8dc63f23d0fb58e9d4640fc88404\netty-common-4.1.97.Final.jar, C:\Users\micha\.gradle\caches\modules-2\files-2.1\org.slf4j\slf4j-api\2.0.9\7cf2726fdcfbc8610f9a71fb3ed639871f315340\slf4j-api-2.0.9.jar, C:\Users\micha\.gradle\caches\modules-2\files-2.1\org.lwjgl\lwjgl-freetype\3.3.3\15a8c1de7f51d07a92eae7ce1222557073a0c0c3\lwjgl-freetype-3.3.3-natives-windows-x86.jar, C:\Users\micha\.gradle\caches\modules-2\files-2.1\org.apache.httpcomponents\httpcore\4.4.16\51cf043c87253c9f58b539c9f7e44c8894223850\httpcore-4.4.16.jar, C:\Users\micha\.gradle\caches\modules-2\files-2.1\org.lwjgl\lwjgl\3.3.3\29589b5f87ed335a6c7e7ee6a5775f81f97ecb84\lwjgl-3.3.3.jar, C:\Users\micha\.gradle\caches\modules-2\files-2.1\org.lwjgl\lwjgl-opengl\3.3.3\2f6b0147078396a58979125a4c947664e98293a\lwjgl-opengl-3.3.3.jar, C:\Users\micha\.gradle\caches\modules-2\files-2.1\com.ibm.icu\icu4j\73.2\61ad4ef7f9131fcf6d25c34b817f90d6da06c9e9\icu4j-73.2.jar, C:\Users\micha\.gradle\caches\modules-2\files-2.1\net.neoforged\JarJarMetadata\0.4.1\f8da03683dc81694556dc3e177c5e3bb77ae6fcb\JarJarMetadata-0.4.1.jar, C:\Users\micha\.gradle\caches\modules-2\files-2.1\org.lwjgl\lwjgl-jemalloc\3.3.3\426222fc027602a5f21b9c0fe79cde6a4c7a011f\lwjgl-jemalloc-3.3.3-natives-windows.jar, C:\Users\micha\.gradle\caches\modules-2\files-2.1\com.google.code.gson\gson\2.10.1\b3add478d4382b78ea20b1671390a858002feb6c\gson-2.10.1.jar, C:\Users\micha\.gradle\caches\modules-2\files-2.1\commons-codec\commons-codec\1.16.0\4e3eb3d79888d76b54e28b350915b5dc3919c9de\commons-codec-1.16.0.jar, C:\Users\micha\.gradle\caches\modules-2\files-2.1\org.openjdk.nashorn\nashorn-core\15.4\f67f5ffaa5f5130cf6fb9b133da00c7df3b532a5\nashorn-core-15.4.jar, C:\Users\micha\.gradle\caches\modules-2\files-2.1\com.mojang\patchy\2.2.10\da05971b07cbb379d002cf7eaec6a2048211fefc\patchy-2.2.10.jar, C:\Users\micha\.gradle\caches\modules-2\files-2.1\commons-logging\commons-logging\1.2\4bfc12adfe4842bf07b657f0369c4cb522955686\commons-logging-1.2.jar, C:\Users\micha\.gradle\caches\modules-2\files-2.1\net.neoforged.fancymodloader\loader\4.0.41\3aebc81b9347fa87bb629ffaed20276f2a4c944e\loader-4.0.41.jar, C:\Users\micha\.gradle\caches\modules-2\files-2.1\com.google.guava\listenablefuture\9999.0-empty-to-avoid-conflict-with-guava\b421526c5f297295adef1c886e5246c39d4ac629\listenablefuture-9999.0-empty-to-avoid-conflict-with-guava.jar, C:\Users\micha\.gradle\caches\modules-2\files-2.1\it.unimi.dsi\fastutil\8.5.12\c24946d46824bd528054bface3231d2ecb7e95e8\fastutil-8.5.12.jar, C:\Users\micha\.gradle\caches\modules-2\files-2.1\ca.weblite\java-objc-bridge\1.1\1227f9e0666314f9de41477e3ec277e542ed7f7b\java-objc-bridge-1.1.jar, C:\Users\micha\.gradle\caches\modules-2\files-2.1\io.netty\netty-transport\4.1.97.Final\f37380d23c9bb079bc702910833b2fd532c9abd0\netty-transport-4.1.97.Final.jar, C:\Users\micha\.gradle\caches\modules-2\files-2.1\org.lz4\lz4-java\1.8.0\4b986a99445e49ea5fbf5d149c4b63f6ed6c6780\lz4-java-1.8.0.jar, C:\Users\micha\.gradle\caches\modules-2\files-2.1\net.java.dev.jna\jna\5.14.0\67bf3eaea4f0718cb376a181a629e5f88fa1c9dd\jna-5.14.0.jar, C:\Users\micha\.gradle\caches\modules-2\files-2.1\org.apache.logging.log4j\log4j-api\2.22.1\bea6fede6328fabafd7e68363161a7ea6605abd1\log4j-api-2.22.1.jar, C:\Users\micha\.gradle\caches\modules-2\files-2.1\net.minecrell\terminalconsoleappender\1.3.0\b562e9bb61235c9520e26282cdee71f8f802d1fc\terminalconsoleappender-1.3.0.jar, C:\Users\micha\.gradle\caches\modules-2\files-2.1\com.machinezoo.noexception\noexception\1.7.1\b65330c98e38a1f915fa54a6e5eca496505e3f0a\noexception-1.7.1.jar, C:\Users\micha\.gradle\caches\modules-2\files-2.1\io.netty\netty-transport-native-unix-common\4.1.97.Final\d469d84265ab70095b01b40886cabdd433b6e664\netty-transport-native-unix-common-4.1.97.Final.jar, C:\Users\micha\.gradle\caches\modules-2\files-2.1\io.netty\netty-codec\4.1.97.Final\384ba4d75670befbedb45c4d3b497a93639c206d\netty-codec-4.1.97.Final.jar, C:\Users\micha\.gradle\caches\modules-2\files-2.1\net.neoforged.fancymodloader\earlydisplay\4.0.41\53dfbd387ed1b88c7d144bdb6551b7f57d5da6d7\earlydisplay-4.0.41.jar, C:\Users\micha\.gradle\caches\modules-2\files-2.1\net.neoforged\JarJarSelector\0.4.1\fb3cc7a58af22ad2880adb98af6d518128c47dae\JarJarSelector-0.4.1.jar, C:\Users\micha\.gradle\caches\modules-2\files-2.1\org.lwjgl\lwjgl\3.3.3\9e670718e050aeaeea0c2d5b907cffb142f2e58f\lwjgl-3.3.3-natives-windows-x86.jar, C:\Users\micha\.gradle\caches\modules-2\files-2.1\org.lwjgl\lwjgl-openal\3.3.3\87b8d5050e3adb46bb58fe1cb2669a4a48fce10d\lwjgl-openal-3.3.3-natives-windows-x86.jar, C:\Users\micha\.gradle\caches\modules-2\files-2.1\net.neoforged\coremods\7.0.3\9147e6f638b4272b3bd5fc8f92ad37802512c6c\coremods-7.0.3.jar, C:\Users\micha\.gradle\caches\modules-2\files-2.1\org.apache.commons\commons-lang3\3.14.0\1ed471194b02f2c6cb734a0cd6f6f107c673afae\commons-lang3-3.14.0.jar, C:\Users\micha\.gradle\caches\modules-2\files-2.1\org.joml\joml\1.10.5\22566d58af70ad3d72308bab63b8339906deb649\joml-1.10.5.jar, C:\Users\micha\.gradle\caches\modules-2\files-2.1\net.neoforged.accesstransformers\at-modlauncher\10.0.1\5aba50202aceead086bc09fbc2751c9f05cb4890\at-modlauncher-10.0.1.jar, C:\Users\micha\.gradle\caches\modules-2\files-2.1\com.mojang\brigadier\1.3.10\d15b53a14cf20fdcaa98f731af5dda654452c010\brigadier-1.3.10.jar, C:\Users\micha\.gradle\caches\modules-2\files-2.1\com.google.errorprone\error_prone_annotations\2.18.0\89b684257096f548fa39a7df9fdaa409d4d4df91\error_prone_annotations-2.18.0.jar, C:\Users\micha\.gradle\caches\modules-2\files-2.1\org.jcraft\jorbis\0.0.17\8872d22b293e8f5d7d56ff92be966e6dc28ebdc6\jorbis-0.0.17.jar, C:\Users\micha\.gradle\caches\modules-2\files-2.1\com.mojang\datafixerupper\8.0.16\67d4de6d7f95d89bcf5862995fb854ebaec02a34\datafixerupper-8.0.16.jar, C:\Users\micha\.gradle\caches\modules-2\files-2.1\org.apache.logging.log4j\log4j-core\2.22.1\7183a25510a02ad00cc6a95d3b3d2a7d3c5a8dc4\log4j-core-2.22.1.jar, C:\Users\micha\.gradle\caches\modules-2\files-2.1\org.lwjgl\lwjgl-stb\3.3.3\25dd6161988d7e65f71d5065c99902402ee32746\lwjgl-stb-3.3.3.jar, C:\Users\micha\.gradle\caches\modules-2\files-2.1\org.lwjgl\lwjgl-tinyfd\3.3.3\82d755ca94b102e9ca77283b9e2dc46d1b15fbe5\lwjgl-tinyfd-3.3.3.jar, C:\Users\micha\.gradle\caches\modules-2\files-2.1\com.electronwill.night-config\core\3.8.2\94eee571e1524129804d08c75f6416a3be380ad4\core-3.8.2.jar, C:\Users\micha\.gradle\caches\modules-2\files-2.1\org.lwjgl\lwjgl-openal\3.3.3\daada81ceb5fc0c291fbfdd4433cb8d9423577f2\lwjgl-openal-3.3.3.jar, C:\Users\micha\.gradle\caches\modules-2\files-2.1\com.google.guava\failureaccess\1.0.1\1dcf1de382a0bf95a3d8b0849546c88bac1292c9\failureaccess-1.0.1.jar, C:\Users\micha\.gradle\caches\modules-2\files-2.1\org.lwjgl\lwjgl-jemalloc\3.3.3\b543467b7ff3c6920539a88ee602d34098628be5\lwjgl-jemalloc-3.3.3.jar, C:\Users\micha\.gradle\caches\modules-2\files-2.1\net.sf.jopt-simple\jopt-simple\5.0.4\4fdac2fbe92dfad86aa6e9301736f6b4342a3f5c\jopt-simple-5.0.4.jar, C:\Users\micha\.gradle\caches\modules-2\files-2.1\com.mojang\logging\1.2.7\24cb95ffb0e3433fd6e844c04e68009e504ca1c0\logging-1.2.7.jar, C:\Users\micha\.gradle\caches\modules-2\files-2.1\io.netty\netty-resolver\4.1.97.Final\cec8348108dc76c47cf87c669d514be52c922144\netty-resolver-4.1.97.Final.jar, C:\Users\micha\.gradle\caches\modules-2\files-2.1\org.lwjgl\lwjgl-glfw\3.3.3\32334f3fd5270a59bad9939a93115acb6de36dcf\lwjgl-glfw-3.3.3-natives-windows-x86.jar, C:\Users\micha\.gradle\caches\modules-2\files-2.1\org.checkerframework\checker-qual\3.33.0\de2b60b62da487644fc11f734e73c8b0b431238f\checker-qual-3.33.0.jar, C:\Users\micha\.gradle\caches\modules-2\files-2.1\org.codehaus.plexus\plexus-utils\3.3.0\cf43b5391de623b36fe066a21127baef82c64022\plexus-utils-3.3.0.jar, C:\Users\micha\.gradle\caches\modules-2\files-2.1\org.jetbrains\annotations\24.1.0\7af6a669488450c4a07c2c3254e2151df42d7d04\annotations-24.1.0.jar, C:\Users\micha\.gradle\caches\modules-2\files-2.1\com.google.guava\guava\32.1.2-jre\5e64ec7e056456bef3a4bc4c6fdaef71e8ab6318\guava-32.1.2-jre.jar, C:\Users\micha\.gradle\caches\modules-2\files-2.1\net.jodah\typetools\0.6.3\a01aaa6ddaea9ec07ec4f209487b7a46a526283a\typetools-0.6.3.jar, C:\Users\micha\.gradle\caches\modules-2\files-2.1\org.lwjgl\lwjgl-glfw\3.3.3\efa1eb78c5ccd840e9f329717109b5e892d72f8e\lwjgl-glfw-3.3.3.jar, C:\Users\micha\.gradle\caches\modules-2\files-2.1\com.mojang\blocklist\1.0.10\5c685c5ffa94c4cd39496c7184c1d122e515ecef\blocklist-1.0.10.jar, C:\Users\micha\.gradle\caches\modules-2\files-2.1\org.apache.logging.log4j\log4j-slf4j2-impl\2.22.1\d7e6693c2606cb7e7335047d7bb96dec52db5665\log4j-slf4j2-impl-2.22.1.jar, C:\Users\micha\.gradle\caches\modules-2\files-2.1\org.jline\jline-reader\3.20.0\8f15415b022a25b473e8e16c28ae913186ffb9c4\jline-reader-3.20.0.jar, C:\Users\micha\.gradle\caches\modules-2\files-2.1\com.google.j2objc\j2objc-annotations\2.8\c85270e307e7b822f1086b93689124b89768e273\j2objc-annotations-2.8.jar, C:\Users\micha\.gradle\caches\modules-2\files-2.1\com.mojang\authlib\6.0.54\de8bc95660e1b2fe8793fd427a7a10dcec5b3ea7\authlib-6.0.54.jar, C:\Users\micha\.gradle\caches\modules-2\files-2.1\org.apache.commons\commons-compress\1.26.0\659feffdd12280201c8aacb8f7be94f9a883c824\commons-compress-1.26.0.jar, C:\Users\micha\.gradle\caches\modules-2\files-2.1\org.lwjgl\lwjgl-opengl\3.3.3\65e956d3735a1abdc82eff4baec1b61174697d4b\lwjgl-opengl-3.3.3-natives-windows-arm64.jar, C:\Users\micha\.gradle\caches\modules-2\files-2.1\com.github.oshi\oshi-core\6.4.10\b1d8ab82d11d92fd639b56d639f8f46f739dd5fa\oshi-core-6.4.10.jar, C:\Users\micha\Documents\Blocks & Bogeys 1.21.1\CreateDeco\.gradle\repositories\ng_dummy_ng\net\minecraft\client\1.21.1\client-1.21.1-client-extra.jar, C:\Users\micha\.gradle\caches\modules-2\files-2.1\org.antlr\antlr4-runtime\4.13.1\17125bae1d965624e265ef49552f6465a2bfa307\antlr4-runtime-4.13.1.jar, C:\Users\micha\.gradle\caches\modules-2\files-2.1\commons-io\commons-io\2.15.1\f11560da189ab563a5c8e351941415430e9304ea\commons-io-2.15.1.jar, C:\Users\micha\.gradle\caches\modules-2\files-2.1\com.google.code.findbugs\jsr305\3.0.2\25ea2e8b0c338a877313bd4672d3fe056ea78f0d\jsr305-3.0.2.jar, C:\Users\micha\.gradle\caches\modules-2\files-2.1\org.apache.httpcomponents\httpclient\4.5.13\e5f6cae5ca7ecaac1ec2827a9e2d65ae2869cada\httpclient-4.5.13.jar, C:\Users\micha\.gradle\caches\modules-2\files-2.1\org.lwjgl\lwjgl-stb\3.3.3\1d9facdf6541de114b0f963be33505b7679c78cb\lwjgl-stb-3.3.3-natives-windows.jar, C:\Users\micha\.gradle\caches\modules-2\files-2.1\net.java.dev.jna\jna-platform\5.14.0\28934d48aed814f11e4c584da55c49fa7032b31b\jna-platform-5.14.0.jar, C:\Users\micha\.gradle\caches\modules-2\files-2.1\net.neoforged\accesstransformers\10.0.1\fd83b5725f76eae9115e9355fa1c456a6a441400\accesstransformers-10.0.1.jar]
[30Aug2025 03:51:14.648] [main/DEBUG] [net.neoforged.fml.loading.FMLServiceProvider/CORE]: Preparing launch handler
[30Aug2025 03:51:14.648] [main/DEBUG] [net.neoforged.fml.loading.FMLLoader/CORE]: Using forgeclientdev as launch service
[30Aug2025 03:51:14.648] [main/DEBUG] [net.neoforged.fml.common.asm.RuntimeDistCleaner/DISTXFORM]: Configuring for Dist CLIENT
[30Aug2025 03:51:14.649] [main/DEBUG] [cpw.mods.modlauncher.TransformationServiceDecorator/MODLAUNCHER]: Initialized transformation service fml
[30Aug2025 03:51:14.649] [main/DEBUG] [cpw.mods.modlauncher.TransformationServicesHandler/MODLAUNCHER]: Transformation services begin scanning
[30Aug2025 03:51:14.649] [main/DEBUG] [cpw.mods.modlauncher.TransformationServiceDecorator/MODLAUNCHER]: Beginning scan trigger - transformation service mixin
[30Aug2025 03:51:14.649] [main/DEBUG] [cpw.mods.modlauncher.TransformationServiceDecorator/MODLAUNCHER]: End scan trigger - transformation service mixin
[30Aug2025 03:51:14.649] [main/DEBUG] [cpw.mods.modlauncher.TransformationServiceDecorator/MODLAUNCHER]: Beginning scan trigger - transformation service fml
[30Aug2025 03:51:14.649] [main/DEBUG] [net.neoforged.fml.loading.FMLServiceProvider/CORE]: Initiating mod scan
[30Aug2025 03:51:14.651] [main/DEBUG] [net.neoforged.fml.loading.targets.CommonLaunchHandler/CORE]: Got mod coordinates CreateDeco%%C:\Users\micha\Documents\Blocks & Bogeys 1.21.1\CreateDeco\build\resources\main;CreateDeco%%C:\Users\micha\Documents\Blocks & Bogeys 1.21.1\CreateDeco\build\classes\java\main from env
[30Aug2025 03:51:14.651] [main/DEBUG] [net.neoforged.fml.loading.targets.CommonLaunchHandler/CORE]: Found supplied mod coordinates [{CreateDeco=[C:\Users\micha\Documents\Blocks & Bogeys 1.21.1\CreateDeco\build\resources\main, C:\Users\micha\Documents\Blocks & Bogeys 1.21.1\CreateDeco\build\classes\java\main]}]
[30Aug2025 03:51:14.652] [main/DEBUG] [net.neoforged.fml.loading.targets.CommonDevLaunchHandler/]: Launching with NeoForge from C:\Users\micha\Documents\Blocks & Bogeys 1.21.1\CreateDeco\.gradle\repositories\ng_dummy_ng\net\neoforged\neoforge\21.1.193\neoforge-21.1.193.jar
[30Aug2025 03:51:14.730] [main/DEBUG] [net.neoforged.fml.util.ServiceLoaderUtil/CORE]: Found 4 implementations of IModFileCandidateLocator:
[30Aug2025 03:51:14.731] [main/DEBUG] [net.neoforged.fml.util.ServiceLoaderUtil/CORE]: 	       0 - [built-in] net.neoforged.fml.loading.moddiscovery.locators.NeoForgeDevProvider from loader-4.0.41.jar
[30Aug2025 03:51:14.731] [main/DEBUG] [net.neoforged.fml.util.ServiceLoaderUtil/CORE]: 	       0 - net.neoforged.fml.loading.moddiscovery.locators.ModsFolderLocator from loader-4.0.41.jar
[30Aug2025 03:51:14.731] [main/DEBUG] [net.neoforged.fml.util.ServiceLoaderUtil/CORE]: 	       0 - net.neoforged.fml.loading.moddiscovery.locators.MavenDirectoryLocator from loader-4.0.41.jar
[30Aug2025 03:51:14.731] [main/DEBUG] [net.neoforged.fml.util.ServiceLoaderUtil/CORE]: 	   -1000 - [built-in] net.neoforged.fml.loading.moddiscovery.locators.UserdevLocator from loader-4.0.41.jar
[30Aug2025 03:51:14.733] [main/DEBUG] [net.neoforged.fml.util.ServiceLoaderUtil/CORE]: Found 2 implementations of IModFileReader:
[30Aug2025 03:51:14.733] [main/DEBUG] [net.neoforged.fml.util.ServiceLoaderUtil/CORE]: 	       0 - net.neoforged.fml.loading.moddiscovery.readers.JarModsDotTomlModFileReader from loader-4.0.41.jar
[30Aug2025 03:51:14.733] [main/DEBUG] [net.neoforged.fml.util.ServiceLoaderUtil/CORE]: 	   -1000 - net.neoforged.fml.loading.moddiscovery.readers.NestedLibraryModReader from loader-4.0.41.jar
[30Aug2025 03:51:14.733] [main/DEBUG] [net.neoforged.fml.util.ServiceLoaderUtil/CORE]: Found 1 implementations of IDependencyLocator:
[30Aug2025 03:51:14.734] [main/DEBUG] [net.neoforged.fml.util.ServiceLoaderUtil/CORE]: 	       0 - net.neoforged.fml.loading.moddiscovery.locators.JarInJarDependencyLocator from loader-4.0.41.jar
[30Aug2025 03:51:14.734] [main/DEBUG] [net.neoforged.fml.loading.moddiscovery.ModDiscoverer/SCAN]: Scanning for mods and other resources to load. We know 4 ways to find mods
[30Aug2025 03:51:14.734] [main/DEBUG] [net.neoforged.fml.loading.moddiscovery.ModDiscoverer/SCAN]: Trying locator neoforge devenv provider ([C:\Users\micha\Documents\Blocks & Bogeys 1.21.1\CreateDeco\.gradle\repositories\ng_dummy_ng\net\neoforged\neoforge\21.1.193\neoforge-21.1.193.jar])
[30Aug2025 03:51:14.855] [pool-2-thread-1/INFO] [EARLYDISPLAY/]: GL info: NVIDIA GeForce RTX 3060 Ti/PCIe/SSE2 GL version 4.6.0 NVIDIA 572.60, NVIDIA Corporation
[30Aug2025 03:51:14.902] [main/DEBUG] [net.neoforged.fml.loading.moddiscovery.ModFileInfo/LOADING]: Found valid mod file neoforge-21.1.193.jar with {minecraft} mods - versions {1.21.1}
[30Aug2025 03:51:14.902] [main/INFO] [net.neoforged.fml.loading.moddiscovery.ModDiscoverer/SCAN]: Found mod file "neoforge-21.1.193.jar" [locator: neoforge devenv provider ([C:\Users\micha\Documents\Blocks & Bogeys 1.21.1\CreateDeco\.gradle\repositories\ng_dummy_ng\net\neoforged\neoforge\21.1.193\neoforge-21.1.193.jar])]
[30Aug2025 03:51:14.908] [main/DEBUG] [net.neoforged.fml.loading.moddiscovery.readers.JarModsDotTomlModFileReader/SCAN]: Found META-INF/neoforge.mods.toml mod of type null: C:\Users\micha\Documents\Blocks & Bogeys 1.21.1\CreateDeco\.gradle\repositories\ng_dummy_ng\net\neoforged\neoforge\21.1.193\neoforge-21.1.193.jar
[30Aug2025 03:51:14.909] [main/DEBUG] [net.neoforged.fml.loading.moddiscovery.ModFileParser/LOADING]: Considering mod file candidate C:\Users\micha\Documents\Blocks & Bogeys 1.21.1\CreateDeco\.gradle\repositories\ng_dummy_ng\net\neoforged\neoforge\21.1.193\neoforge-21.1.193.jar
[30Aug2025 03:51:14.925] [main/DEBUG] [net.neoforged.fml.loading.moddiscovery.ModFileInfo/LOADING]: Found valid mod file neoforge-21.1.193.jar with {neoforge} mods - versions {21.1.193}
[30Aug2025 03:51:14.925] [main/INFO] [net.neoforged.fml.loading.moddiscovery.ModDiscoverer/SCAN]: Found mod file "neoforge-21.1.193.jar" [locator: neoforge devenv provider ([C:\Users\micha\Documents\Blocks & Bogeys 1.21.1\CreateDeco\.gradle\repositories\ng_dummy_ng\net\neoforged\neoforge\21.1.193\neoforge-21.1.193.jar])]
[30Aug2025 03:51:14.925] [main/DEBUG] [net.neoforged.fml.loading.moddiscovery.ModDiscoverer/SCAN]: Locator neoforge devenv provider ([C:\Users\micha\Documents\Blocks & Bogeys 1.21.1\CreateDeco\.gradle\repositories\ng_dummy_ng\net\neoforged\neoforge\21.1.193\neoforge-21.1.193.jar]) found 2 mods, 0 warnings, 0 errors and skipped 0 candidates
[30Aug2025 03:51:14.925] [main/DEBUG] [net.neoforged.fml.loading.moddiscovery.ModDiscoverer/SCAN]: Trying locator {mods folder locator at C:\Users\micha\Documents\Blocks & Bogeys 1.21.1\CreateDeco\runs\client\mods}
[30Aug2025 03:51:14.926] [main/DEBUG] [net.neoforged.fml.loading.moddiscovery.locators.ModsFolderLocator/SCAN]: Scanning mods dir C:\Users\micha\Documents\Blocks & Bogeys 1.21.1\CreateDeco\runs\client\mods for mods
[30Aug2025 03:51:14.926] [main/DEBUG] [net.neoforged.fml.loading.moddiscovery.ModDiscoverer/SCAN]: Locator {mods folder locator at C:\Users\micha\Documents\Blocks & Bogeys 1.21.1\CreateDeco\runs\client\mods} found 0 mods, 0 warnings, 0 errors and skipped 0 candidates
[30Aug2025 03:51:14.926] [main/DEBUG] [net.neoforged.fml.loading.moddiscovery.ModDiscoverer/SCAN]: Trying locator maven libs
[30Aug2025 03:51:14.928] [main/DEBUG] [net.neoforged.fml.loading.moddiscovery.ModListHandler/CORE]: Found mod coordinates from lists: []
[30Aug2025 03:51:14.928] [main/DEBUG] [net.neoforged.fml.loading.moddiscovery.ModDiscoverer/SCAN]: Locator maven libs found 0 mods, 0 warnings, 0 errors and skipped 0 candidates
[30Aug2025 03:51:14.928] [main/DEBUG] [net.neoforged.fml.loading.moddiscovery.ModDiscoverer/SCAN]: Trying locator userdev mods and services
[30Aug2025 03:51:14.931] [main/DEBUG] [net.neoforged.fml.loading.moddiscovery.readers.JarModsDotTomlModFileReader/SCAN]: Found META-INF/neoforge.mods.toml mod of type null: C:\Users\micha\Documents\Blocks & Bogeys 1.21.1\CreateDeco\build\resources\main
[30Aug2025 03:51:14.931] [main/DEBUG] [net.neoforged.fml.loading.moddiscovery.ModFileParser/LOADING]: Considering mod file candidate C:\Users\micha\Documents\Blocks & Bogeys 1.21.1\CreateDeco\build\resources\main
[30Aug2025 03:51:14.935] [main/DEBUG] [net.neoforged.fml.loading.moddiscovery.ModFileInfo/LOADING]: Found valid mod file main with {createdeco} mods - versions {2.0.3}
[30Aug2025 03:51:14.935] [main/INFO] [net.neoforged.fml.loading.moddiscovery.ModDiscoverer/SCAN]: Found mod file "main" [locator: userdev mods and services, reader: mod manifest]
[30Aug2025 03:51:14.943] [main/DEBUG] [net.neoforged.fml.loading.moddiscovery.readers.JarModsDotTomlModFileReader/SCAN]: Found META-INF/neoforge.mods.toml mod of type null: C:\Users\micha\Documents\Blocks & Bogeys 1.21.1\CreateDeco\.gradle\repositories\ng_dummy_ng\net\neoforged\neoforge\21.1.193\neoforge-21.1.193.jar
[30Aug2025 03:51:14.943] [main/DEBUG] [net.neoforged.fml.loading.moddiscovery.ModFileParser/LOADING]: Considering mod file candidate C:\Users\micha\Documents\Blocks & Bogeys 1.21.1\CreateDeco\.gradle\repositories\ng_dummy_ng\net\neoforged\neoforge\21.1.193\neoforge-21.1.193.jar
[30Aug2025 03:51:14.944] [main/DEBUG] [net.neoforged.fml.loading.moddiscovery.ModFileInfo/LOADING]: Found valid mod file neoforge-21.1.193.jar with {neoforge} mods - versions {21.1.193}
[30Aug2025 03:51:14.944] [main/INFO] [net.neoforged.fml.loading.moddiscovery.ModDiscoverer/SCAN]: Found mod file "neoforge-21.1.193.jar" [locator: userdev mods and services, reader: mod manifest]
[30Aug2025 03:51:14.951] [main/DEBUG] [net.neoforged.fml.loading.moddiscovery.readers.JarModsDotTomlModFileReader/SCAN]: Found META-INF/neoforge.mods.toml mod of type null: C:\Users\micha\.gradle\caches\modules-2\files-2.1\com.simibubi.create\create-1.21.1\6.0.6-98\f78dd4cfec2a3f87c3880db203e9167ce84da86\create-1.21.1-6.0.6-98.jar
[30Aug2025 03:51:14.951] [main/DEBUG] [net.neoforged.fml.loading.moddiscovery.ModFileParser/LOADING]: Considering mod file candidate C:\Users\micha\.gradle\caches\modules-2\files-2.1\com.simibubi.create\create-1.21.1\6.0.6-98\f78dd4cfec2a3f87c3880db203e9167ce84da86\create-1.21.1-6.0.6-98.jar
[30Aug2025 03:51:14.955] [main/DEBUG] [net.neoforged.fml.loading.moddiscovery.ModFileInfo/LOADING]: Found valid mod file create-1.21.1-6.0.6-98.jar with {create} mods - versions {6.0.6}
[30Aug2025 03:51:14.955] [main/INFO] [net.neoforged.fml.loading.moddiscovery.ModDiscoverer/SCAN]: Found mod file "create-1.21.1-6.0.6-98.jar" [locator: userdev mods and services, reader: mod manifest]
[30Aug2025 03:51:14.958] [main/DEBUG] [net.neoforged.fml.loading.moddiscovery.readers.JarModsDotTomlModFileReader/SCAN]: Found META-INF/neoforge.mods.toml mod of type null: C:\Users\micha\.gradle\caches\modules-2\files-2.1\net.createmod.ponder\Ponder-NeoForge-1.21.1\1.0.59\cdc698c9b96261f43253c94289c24c580b3d603\Ponder-NeoForge-1.21.1-1.0.59.jar
[30Aug2025 03:51:14.958] [main/DEBUG] [net.neoforged.fml.loading.moddiscovery.ModFileParser/LOADING]: Considering mod file candidate C:\Users\micha\.gradle\caches\modules-2\files-2.1\net.createmod.ponder\Ponder-NeoForge-1.21.1\1.0.59\cdc698c9b96261f43253c94289c24c580b3d603\Ponder-NeoForge-1.21.1-1.0.59.jar
[30Aug2025 03:51:14.959] [main/DEBUG] [net.neoforged.fml.loading.moddiscovery.ModFileInfo/LOADING]: Found valid mod file Ponder-NeoForge-1.21.1-1.0.59.jar with {ponder} mods - versions {1.0.59}
[30Aug2025 03:51:14.959] [main/INFO] [net.neoforged.fml.loading.moddiscovery.ModDiscoverer/SCAN]: Found mod file "Ponder-NeoForge-1.21.1-1.0.59.jar" [locator: userdev mods and services, reader: mod manifest]
[30Aug2025 03:51:14.962] [main/DEBUG] [net.neoforged.fml.loading.moddiscovery.readers.JarModsDotTomlModFileReader/SCAN]: Found META-INF/neoforge.mods.toml mod of type null: C:\Users\micha\.gradle\caches\modules-2\files-2.1\dev.engine-room.flywheel\flywheel-neoforge-1.21.1\1.0.4\47fe9da825b4479bbac55d6432d5932ee76f32f0\flywheel-neoforge-1.21.1-1.0.4.jar
[30Aug2025 03:51:14.962] [main/DEBUG] [net.neoforged.fml.loading.moddiscovery.ModFileParser/LOADING]: Considering mod file candidate C:\Users\micha\.gradle\caches\modules-2\files-2.1\dev.engine-room.flywheel\flywheel-neoforge-1.21.1\1.0.4\47fe9da825b4479bbac55d6432d5932ee76f32f0\flywheel-neoforge-1.21.1-1.0.4.jar
[30Aug2025 03:51:14.964] [main/DEBUG] [net.neoforged.fml.loading.moddiscovery.ModFileInfo/LOADING]: Found valid mod file flywheel-neoforge-1.21.1-1.0.4.jar with {flywheel} mods - versions {1.0.4}
[30Aug2025 03:51:14.964] [main/INFO] [net.neoforged.fml.loading.moddiscovery.ModDiscoverer/SCAN]: Found mod file "flywheel-neoforge-1.21.1-1.0.4.jar" [locator: userdev mods and services, reader: mod manifest]
[30Aug2025 03:51:14.985] [main/DEBUG] [net.neoforged.fml.loading.moddiscovery.ModDiscoverer/]: Skipping C:\Users\micha\.gradle\caches\modules-2\files-2.1\com.github.oshi\oshi-core\6.4.10\b1d8ab82d11d92fd639b56d639f8f46f739dd5fa\oshi-core-6.4.10.jar because it was already located earlier
[30Aug2025 03:51:14.985] [main/DEBUG] [net.neoforged.fml.loading.moddiscovery.ModDiscoverer/]: Skipping C:\Users\micha\.gradle\caches\modules-2\files-2.1\com.mojang\authlib\6.0.54\de8bc95660e1b2fe8793fd427a7a10dcec5b3ea7\authlib-6.0.54.jar because it was already located earlier
[30Aug2025 03:51:14.985] [main/DEBUG] [net.neoforged.fml.loading.moddiscovery.ModDiscoverer/]: Skipping C:\Users\micha\.gradle\caches\modules-2\files-2.1\com.mojang\datafixerupper\8.0.16\67d4de6d7f95d89bcf5862995fb854ebaec02a34\datafixerupper-8.0.16.jar because it was already located earlier
[30Aug2025 03:51:14.985] [main/DEBUG] [net.neoforged.fml.loading.moddiscovery.ModDiscoverer/]: Skipping C:\Users\micha\.gradle\caches\modules-2\files-2.1\net.neoforged.fancymodloader\earlydisplay\4.0.41\53dfbd387ed1b88c7d144bdb6551b7f57d5da6d7\earlydisplay-4.0.41.jar because it was already located earlier
[30Aug2025 03:51:14.985] [main/DEBUG] [net.neoforged.fml.loading.moddiscovery.ModDiscoverer/]: Skipping C:\Users\micha\.gradle\caches\modules-2\files-2.1\net.neoforged.fancymodloader\loader\4.0.41\3aebc81b9347fa87bb629ffaed20276f2a4c944e\loader-4.0.41.jar because it was already located earlier
[30Aug2025 03:51:14.985] [main/DEBUG] [net.neoforged.fml.loading.moddiscovery.ModDiscoverer/]: Skipping C:\Users\micha\.gradle\caches\modules-2\files-2.1\net.neoforged\JarJarSelector\0.4.1\fb3cc7a58af22ad2880adb98af6d518128c47dae\JarJarSelector-0.4.1.jar because it was already located earlier
[30Aug2025 03:51:14.985] [main/DEBUG] [net.neoforged.fml.loading.moddiscovery.ModDiscoverer/]: Skipping C:\Users\micha\.gradle\caches\modules-2\files-2.1\net.neoforged\JarJarMetadata\0.4.1\f8da03683dc81694556dc3e177c5e3bb77ae6fcb\JarJarMetadata-0.4.1.jar because it was already located earlier
[30Aug2025 03:51:14.985] [main/DEBUG] [net.neoforged.fml.loading.moddiscovery.ModDiscoverer/]: Skipping C:\Users\micha\.gradle\caches\modules-2\files-2.1\net.fabricmc\sponge-mixin\0.15.2+mixin.0.8.7\2af2f021d8e02a0220dc27a7a72b4666d66d44ca\sponge-mixin-0.15.2+mixin.0.8.7.jar because it was already located earlier
[30Aug2025 03:51:14.985] [main/DEBUG] [net.neoforged.fml.loading.moddiscovery.ModDiscoverer/]: Skipping C:\Users\micha\.gradle\caches\modules-2\files-2.1\com.google.code.gson\gson\2.10.1\b3add478d4382b78ea20b1671390a858002feb6c\gson-2.10.1.jar because it was already located earlier
[30Aug2025 03:51:14.985] [main/DEBUG] [net.neoforged.fml.loading.moddiscovery.ModDiscoverer/]: Skipping C:\Users\micha\.gradle\caches\modules-2\files-2.1\com.mojang\patchy\2.2.10\da05971b07cbb379d002cf7eaec6a2048211fefc\patchy-2.2.10.jar because it was already located earlier
[30Aug2025 03:51:14.985] [main/DEBUG] [net.neoforged.fml.loading.moddiscovery.ModDiscoverer/]: Skipping C:\Users\micha\.gradle\caches\modules-2\files-2.1\com.mojang\text2speech\1.17.9\3cad216e3a7f0c19b4b394388bc9ffc446f13b14\text2speech-1.17.9.jar because it was already located earlier
[30Aug2025 03:51:14.985] [main/DEBUG] [net.neoforged.fml.loading.moddiscovery.ModDiscoverer/]: Skipping C:\Users\micha\.gradle\caches\modules-2\files-2.1\com.google.guava\guava\32.1.2-jre\5e64ec7e056456bef3a4bc4c6fdaef71e8ab6318\guava-32.1.2-jre.jar because it was already located earlier
[30Aug2025 03:51:14.985] [main/DEBUG] [net.neoforged.fml.loading.moddiscovery.ModDiscoverer/]: Skipping C:\Users\micha\.gradle\caches\modules-2\files-2.1\com.google.guava\failureaccess\1.0.1\1dcf1de382a0bf95a3d8b0849546c88bac1292c9\failureaccess-1.0.1.jar because it was already located earlier
[30Aug2025 03:51:14.985] [main/DEBUG] [net.neoforged.fml.loading.moddiscovery.ModDiscoverer/]: Skipping C:\Users\micha\.gradle\caches\modules-2\files-2.1\com.ibm.icu\icu4j\73.2\61ad4ef7f9131fcf6d25c34b817f90d6da06c9e9\icu4j-73.2.jar because it was already located earlier
[30Aug2025 03:51:14.985] [main/DEBUG] [net.neoforged.fml.loading.moddiscovery.ModDiscoverer/]: Skipping C:\Users\micha\.gradle\caches\modules-2\files-2.1\com.mojang\blocklist\1.0.10\5c685c5ffa94c4cd39496c7184c1d122e515ecef\blocklist-1.0.10.jar because it was already located earlier
[30Aug2025 03:51:14.985] [main/DEBUG] [net.neoforged.fml.loading.moddiscovery.ModDiscoverer/]: Skipping C:\Users\micha\.gradle\caches\modules-2\files-2.1\com.mojang\brigadier\1.3.10\d15b53a14cf20fdcaa98f731af5dda654452c010\brigadier-1.3.10.jar because it was already located earlier
[30Aug2025 03:51:14.985] [main/DEBUG] [net.neoforged.fml.loading.moddiscovery.ModDiscoverer/]: Skipping C:\Users\micha\.gradle\caches\modules-2\files-2.1\com.mojang\logging\1.2.7\24cb95ffb0e3433fd6e844c04e68009e504ca1c0\logging-1.2.7.jar because it was already located earlier
[30Aug2025 03:51:14.985] [main/DEBUG] [net.neoforged.fml.loading.moddiscovery.ModDiscoverer/]: Skipping C:\Users\micha\.gradle\caches\modules-2\files-2.1\org.apache.httpcomponents\httpclient\4.5.13\e5f6cae5ca7ecaac1ec2827a9e2d65ae2869cada\httpclient-4.5.13.jar because it was already located earlier
[30Aug2025 03:51:14.985] [main/DEBUG] [net.neoforged.fml.loading.moddiscovery.ModDiscoverer/]: Skipping C:\Users\micha\.gradle\caches\modules-2\files-2.1\commons-codec\commons-codec\1.16.0\4e3eb3d79888d76b54e28b350915b5dc3919c9de\commons-codec-1.16.0.jar because it was already located earlier
[30Aug2025 03:51:14.985] [main/DEBUG] [net.neoforged.fml.loading.moddiscovery.ModDiscoverer/]: Skipping C:\Users\micha\.gradle\caches\modules-2\files-2.1\org.apache.commons\commons-compress\1.26.0\659feffdd12280201c8aacb8f7be94f9a883c824\commons-compress-1.26.0.jar because it was already located earlier
[30Aug2025 03:51:14.985] [main/DEBUG] [net.neoforged.fml.loading.moddiscovery.ModDiscoverer/]: Skipping C:\Users\micha\.gradle\caches\modules-2\files-2.1\commons-io\commons-io\2.15.1\f11560da189ab563a5c8e351941415430e9304ea\commons-io-2.15.1.jar because it was already located earlier
[30Aug2025 03:51:14.985] [main/DEBUG] [net.neoforged.fml.loading.moddiscovery.ModDiscoverer/]: Skipping C:\Users\micha\.gradle\caches\modules-2\files-2.1\commons-logging\commons-logging\1.2\4bfc12adfe4842bf07b657f0369c4cb522955686\commons-logging-1.2.jar because it was already located earlier
[30Aug2025 03:51:14.985] [main/DEBUG] [net.neoforged.fml.loading.moddiscovery.ModDiscoverer/]: Skipping C:\Users\micha\.gradle\caches\modules-2\files-2.1\io.netty\netty-handler\4.1.97.Final\abb86c6906bf512bf2b797a41cd7d2e8d3cd7c36\netty-handler-4.1.97.Final.jar because it was already located earlier
[30Aug2025 03:51:14.985] [main/DEBUG] [net.neoforged.fml.loading.moddiscovery.ModDiscoverer/]: Skipping C:\Users\micha\.gradle\caches\modules-2\files-2.1\io.netty\netty-codec\4.1.97.Final\384ba4d75670befbedb45c4d3b497a93639c206d\netty-codec-4.1.97.Final.jar because it was already located earlier
[30Aug2025 03:51:14.985] [main/DEBUG] [net.neoforged.fml.loading.moddiscovery.ModDiscoverer/]: Skipping C:\Users\micha\.gradle\caches\modules-2\files-2.1\io.netty\netty-transport-classes-epoll\4.1.97.Final\795da37ded759e862457a82d9d92c4d39ce8ecee\netty-transport-classes-epoll-4.1.97.Final.jar because it was already located earlier
[30Aug2025 03:51:14.985] [main/DEBUG] [net.neoforged.fml.loading.moddiscovery.ModDiscoverer/]: Skipping C:\Users\micha\.gradle\caches\modules-2\files-2.1\io.netty\netty-transport-native-unix-common\4.1.97.Final\d469d84265ab70095b01b40886cabdd433b6e664\netty-transport-native-unix-common-4.1.97.Final.jar because it was already located earlier
[30Aug2025 03:51:14.985] [main/DEBUG] [net.neoforged.fml.loading.moddiscovery.ModDiscoverer/]: Skipping C:\Users\micha\.gradle\caches\modules-2\files-2.1\io.netty\netty-transport\4.1.97.Final\f37380d23c9bb079bc702910833b2fd532c9abd0\netty-transport-4.1.97.Final.jar because it was already located earlier
[30Aug2025 03:51:14.985] [main/DEBUG] [net.neoforged.fml.loading.moddiscovery.ModDiscoverer/]: Skipping C:\Users\micha\.gradle\caches\modules-2\files-2.1\io.netty\netty-buffer\4.1.97.Final\f8f3d8644afa5e6e1a40a3a6aeb9d9aa970ecb4f\netty-buffer-4.1.97.Final.jar because it was already located earlier
[30Aug2025 03:51:14.985] [main/DEBUG] [net.neoforged.fml.loading.moddiscovery.ModDiscoverer/]: Skipping C:\Users\micha\.gradle\caches\modules-2\files-2.1\io.netty\netty-resolver\4.1.97.Final\cec8348108dc76c47cf87c669d514be52c922144\netty-resolver-4.1.97.Final.jar because it was already located earlier
[30Aug2025 03:51:14.985] [main/DEBUG] [net.neoforged.fml.loading.moddiscovery.ModDiscoverer/]: Skipping C:\Users\micha\.gradle\caches\modules-2\files-2.1\io.netty\netty-common\4.1.97.Final\7cceacaf11df8dc63f23d0fb58e9d4640fc88404\netty-common-4.1.97.Final.jar because it was already located earlier
[30Aug2025 03:51:14.985] [main/DEBUG] [net.neoforged.fml.loading.moddiscovery.ModDiscoverer/]: Skipping C:\Users\micha\.gradle\caches\modules-2\files-2.1\it.unimi.dsi\fastutil\8.5.12\c24946d46824bd528054bface3231d2ecb7e95e8\fastutil-8.5.12.jar because it was already located earlier
[30Aug2025 03:51:14.985] [main/DEBUG] [net.neoforged.fml.loading.moddiscovery.ModDiscoverer/]: Skipping C:\Users\micha\.gradle\caches\modules-2\files-2.1\net.java.dev.jna\jna-platform\5.14.0\28934d48aed814f11e4c584da55c49fa7032b31b\jna-platform-5.14.0.jar because it was already located earlier
[30Aug2025 03:51:14.985] [main/DEBUG] [net.neoforged.fml.loading.moddiscovery.ModDiscoverer/]: Skipping C:\Users\micha\.gradle\caches\modules-2\files-2.1\ca.weblite\java-objc-bridge\1.1\1227f9e0666314f9de41477e3ec277e542ed7f7b\java-objc-bridge-1.1.jar because it was already located earlier
[30Aug2025 03:51:14.985] [main/DEBUG] [net.neoforged.fml.loading.moddiscovery.ModDiscoverer/]: Skipping C:\Users\micha\.gradle\caches\modules-2\files-2.1\net.java.dev.jna\jna\5.14.0\67bf3eaea4f0718cb376a181a629e5f88fa1c9dd\jna-5.14.0.jar because it was already located earlier
[30Aug2025 03:51:14.987] [main/DEBUG] [net.neoforged.fml.loading.moddiscovery.ModDiscoverer/]: Skipping C:\Users\micha\.gradle\caches\modules-2\files-2.1\net.neoforged\mergetool\2.0.3\1275202cbbb248f49345cf6787ce299afd9a02fb\mergetool-2.0.3-api.jar because it was already located earlier
[30Aug2025 03:51:14.987] [main/DEBUG] [net.neoforged.fml.loading.moddiscovery.ModDiscoverer/]: Skipping C:\Users\micha\.gradle\caches\modules-2\files-2.1\net.neoforged.accesstransformers\at-modlauncher\10.0.1\5aba50202aceead086bc09fbc2751c9f05cb4890\at-modlauncher-10.0.1.jar because it was already located earlier
[30Aug2025 03:51:14.987] [main/DEBUG] [net.neoforged.fml.loading.moddiscovery.ModDiscoverer/]: Skipping C:\Users\micha\.gradle\caches\modules-2\files-2.1\net.neoforged\coremods\7.0.3\9147e6f638b4272b3bd5fc8f92ad37802512c6c\coremods-7.0.3.jar because it was already located earlier
[30Aug2025 03:51:14.987] [main/DEBUG] [net.neoforged.fml.loading.moddiscovery.ModDiscoverer/]: Skipping C:\Users\micha\.gradle\caches\modules-2\files-2.1\cpw.mods\modlauncher\11.0.5\b8f0d49294f733fdb6173931b263553e943dc950\modlauncher-11.0.5.jar because it was already located earlier
[30Aug2025 03:51:14.987] [main/DEBUG] [net.neoforged.fml.loading.moddiscovery.ModDiscoverer/]: Skipping C:\Users\micha\.gradle\caches\modules-2\files-2.1\net.sf.jopt-simple\jopt-simple\5.0.4\4fdac2fbe92dfad86aa6e9301736f6b4342a3f5c\jopt-simple-5.0.4.jar because it was already located earlier
[30Aug2025 03:51:14.987] [main/DEBUG] [net.neoforged.fml.loading.moddiscovery.ModDiscoverer/]: Skipping C:\Users\micha\.gradle\caches\modules-2\files-2.1\org.apache.maven\maven-artifact\3.8.5\4433f50c07debefaed0553bd0068f4f48d449313\maven-artifact-3.8.5.jar because it was already located earlier
[30Aug2025 03:51:14.987] [main/DEBUG] [net.neoforged.fml.loading.moddiscovery.ModDiscoverer/]: Skipping C:\Users\micha\.gradle\caches\modules-2\files-2.1\org.apache.commons\commons-lang3\3.14.0\1ed471194b02f2c6cb734a0cd6f6f107c673afae\commons-lang3-3.14.0.jar because it was already located earlier
[30Aug2025 03:51:14.987] [main/DEBUG] [net.neoforged.fml.loading.moddiscovery.ModDiscoverer/]: Skipping C:\Users\micha\.gradle\caches\modules-2\files-2.1\org.apache.httpcomponents\httpcore\4.4.16\51cf043c87253c9f58b539c9f7e44c8894223850\httpcore-4.4.16.jar because it was already located earlier
[30Aug2025 03:51:14.987] [main/DEBUG] [net.neoforged.fml.loading.moddiscovery.ModDiscoverer/]: Skipping C:\Users\micha\.gradle\caches\modules-2\files-2.1\org.apache.logging.log4j\log4j-slf4j2-impl\2.22.1\d7e6693c2606cb7e7335047d7bb96dec52db5665\log4j-slf4j2-impl-2.22.1.jar because it was already located earlier
[30Aug2025 03:51:14.987] [main/DEBUG] [net.neoforged.fml.loading.moddiscovery.ModDiscoverer/]: Skipping C:\Users\micha\.gradle\caches\modules-2\files-2.1\net.minecrell\terminalconsoleappender\1.3.0\b562e9bb61235c9520e26282cdee71f8f802d1fc\terminalconsoleappender-1.3.0.jar because it was already located earlier
[30Aug2025 03:51:14.987] [main/DEBUG] [net.neoforged.fml.loading.moddiscovery.ModDiscoverer/]: Skipping C:\Users\micha\.gradle\caches\modules-2\files-2.1\org.apache.logging.log4j\log4j-core\2.22.1\7183a25510a02ad00cc6a95d3b3d2a7d3c5a8dc4\log4j-core-2.22.1.jar because it was already located earlier
[30Aug2025 03:51:14.987] [main/DEBUG] [net.neoforged.fml.loading.moddiscovery.ModDiscoverer/]: Skipping C:\Users\micha\.gradle\caches\modules-2\files-2.1\net.neoforged\bus\8.0.5\5b2d33285ab5d1554e9798ad98c40d6ea3868bd5\bus-8.0.5.jar because it was already located earlier
[30Aug2025 03:51:14.987] [main/DEBUG] [net.neoforged.fml.loading.moddiscovery.ModDiscoverer/]: Skipping C:\Users\micha\.gradle\caches\modules-2\files-2.1\org.apache.logging.log4j\log4j-api\2.22.1\bea6fede6328fabafd7e68363161a7ea6605abd1\log4j-api-2.22.1.jar because it was already located earlier
[30Aug2025 03:51:14.987] [main/DEBUG] [net.neoforged.fml.loading.moddiscovery.ModDiscoverer/]: Skipping C:\Users\micha\.gradle\caches\modules-2\files-2.1\org.jcraft\jorbis\0.0.17\8872d22b293e8f5d7d56ff92be966e6dc28ebdc6\jorbis-0.0.17.jar because it was already located earlier
[30Aug2025 03:51:14.987] [main/DEBUG] [net.neoforged.fml.loading.moddiscovery.ModDiscoverer/]: Skipping C:\Users\micha\.gradle\caches\modules-2\files-2.1\org.joml\joml\1.10.5\22566d58af70ad3d72308bab63b8339906deb649\joml-1.10.5.jar because it was already located earlier
[30Aug2025 03:51:14.987] [main/DEBUG] [net.neoforged.fml.loading.moddiscovery.ModDiscoverer/]: Skipping C:\Users\micha\.gradle\caches\modules-2\files-2.1\org.lwjgl\lwjgl-freetype\3.3.3\a0db6c84a8becc8ca05f9dbfa985edc348a824c7\lwjgl-freetype-3.3.3.jar because it was already located earlier
[30Aug2025 03:51:14.991] [main/DEBUG] [net.neoforged.fml.loading.moddiscovery.ModDiscoverer/]: Skipping C:\Users\micha\.gradle\caches\modules-2\files-2.1\org.lwjgl\lwjgl-freetype\3.3.3\15a8c1de7f51d07a92eae7ce1222557073a0c0c3\lwjgl-freetype-3.3.3-natives-windows-x86.jar because it was already located earlier
[30Aug2025 03:51:14.991] [main/DEBUG] [net.neoforged.fml.loading.moddiscovery.ModDiscoverer/]: Skipping C:\Users\micha\.gradle\caches\modules-2\files-2.1\org.lwjgl\lwjgl-glfw\3.3.3\efa1eb78c5ccd840e9f329717109b5e892d72f8e\lwjgl-glfw-3.3.3.jar because it was already located earlier
[30Aug2025 03:51:14.996] [main/DEBUG] [net.neoforged.fml.loading.moddiscovery.ModDiscoverer/]: Skipping C:\Users\micha\.gradle\caches\modules-2\files-2.1\org.lwjgl\lwjgl-glfw\3.3.3\32334f3fd5270a59bad9939a93115acb6de36dcf\lwjgl-glfw-3.3.3-natives-windows-x86.jar because it was already located earlier
[30Aug2025 03:51:14.996] [main/DEBUG] [net.neoforged.fml.loading.moddiscovery.ModDiscoverer/]: Skipping C:\Users\micha\.gradle\caches\modules-2\files-2.1\org.lwjgl\lwjgl-jemalloc\3.3.3\b543467b7ff3c6920539a88ee602d34098628be5\lwjgl-jemalloc-3.3.3.jar because it was already located earlier
[30Aug2025 03:51:14.996] [main/DEBUG] [net.neoforged.fml.loading.moddiscovery.ModDiscoverer/]: Skipping C:\Users\micha\.gradle\caches\modules-2\files-2.1\org.lwjgl\lwjgl-jemalloc\3.3.3\426222fc027602a5f21b9c0fe79cde6a4c7a011f\lwjgl-jemalloc-3.3.3-natives-windows.jar because it was already located earlier
[30Aug2025 03:51:14.999] [main/DEBUG] [net.neoforged.fml.loading.moddiscovery.ModDiscoverer/]: Skipping C:\Users\micha\.gradle\caches\modules-2\files-2.1\org.lwjgl\lwjgl-openal\3.3.3\daada81ceb5fc0c291fbfdd4433cb8d9423577f2\lwjgl-openal-3.3.3.jar because it was already located earlier
[30Aug2025 03:51:15.005] [main/DEBUG] [net.neoforged.fml.loading.moddiscovery.ModDiscoverer/]: Skipping C:\Users\micha\.gradle\caches\modules-2\files-2.1\org.lwjgl\lwjgl-openal\3.3.3\87b8d5050e3adb46bb58fe1cb2669a4a48fce10d\lwjgl-openal-3.3.3-natives-windows-x86.jar because it was already located earlier
[30Aug2025 03:51:15.005] [main/DEBUG] [net.neoforged.fml.loading.moddiscovery.ModDiscoverer/]: Skipping C:\Users\micha\.gradle\caches\modules-2\files-2.1\org.lwjgl\lwjgl-opengl\3.3.3\2f6b0147078396a58979125a4c947664e98293a\lwjgl-opengl-3.3.3.jar because it was already located earlier
[30Aug2025 03:51:15.008] [main/DEBUG] [net.neoforged.fml.loading.moddiscovery.ModDiscoverer/]: Skipping C:\Users\micha\.gradle\caches\modules-2\files-2.1\org.lwjgl\lwjgl-opengl\3.3.3\65e956d3735a1abdc82eff4baec1b61174697d4b\lwjgl-opengl-3.3.3-natives-windows-arm64.jar because it was already located earlier
[30Aug2025 03:51:15.009] [main/DEBUG] [net.neoforged.fml.loading.moddiscovery.ModDiscoverer/]: Skipping C:\Users\micha\.gradle\caches\modules-2\files-2.1\org.lwjgl\lwjgl-stb\3.3.3\25dd6161988d7e65f71d5065c99902402ee32746\lwjgl-stb-3.3.3.jar because it was already located earlier
[30Aug2025 03:51:15.011] [main/DEBUG] [net.neoforged.fml.loading.moddiscovery.ModDiscoverer/]: Skipping C:\Users\micha\.gradle\caches\modules-2\files-2.1\org.lwjgl\lwjgl-stb\3.3.3\1d9facdf6541de114b0f963be33505b7679c78cb\lwjgl-stb-3.3.3-natives-windows.jar because it was already located earlier
[30Aug2025 03:51:15.015] [main/DEBUG] [net.neoforged.fml.loading.moddiscovery.ModDiscoverer/]: Skipping C:\Users\micha\.gradle\caches\modules-2\files-2.1\org.lwjgl\lwjgl-tinyfd\3.3.3\82d755ca94b102e9ca77283b9e2dc46d1b15fbe5\lwjgl-tinyfd-3.3.3.jar because it was already located earlier
[30Aug2025 03:51:15.015] [main/DEBUG] [net.neoforged.fml.loading.moddiscovery.ModDiscoverer/]: Skipping C:\Users\micha\.gradle\caches\modules-2\files-2.1\org.lwjgl\lwjgl-tinyfd\3.3.3\a6697981b0449a5087c1d546fc08b4f73e8f98c9\lwjgl-tinyfd-3.3.3-natives-windows.jar because it was already located earlier
[30Aug2025 03:51:15.018] [main/DEBUG] [net.neoforged.fml.loading.moddiscovery.ModDiscoverer/]: Skipping C:\Users\micha\.gradle\caches\modules-2\files-2.1\org.lwjgl\lwjgl\3.3.3\29589b5f87ed335a6c7e7ee6a5775f81f97ecb84\lwjgl-3.3.3.jar because it was already located earlier
[30Aug2025 03:51:15.023] [main/DEBUG] [net.neoforged.fml.loading.moddiscovery.ModDiscoverer/]: Skipping C:\Users\micha\.gradle\caches\modules-2\files-2.1\org.lwjgl\lwjgl\3.3.3\9e670718e050aeaeea0c2d5b907cffb142f2e58f\lwjgl-3.3.3-natives-windows-x86.jar because it was already located earlier
[30Aug2025 03:51:15.023] [main/DEBUG] [net.neoforged.fml.loading.moddiscovery.ModDiscoverer/]: Skipping C:\Users\micha\.gradle\caches\modules-2\files-2.1\org.lz4\lz4-java\1.8.0\4b986a99445e49ea5fbf5d149c4b63f6ed6c6780\lz4-java-1.8.0.jar because it was already located earlier
[30Aug2025 03:51:15.023] [main/DEBUG] [net.neoforged.fml.loading.moddiscovery.ModDiscoverer/]: Skipping C:\Users\micha\.gradle\caches\modules-2\files-2.1\net.neoforged\accesstransformers\10.0.1\fd83b5725f76eae9115e9355fa1c456a6a441400\accesstransformers-10.0.1.jar because it was already located earlier
[30Aug2025 03:51:15.023] [main/DEBUG] [net.neoforged.fml.loading.moddiscovery.ModDiscoverer/]: Skipping C:\Users\micha\.gradle\caches\modules-2\files-2.1\com.machinezoo.noexception\noexception\1.7.1\b65330c98e38a1f915fa54a6e5eca496505e3f0a\noexception-1.7.1.jar because it was already located earlier
[30Aug2025 03:51:15.023] [main/DEBUG] [net.neoforged.fml.loading.moddiscovery.ModDiscoverer/]: Skipping C:\Users\micha\.gradle\caches\modules-2\files-2.1\org.slf4j\slf4j-api\2.0.9\7cf2726fdcfbc8610f9a71fb3ed639871f315340\slf4j-api-2.0.9.jar because it was already located earlier
[30Aug2025 03:51:15.023] [main/DEBUG] [net.neoforged.fml.loading.moddiscovery.ModDiscoverer/]: Skipping C:\Users\micha\.gradle\caches\modules-2\files-2.1\com.google.code.findbugs\jsr305\3.0.2\25ea2e8b0c338a877313bd4672d3fe056ea78f0d\jsr305-3.0.2.jar because it was already located earlier
[30Aug2025 03:51:15.023] [main/DEBUG] [net.neoforged.fml.loading.moddiscovery.ModDiscoverer/]: Skipping C:\Users\micha\.gradle\caches\modules-2\files-2.1\org.jetbrains\annotations\24.1.0\7af6a669488450c4a07c2c3254e2151df42d7d04\annotations-24.1.0.jar because it was already located earlier
[30Aug2025 03:51:15.023] [main/DEBUG] [net.neoforged.fml.loading.moddiscovery.ModDiscoverer/]: Skipping C:\Users\micha\.gradle\caches\modules-2\files-2.1\com.electronwill.night-config\toml\3.8.2\c128842f759692f613ea6c3ef0ef052273bbb38c\toml-3.8.2.jar because it was already located earlier
[30Aug2025 03:51:15.023] [main/DEBUG] [net.neoforged.fml.loading.moddiscovery.ModDiscoverer/]: Skipping C:\Users\micha\.gradle\caches\modules-2\files-2.1\com.electronwill.night-config\core\3.8.2\94eee571e1524129804d08c75f6416a3be380ad4\core-3.8.2.jar because it was already located earlier
[30Aug2025 03:51:15.023] [main/DEBUG] [net.neoforged.fml.loading.moddiscovery.ModDiscoverer/]: Skipping C:\Users\micha\.gradle\caches\modules-2\files-2.1\net.jodah\typetools\0.6.3\a01aaa6ddaea9ec07ec4f209487b7a46a526283a\typetools-0.6.3.jar because it was already located earlier
[30Aug2025 03:51:15.024] [main/DEBUG] [net.neoforged.fml.loading.moddiscovery.ModDiscoverer/]: Skipping C:\Users\micha\.gradle\caches\modules-2\files-2.1\org.openjdk.nashorn\nashorn-core\15.4\f67f5ffaa5f5130cf6fb9b133da00c7df3b532a5\nashorn-core-15.4.jar because it was already located earlier
[30Aug2025 03:51:15.027] [main/DEBUG] [net.neoforged.fml.loading.moddiscovery.readers.JarModsDotTomlModFileReader/SCAN]: Found META-INF/MANIFEST.MF mod of type GAMELIBRARY: C:\Users\micha\.gradle\caches\modules-2\files-2.1\io.github.llamalad7\mixinextras-neoforge\0.4.1\eff97772ecd0dcf8e52cdbafd3b3ccec425f8314\mixinextras-neoforge-0.4.1.jar
[30Aug2025 03:51:15.029] [main/INFO] [net.neoforged.fml.loading.moddiscovery.ModDiscoverer/SCAN]: Found gamelibrary file "mixinextras-neoforge-0.4.1.jar" [locator: userdev mods and services, reader: mod manifest]
[30Aug2025 03:51:15.029] [main/DEBUG] [net.neoforged.fml.loading.moddiscovery.ModDiscoverer/]: Skipping C:\Users\micha\.gradle\caches\modules-2\files-2.1\org.antlr\antlr4-runtime\4.13.1\17125bae1d965624e265ef49552f6465a2bfa307\antlr4-runtime-4.13.1.jar because it was already located earlier
[30Aug2025 03:51:15.029] [main/DEBUG] [net.neoforged.fml.loading.moddiscovery.ModDiscoverer/]: Skipping C:\Users\micha\.gradle\caches\modules-2\files-2.1\org.jline\jline-reader\3.20.0\8f15415b022a25b473e8e16c28ae913186ffb9c4\jline-reader-3.20.0.jar because it was already located earlier
[30Aug2025 03:51:15.029] [main/DEBUG] [net.neoforged.fml.loading.moddiscovery.ModDiscoverer/]: Skipping C:\Users\micha\.gradle\caches\modules-2\files-2.1\org.jline\jline-terminal\3.20.0\d0ddcc708ddf527a3454c941b7b9225cc83a15ff\jline-terminal-3.20.0.jar because it was already located earlier
[30Aug2025 03:51:15.029] [main/DEBUG] [net.neoforged.fml.loading.moddiscovery.ModDiscoverer/]: Skipping C:\Users\micha\.gradle\caches\modules-2\files-2.1\net.minecraftforge\srgutils\0.4.15\ca408b131759478f164e010fae0d73997e125fb5\srgutils-0.4.15.jar because it was already located earlier
[30Aug2025 03:51:15.029] [main/DEBUG] [net.neoforged.fml.loading.moddiscovery.ModDiscoverer/]: Skipping C:\Users\micha\.gradle\caches\modules-2\files-2.1\com.google.guava\listenablefuture\9999.0-empty-to-avoid-conflict-with-guava\b421526c5f297295adef1c886e5246c39d4ac629\listenablefuture-9999.0-empty-to-avoid-conflict-with-guava.jar because it was already located earlier
[30Aug2025 03:51:15.029] [main/DEBUG] [net.neoforged.fml.loading.moddiscovery.ModDiscoverer/]: Skipping C:\Users\micha\.gradle\caches\modules-2\files-2.1\org.checkerframework\checker-qual\3.33.0\de2b60b62da487644fc11f734e73c8b0b431238f\checker-qual-3.33.0.jar because it was already located earlier
[30Aug2025 03:51:15.029] [main/DEBUG] [net.neoforged.fml.loading.moddiscovery.ModDiscoverer/]: Skipping C:\Users\micha\.gradle\caches\modules-2\files-2.1\com.google.errorprone\error_prone_annotations\2.18.0\89b684257096f548fa39a7df9fdaa409d4d4df91\error_prone_annotations-2.18.0.jar because it was already located earlier
[30Aug2025 03:51:15.029] [main/DEBUG] [net.neoforged.fml.loading.moddiscovery.ModDiscoverer/]: Skipping C:\Users\micha\.gradle\caches\modules-2\files-2.1\com.google.j2objc\j2objc-annotations\2.8\c85270e307e7b822f1086b93689124b89768e273\j2objc-annotations-2.8.jar because it was already located earlier
[30Aug2025 03:51:15.029] [main/DEBUG] [net.neoforged.fml.loading.moddiscovery.ModDiscoverer/]: Skipping C:\Users\micha\.gradle\caches\modules-2\files-2.1\org.codehaus.plexus\plexus-utils\3.3.0\cf43b5391de623b36fe066a21127baef82c64022\plexus-utils-3.3.0.jar because it was already located earlier
[30Aug2025 03:51:15.029] [main/DEBUG] [net.neoforged.fml.loading.moddiscovery.ModDiscoverer/]: Skipping C:\Users\micha\Documents\Blocks & Bogeys 1.21.1\CreateDeco\.gradle\repositories\ng_dummy_ng\net\minecraft\client\1.21.1\client-1.21.1-client-extra.jar because it was already located earlier
[30Aug2025 03:51:15.029] [main/DEBUG] [net.neoforged.fml.loading.moddiscovery.ModDiscoverer/SCAN]: Locator userdev mods and services found 6 mods, 0 warnings, 0 errors and skipped 85 candidates
[30Aug2025 03:51:15.030] [main/DEBUG] [net.neoforged.fml.loading.UniqueModListBuilder/]: Found 2 mods for first modid neoforge, selecting most recent based on version data
[30Aug2025 03:51:15.032] [main/DEBUG] [net.neoforged.fml.loading.UniqueModListBuilder/]: Selected file neoforge-21.1.193.jar for modid neoforge with version 21.1.193
[30Aug2025 03:51:15.045] [main/DEBUG] [net.neoforged.fml.loading.moddiscovery.ModDiscoverer/SCAN]: Successfully Loaded 7 mods. Attempting to load dependencies...
[30Aug2025 03:51:15.047] [main/DEBUG] [net.neoforged.fml.loading.moddiscovery.ModDiscoverer/SCAN]: Trying locator jarinjar
[30Aug2025 03:51:15.048] [main/TRACE] [net.neoforged.fml.loading.moddiscovery.locators.JarInJarDependencyLocator/]: Failed to load resource META-INF\jarjar\metadata.json from neoforge-21.1.193.jar, it does not contain dependency information.
[30Aug2025 03:51:15.050] [main/TRACE] [net.neoforged.fml.loading.moddiscovery.locators.JarInJarDependencyLocator/]: Failed to load resource META-INF\jarjar\metadata.json from mixinextras-neoforge-0.4.1.jar, it does not contain dependency information.
[30Aug2025 03:51:15.050] [main/TRACE] [net.neoforged.fml.loading.moddiscovery.locators.JarInJarDependencyLocator/]: Failed to load resource META-INF\jarjar\metadata.json from flywheel-neoforge-1.21.1-1.0.4.jar, it does not contain dependency information.
[30Aug2025 03:51:15.050] [main/TRACE] [net.neoforged.fml.loading.moddiscovery.locators.JarInJarDependencyLocator/]: Failed to load resource META-INF\jarjar\metadata.json from main, it does not contain dependency information.
[30Aug2025 03:51:15.050] [main/TRACE] [net.neoforged.fml.loading.moddiscovery.locators.JarInJarDependencyLocator/]: Failed to load resource META-INF\jarjar\metadata.json from Ponder-NeoForge-1.21.1-1.0.59.jar, it does not contain dependency information.
[30Aug2025 03:51:15.102] [main/DEBUG] [net.neoforged.fml.loading.moddiscovery.readers.JarModsDotTomlModFileReader/SCAN]: Found META-INF/MANIFEST.MF mod of type GAMELIBRARY: 
[30Aug2025 03:51:15.110] [main/DEBUG] [net.neoforged.fml.loading.moddiscovery.readers.JarModsDotTomlModFileReader/SCAN]: Found META-INF/neoforge.mods.toml mod of type null: 
[30Aug2025 03:51:15.110] [main/DEBUG] [net.neoforged.fml.loading.moddiscovery.ModFileParser/LOADING]: Considering mod file candidate 
[30Aug2025 03:51:15.113] [main/DEBUG] [net.neoforged.fml.loading.moddiscovery.ModFileInfo/LOADING]: Found valid mod file flywheel-neoforge-1.21.1-1.0.4.jar with {flywheel} mods - versions {1.0.4}
[30Aug2025 03:51:15.122] [main/DEBUG] [net.neoforged.fml.loading.moddiscovery.readers.JarModsDotTomlModFileReader/SCAN]: Found META-INF/neoforge.mods.toml mod of type null: 
[30Aug2025 03:51:15.122] [main/DEBUG] [net.neoforged.fml.loading.moddiscovery.ModFileParser/LOADING]: Considering mod file candidate 
[30Aug2025 03:51:15.123] [main/DEBUG] [net.neoforged.fml.loading.moddiscovery.ModFileInfo/LOADING]: Found valid mod file Ponder-NeoForge-1.21.1-1.0.56.jar with {ponder} mods - versions {1.0.56}
[30Aug2025 03:51:15.126] [main/DEBUG] [net.neoforged.fml.loading.moddiscovery.readers.JarModsDotTomlModFileReader/SCAN]: Found META-INF/MANIFEST.MF mod of type GAMELIBRARY: 
[30Aug2025 03:51:15.128] [main/DEBUG] [net.neoforged.fml.loading.moddiscovery.readers.JarModsDotTomlModFileReader/SCAN]: Found META-INF/MANIFEST.MF mod of type LIBRARY: 
[30Aug2025 03:51:15.128] [main/TRACE] [net.neoforged.fml.loading.moddiscovery.locators.JarInJarDependencyLocator/]: Failed to load resource META-INF\jarjar\metadata.json from Registrate-MC1.21-1.3.0+62.jar, it does not contain dependency information.
[30Aug2025 03:51:15.128] [main/TRACE] [net.neoforged.fml.loading.moddiscovery.locators.JarInJarDependencyLocator/]: Failed to load resource META-INF\jarjar\metadata.json from flywheel-neoforge-1.21.1-1.0.4.jar, it does not contain dependency information.
[30Aug2025 03:51:15.128] [main/TRACE] [net.neoforged.fml.loading.moddiscovery.locators.JarInJarDependencyLocator/]: Failed to load resource META-INF\jarjar\metadata.json from Ponder-NeoForge-1.21.1-1.0.56.jar, it does not contain dependency information.
[30Aug2025 03:51:15.128] [main/TRACE] [net.neoforged.fml.loading.moddiscovery.locators.JarInJarDependencyLocator/]: Failed to load resource META-INF\jarjar\metadata.json from mixinextras-neoforge-0.4.1.jar, it does not contain dependency information.
[30Aug2025 03:51:15.128] [main/TRACE] [net.neoforged.fml.loading.moddiscovery.locators.JarInJarDependencyLocator/]: Failed to load resource META-INF\jarjar\metadata.json from net.neoforged.neoforge-coremods-21.1.193.jar, it does not contain dependency information.
[30Aug2025 03:51:15.151] [main/DEBUG] [net.neoforged.fml.loading.moddiscovery.readers.JarModsDotTomlModFileReader/SCAN]: Found META-INF/MANIFEST.MF mod of type GAMELIBRARY: 
[30Aug2025 03:51:15.157] [main/DEBUG] [net.neoforged.fml.loading.moddiscovery.readers.JarModsDotTomlModFileReader/SCAN]: Found META-INF/neoforge.mods.toml mod of type null: 
[30Aug2025 03:51:15.157] [main/DEBUG] [net.neoforged.fml.loading.moddiscovery.ModFileParser/LOADING]: Considering mod file candidate 
[30Aug2025 03:51:15.158] [main/DEBUG] [net.neoforged.fml.loading.moddiscovery.ModFileInfo/LOADING]: Found valid mod file flywheel-neoforge-1.21.1-1.0.4.jar with {flywheel} mods - versions {1.0.4}
[30Aug2025 03:51:15.166] [main/DEBUG] [net.neoforged.fml.loading.moddiscovery.readers.JarModsDotTomlModFileReader/SCAN]: Found META-INF/neoforge.mods.toml mod of type null: 
[30Aug2025 03:51:15.166] [main/DEBUG] [net.neoforged.fml.loading.moddiscovery.ModFileParser/LOADING]: Considering mod file candidate 
[30Aug2025 03:51:15.167] [main/DEBUG] [net.neoforged.fml.loading.moddiscovery.ModFileInfo/LOADING]: Found valid mod file Ponder-NeoForge-1.21.1-1.0.56.jar with {ponder} mods - versions {1.0.56}
[30Aug2025 03:51:15.167] [main/DEBUG] [net.neoforged.fml.loading.moddiscovery.readers.JarModsDotTomlModFileReader/SCAN]: Found META-INF/MANIFEST.MF mod of type LIBRARY: 
[30Aug2025 03:51:15.169] [main/DEBUG] [net.neoforged.fml.loading.moddiscovery.readers.JarModsDotTomlModFileReader/SCAN]: Found META-INF/MANIFEST.MF mod of type GAMELIBRARY: 
[30Aug2025 03:51:15.170] [main/WARN] [net.neoforged.jarjar.selection.JarSelector/]: Attempted to select a dependency jar for JarJar which was passed in as source: library:mixinextras.neoforge. Using Mod File: C:\Users\micha\.gradle\caches\modules-2\files-2.1\io.github.llamalad7\mixinextras-neoforge\0.4.1\eff97772ecd0dcf8e52cdbafd3b3ccec425f8314\mixinextras-neoforge-0.4.1.jar
[30Aug2025 03:51:15.172] [main/WARN] [net.neoforged.jarjar.selection.JarSelector/]: Attempted to select a dependency jar for JarJar which was passed in as source: flywheel. Using Mod File: C:\Users\micha\.gradle\caches\modules-2\files-2.1\dev.engine-room.flywheel\flywheel-neoforge-1.21.1\1.0.4\47fe9da825b4479bbac55d6432d5932ee76f32f0\flywheel-neoforge-1.21.1-1.0.4.jar
[30Aug2025 03:51:15.172] [main/WARN] [net.neoforged.jarjar.selection.JarSelector/]: Attempted to select a dependency jar for JarJar which was passed in as source: ponder. Using Mod File: C:\Users\micha\.gradle\caches\modules-2\files-2.1\net.createmod.ponder\Ponder-NeoForge-1.21.1\1.0.59\cdc698c9b96261f43253c94289c24c580b3d603\Ponder-NeoForge-1.21.1-1.0.59.jar
[30Aug2025 03:51:15.172] [main/INFO] [net.neoforged.fml.loading.moddiscovery.locators.JarInJarDependencyLocator/]: Found 2 dependencies adding them to mods collection
[30Aug2025 03:51:15.172] [main/INFO] [net.neoforged.fml.loading.moddiscovery.ModDiscoverer/SCAN]: Found library file "net.neoforged.neoforge-coremods-21.1.193.jar" [parent: neoforge-21.1.193.jar, locator: jarinjar, reader: mod manifest]
[30Aug2025 03:51:15.172] [main/INFO] [net.neoforged.fml.loading.moddiscovery.ModDiscoverer/SCAN]: Found gamelibrary file "Registrate-MC1.21-1.3.0+62.jar" [parent: create-1.21.1-6.0.6-98.jar, locator: jarinjar, reader: mod manifest]
[30Aug2025 03:51:15.174] [main/INFO] [net.neoforged.fml.loading.moddiscovery.ModDiscoverer/]: 
     Mod List:
		Name Version (Mod Id)

		Create 6.0.6 (create)
		Create Deco 2.0.3 (createdeco)
		Flywheel 1.0.4 (flywheel)
		Minecraft 1.21.1 (minecraft)
		NeoForge 21.1.193 (neoforge)
		Ponder 1.0.59 (ponder)
[30Aug2025 03:51:15.175] [main/DEBUG] [net.neoforged.fml.loading.moddiscovery.ModFileInfo/LOADING]: Found valid mod file neoforge-21.1.193.jar with {minecraft} mods - versions {1.21.1}
[30Aug2025 03:51:15.177] [main/DEBUG] [net.neoforged.fml.loading.moddiscovery.ModFile/LOADING]: Loading mod file C:\Users\micha\Documents\Blocks & Bogeys 1.21.1\CreateDeco\.gradle\repositories\ng_dummy_ng\net\neoforged\neoforge\21.1.193\neoforge-21.1.193.jar with languages [LanguageSpec[languageName=minecraft, acceptedVersions=1]]
[30Aug2025 03:51:15.178] [main/DEBUG] [net.neoforged.fml.loading.moddiscovery.ModFileParser/LOADING]: Considering mod file candidate C:\Users\micha\.gradle\caches\modules-2\files-2.1\dev.engine-room.flywheel\flywheel-neoforge-1.21.1\1.0.4\47fe9da825b4479bbac55d6432d5932ee76f32f0\flywheel-neoforge-1.21.1-1.0.4.jar
[30Aug2025 03:51:15.179] [main/DEBUG] [net.neoforged.fml.loading.moddiscovery.ModFileInfo/LOADING]: Found valid mod file flywheel-neoforge-1.21.1-1.0.4.jar with {flywheel} mods - versions {1.0.4}
[30Aug2025 03:51:15.179] [main/DEBUG] [net.neoforged.fml.loading.moddiscovery.ModFile/LOADING]: Loading mod file C:\Users\micha\.gradle\caches\modules-2\files-2.1\dev.engine-room.flywheel\flywheel-neoforge-1.21.1\1.0.4\47fe9da825b4479bbac55d6432d5932ee76f32f0\flywheel-neoforge-1.21.1-1.0.4.jar with languages [LanguageSpec[languageName=javafml, acceptedVersions=[0,)]]
[30Aug2025 03:51:15.180] [main/DEBUG] [net.neoforged.fml.loading.moddiscovery.ModFile/LOADING]: Found mixin config MixinConfig[config=flywheel.backend.mixins.json, requiredMods=[]]
[30Aug2025 03:51:15.180] [main/DEBUG] [net.neoforged.fml.loading.moddiscovery.ModFile/LOADING]: Found mixin config MixinConfig[config=flywheel.impl.mixins.json, requiredMods=[]]
[30Aug2025 03:51:15.180] [main/DEBUG] [net.neoforged.fml.loading.moddiscovery.ModFileParser/LOADING]: Considering mod file candidate C:\Users\micha\.gradle\caches\modules-2\files-2.1\com.simibubi.create\create-1.21.1\6.0.6-98\f78dd4cfec2a3f87c3880db203e9167ce84da86\create-1.21.1-6.0.6-98.jar
[30Aug2025 03:51:15.182] [main/DEBUG] [net.neoforged.fml.loading.moddiscovery.ModFileInfo/LOADING]: Found valid mod file create-1.21.1-6.0.6-98.jar with {create} mods - versions {6.0.6}
[30Aug2025 03:51:15.182] [main/DEBUG] [net.neoforged.fml.loading.moddiscovery.ModFile/LOADING]: Loading mod file C:\Users\micha\.gradle\caches\modules-2\files-2.1\com.simibubi.create\create-1.21.1\6.0.6-98\f78dd4cfec2a3f87c3880db203e9167ce84da86\create-1.21.1-6.0.6-98.jar with languages [LanguageSpec[languageName=javafml, acceptedVersions=[0,)]]
[30Aug2025 03:51:15.182] [main/DEBUG] [net.neoforged.fml.loading.moddiscovery.ModFile/LOADING]: Found mixin config MixinConfig[config=create.mixins.json, requiredMods=[]]
[30Aug2025 03:51:15.182] [main/DEBUG] [net.neoforged.fml.loading.moddiscovery.ModFileParser/LOADING]: Considering mod file candidate C:\Users\micha\Documents\Blocks & Bogeys 1.21.1\CreateDeco\build\resources\main
[30Aug2025 03:51:15.183] [main/DEBUG] [net.neoforged.fml.loading.moddiscovery.ModFileInfo/LOADING]: Found valid mod file main with {createdeco} mods - versions {2.0.3}
[30Aug2025 03:51:15.183] [main/DEBUG] [net.neoforged.fml.loading.moddiscovery.ModFile/LOADING]: Loading mod file C:\Users\micha\Documents\Blocks & Bogeys 1.21.1\CreateDeco\build\resources\main with languages [LanguageSpec[languageName=javafml, acceptedVersions=[4,)]]
[30Aug2025 03:51:15.183] [main/DEBUG] [net.neoforged.fml.loading.moddiscovery.ModFile/LOADING]: Found mixin config MixinConfig[config=createdeco.mixins.json, requiredMods=[]]
[30Aug2025 03:51:15.183] [main/DEBUG] [net.neoforged.fml.loading.moddiscovery.ModFileParser/LOADING]: Considering mod file candidate C:\Users\micha\.gradle\caches\modules-2\files-2.1\net.createmod.ponder\Ponder-NeoForge-1.21.1\1.0.59\cdc698c9b96261f43253c94289c24c580b3d603\Ponder-NeoForge-1.21.1-1.0.59.jar
[30Aug2025 03:51:15.184] [main/DEBUG] [net.neoforged.fml.loading.moddiscovery.ModFileInfo/LOADING]: Found valid mod file Ponder-NeoForge-1.21.1-1.0.59.jar with {ponder} mods - versions {1.0.59}
[30Aug2025 03:51:15.184] [main/DEBUG] [net.neoforged.fml.loading.moddiscovery.ModFile/LOADING]: Loading mod file C:\Users\micha\.gradle\caches\modules-2\files-2.1\net.createmod.ponder\Ponder-NeoForge-1.21.1\1.0.59\cdc698c9b96261f43253c94289c24c580b3d603\Ponder-NeoForge-1.21.1-1.0.59.jar with languages [LanguageSpec[languageName=javafml, acceptedVersions=[0,)]]
[30Aug2025 03:51:15.184] [main/DEBUG] [net.neoforged.fml.loading.moddiscovery.ModFile/LOADING]: Found mixin config MixinConfig[config=ponder.mixins.json, requiredMods=[]]
[30Aug2025 03:51:15.184] [main/DEBUG] [net.neoforged.fml.loading.moddiscovery.ModFile/LOADING]: Found mixin config MixinConfig[config=ponder-common.mixins.json, requiredMods=[]]
[30Aug2025 03:51:15.184] [main/DEBUG] [net.neoforged.fml.loading.moddiscovery.ModFileParser/LOADING]: Considering mod file candidate C:\Users\micha\Documents\Blocks & Bogeys 1.21.1\CreateDeco\.gradle\repositories\ng_dummy_ng\net\neoforged\neoforge\21.1.193\neoforge-21.1.193.jar
[30Aug2025 03:51:15.185] [main/DEBUG] [net.neoforged.fml.loading.moddiscovery.ModFileInfo/LOADING]: Found valid mod file neoforge-21.1.193.jar with {neoforge} mods - versions {21.1.193}
[30Aug2025 03:51:15.185] [main/DEBUG] [net.neoforged.fml.loading.moddiscovery.ModFile/LOADING]: Loading mod file C:\Users\micha\Documents\Blocks & Bogeys 1.21.1\CreateDeco\.gradle\repositories\ng_dummy_ng\net\neoforged\neoforge\21.1.193\neoforge-21.1.193.jar with languages [LanguageSpec[languageName=javafml, acceptedVersions=[3,]]]
[30Aug2025 03:51:15.185] [main/DEBUG] [net.neoforged.fml.loading.moddiscovery.ModFile/LOADING]: Found mixin config MixinConfig[config=neoforge.mixins.json, requiredMods=[]]
[30Aug2025 03:51:15.185] [main/DEBUG] [net.neoforged.fml.loading.moddiscovery.ModFile/LOADING]: Loading mod file  with languages []
[30Aug2025 03:51:15.185] [main/DEBUG] [net.neoforged.fml.loading.moddiscovery.ModFile/LOADING]: Loading mod file C:\Users\micha\.gradle\caches\modules-2\files-2.1\io.github.llamalad7\mixinextras-neoforge\0.4.1\eff97772ecd0dcf8e52cdbafd3b3ccec425f8314\mixinextras-neoforge-0.4.1.jar with languages []
[30Aug2025 03:51:15.185] [main/DEBUG] [net.neoforged.fml.loading.moddiscovery.ModValidator/SCAN]: Found 8 mod files with 6 mods
[30Aug2025 03:51:15.187] [main/DEBUG] [cpw.mods.modlauncher.TransformationServiceDecorator/MODLAUNCHER]: End scan trigger - transformation service fml
[30Aug2025 03:51:15.199] [main/DEBUG] [net.neoforged.fml.util.ServiceLoaderUtil/CORE]: Found 3 implementations of IModLanguageLoader:
[30Aug2025 03:51:15.201] [main/DEBUG] [net.neoforged.fml.util.ServiceLoaderUtil/CORE]: 	net.neoforged.fml.javafmlmod.FMLJavaModLanguageProvider from loader-4.0.41.jar
[30Aug2025 03:51:15.201] [main/DEBUG] [net.neoforged.fml.util.ServiceLoaderUtil/CORE]: 	net.neoforged.fml.lowcodemod.LowCodeModLanguageProvider from loader-4.0.41.jar
[30Aug2025 03:51:15.201] [main/DEBUG] [net.neoforged.fml.util.ServiceLoaderUtil/CORE]: 	net.neoforged.fml.mclanguageprovider.MinecraftModLanguageProvider from loader-4.0.41.jar
[30Aug2025 03:51:15.201] [main/DEBUG] [net.neoforged.fml.loading.LanguageProviderLoader/CORE]: Found language provider javafml, version 4.0.41
[30Aug2025 03:51:15.201] [main/DEBUG] [net.neoforged.fml.loading.LanguageProviderLoader/CORE]: Found language provider lowcodefml, version 4.0.41
[30Aug2025 03:51:15.202] [main/DEBUG] [net.neoforged.fml.loading.LanguageProviderLoader/CORE]: Found language provider minecraft, version 4.0.41
[30Aug2025 03:51:15.209] [main/DEBUG] [net.neoforged.fml.loading.ModSorter/]: Configured system mods: [minecraft, neoforge]
[30Aug2025 03:51:15.209] [main/DEBUG] [net.neoforged.fml.loading.ModSorter/]: Found system mod: minecraft
[30Aug2025 03:51:15.209] [main/DEBUG] [net.neoforged.fml.loading.ModSorter/]: Found system mod: neoforge
[30Aug2025 03:51:15.212] [main/DEBUG] [net.neoforged.fml.loading.ModSorter/LOADING]: Found 18 mod requirements (11 mandatory, 7 optional)
[30Aug2025 03:51:15.212] [main/DEBUG] [net.neoforged.fml.loading.ModSorter/LOADING]: Found 0 mod requirements missing (0 mandatory, 0 optional)
[30Aug2025 03:51:15.230] [main/DEBUG] [net.neoforged.fml.loading.FMLLoader/SCAN]: Adding Access Transformer in C:\Users\micha\.gradle\caches\modules-2\files-2.1\net.createmod.ponder\Ponder-NeoForge-1.21.1\1.0.59\cdc698c9b96261f43253c94289c24c580b3d603\Ponder-NeoForge-1.21.1-1.0.59.jar
[30Aug2025 03:51:15.234] [main/DEBUG] [AXFORM/AXFORM]: Loading access transformer accesstransformer.cfg
[30Aug2025 03:51:15.286] [main/DEBUG] [AXFORM/AXFORM]: Loaded access transformer accesstransformer.cfg
[30Aug2025 03:51:15.286] [main/DEBUG] [net.neoforged.fml.loading.FMLLoader/SCAN]: Adding Access Transformer in C:\Users\micha\.gradle\caches\modules-2\files-2.1\com.simibubi.create\create-1.21.1\6.0.6-98\f78dd4cfec2a3f87c3880db203e9167ce84da86\create-1.21.1-6.0.6-98.jar
[30Aug2025 03:51:15.286] [main/DEBUG] [AXFORM/AXFORM]: Loading access transformer accesstransformer.cfg
[30Aug2025 03:51:15.294] [main/DEBUG] [AXFORM/AXFORM]: Loaded access transformer accesstransformer.cfg
[30Aug2025 03:51:15.296] [main/DEBUG] [net.neoforged.fml.loading.FMLLoader/SCAN]: Adding Access Transformer in C:\Users\micha\Documents\Blocks & Bogeys 1.21.1\CreateDeco\.gradle\repositories\ng_dummy_ng\net\neoforged\neoforge\21.1.193\neoforge-21.1.193.jar
[30Aug2025 03:51:15.297] [main/DEBUG] [AXFORM/AXFORM]: Loading access transformer accesstransformer.cfg
[30Aug2025 03:51:15.323] [main/DEBUG] [AXFORM/AXFORM]: Loaded access transformer accesstransformer.cfg
[30Aug2025 03:51:15.327] [main/DEBUG] [mixin/]: Adding mixin platform agents for container net.neoforged.fml.loading.mixin.FMLMixinContainerHandle@39e67516
[30Aug2025 03:51:15.327] [main/DEBUG] [mixin/]: Instancing new MixinPlatformAgentMinecraftForge for net.neoforged.fml.loading.mixin.FMLMixinContainerHandle@39e67516
[30Aug2025 03:51:15.327] [main/DEBUG] [mixin/]: MixinPlatformAgentMinecraftForge rejected container net.neoforged.fml.loading.mixin.FMLMixinContainerHandle@39e67516
[30Aug2025 03:51:15.327] [main/DEBUG] [mixin/]: Instancing new MixinPlatformAgentDefault for net.neoforged.fml.loading.mixin.FMLMixinContainerHandle@39e67516
[30Aug2025 03:51:15.327] [main/DEBUG] [mixin/]: MixinPlatformAgentDefault accepted container net.neoforged.fml.loading.mixin.FMLMixinContainerHandle@39e67516
[30Aug2025 03:51:15.328] [main/DEBUG] [mixin/]: Instancing new FMLMixinPlatformAgent for net.neoforged.fml.loading.mixin.FMLMixinContainerHandle@39e67516
[30Aug2025 03:51:15.328] [main/DEBUG] [mixin/]: FMLMixinPlatformAgent accepted container net.neoforged.fml.loading.mixin.FMLMixinContainerHandle@39e67516
[30Aug2025 03:51:15.340] [main/DEBUG] [cpw.mods.modlauncher.TransformationServicesHandler/MODLAUNCHER]: Transformation services loading transformers
[30Aug2025 03:51:15.340] [main/DEBUG] [cpw.mods.modlauncher.TransformationServiceDecorator/MODLAUNCHER]: Initializing transformers for transformation service mixin
[30Aug2025 03:51:15.341] [main/DEBUG] [cpw.mods.modlauncher.TransformationServiceDecorator/MODLAUNCHER]: Initialized transformers for transformation service mixin
[30Aug2025 03:51:15.341] [main/DEBUG] [cpw.mods.modlauncher.TransformationServiceDecorator/MODLAUNCHER]: Initializing transformers for transformation service fml
[30Aug2025 03:51:15.341] [main/DEBUG] [net.neoforged.fml.loading.FMLServiceProvider/LOADING]: Loading coremod transformers
[30Aug2025 03:51:15.341] [main/DEBUG] [net.neoforged.fml.loading.FMLServiceProvider/CORE]: Not loading coremod script-engine since no mod requested it
[30Aug2025 03:51:15.343] [main/DEBUG] [net.neoforged.fml.util.ServiceLoaderUtil/CORE]: Found 1 implementations of ICoreMod:
[30Aug2025 03:51:15.343] [main/DEBUG] [net.neoforged.fml.util.ServiceLoaderUtil/CORE]: 	net.neoforged.neoforge.coremods.NeoForgeCoreMod from neoforge-21.1.193.jar > net.neoforged.neoforge-coremods-21.1.193.jar
[30Aug2025 03:51:15.355] [main/DEBUG] [net.neoforged.fml.loading.FMLServiceProvider/CORE]: Adding [Target[className=net.minecraft.world.level.biome.Biome, elementName=, elementDescriptor=, targetType=cpw.mods.modlauncher.api.TargetType@625abb97]] transformer from core-mod net.neoforged.neoforge.coremods.NeoForgeCoreMod@41b0ae4c in neoforge-21.1.193.jar > net.neoforged.neoforge-coremods-21.1.193.jar
[30Aug2025 03:51:15.355] [main/DEBUG] [net.neoforged.fml.loading.FMLServiceProvider/CORE]: Adding [Target[className=net.minecraft.world.level.levelgen.structure.Structure, elementName=, elementDescriptor=, targetType=cpw.mods.modlauncher.api.TargetType@625abb97]] transformer from core-mod net.neoforged.neoforge.coremods.NeoForgeCoreMod@41b0ae4c in neoforge-21.1.193.jar > net.neoforged.neoforge-coremods-21.1.193.jar
[30Aug2025 03:51:15.355] [main/DEBUG] [net.neoforged.fml.loading.FMLServiceProvider/CORE]: Adding [Target[className=net.minecraft.world.level.block.FlowerPotBlock, elementName=, elementDescriptor=, targetType=cpw.mods.modlauncher.api.TargetType@625abb97]] transformer from core-mod net.neoforged.neoforge.coremods.NeoForgeCoreMod@41b0ae4c in neoforge-21.1.193.jar > net.neoforged.neoforge-coremods-21.1.193.jar
[30Aug2025 03:51:15.355] [main/DEBUG] [net.neoforged.fml.loading.FMLServiceProvider/CORE]: Adding [Target[className=net/minecraft/world/level/NaturalSpawner, elementName=, elementDescriptor=, targetType=cpw.mods.modlauncher.api.TargetType@625abb97], Target[className=net/minecraft/server/commands/SummonCommand, elementName=, elementDescriptor=, targetType=cpw.mods.modlauncher.api.TargetType@625abb97], Target[className=net/minecraft/world/level/levelgen/structure/structures/WoodlandMansionPieces$WoodlandMansionPiece, elementName=, elementDescriptor=, targetType=cpw.mods.modlauncher.api.TargetType@625abb97], Target[className=net/minecraft/server/commands/RaidCommand, elementName=, elementDescriptor=, targetType=cpw.mods.modlauncher.api.TargetType@625abb97], Target[className=net/minecraft/world/entity/npc/CatSpawner, elementName=, elementDescriptor=, targetType=cpw.mods.modlauncher.api.TargetType@625abb97], Target[className=net/minecraft/world/level/levelgen/structure/structures/OceanRuinPieces$OceanRuinPiece, elementName=, elementDescriptor=, targetType=cpw.mods.modlauncher.api.TargetType@625abb97], Target[className=net/minecraft/world/level/levelgen/PatrolSpawner, elementName=, elementDescriptor=, targetType=cpw.mods.modlauncher.api.TargetType@625abb97], Target[className=net/minecraft/world/entity/EntityType, elementName=, elementDescriptor=, targetType=cpw.mods.modlauncher.api.TargetType@625abb97], Target[className=net/minecraft/world/level/levelgen/structure/templatesystem/StructureTemplate, elementName=, elementDescriptor=, targetType=cpw.mods.modlauncher.api.TargetType@625abb97], Target[className=net/minecraft/world/entity/ai/village/VillageSiege, elementName=, elementDescriptor=, targetType=cpw.mods.modlauncher.api.TargetType@625abb97], Target[className=net/minecraft/world/entity/monster/Evoker$EvokerSummonSpellGoal, elementName=, elementDescriptor=, targetType=cpw.mods.modlauncher.api.TargetType@625abb97], Target[className=net/minecraft/world/entity/monster/Strider, elementName=, elementDescriptor=, targetType=cpw.mods.modlauncher.api.TargetType@625abb97], Target[className=net/minecraft/world/level/levelgen/structure/structures/SwampHutPiece, elementName=, elementDescriptor=, targetType=cpw.mods.modlauncher.api.TargetType@625abb97], Target[className=net/minecraft/world/entity/animal/frog/Tadpole, elementName=, elementDescriptor=, targetType=cpw.mods.modlauncher.api.TargetType@625abb97], Target[className=net/minecraft/world/entity/animal/horse/SkeletonTrapGoal, elementName=, elementDescriptor=, targetType=cpw.mods.modlauncher.api.TargetType@625abb97], Target[className=net/minecraft/world/entity/npc/Villager, elementName=, elementDescriptor=, targetType=cpw.mods.modlauncher.api.TargetType@625abb97], Target[className=net/minecraft/world/entity/raid/Raid, elementName=, elementDescriptor=, targetType=cpw.mods.modlauncher.api.TargetType@625abb97], Target[className=net/minecraft/world/entity/monster/ZombieVillager, elementName=, elementDescriptor=, targetType=cpw.mods.modlauncher.api.TargetType@625abb97], Target[className=net/minecraft/world/entity/monster/Zombie, elementName=, elementDescriptor=, targetType=cpw.mods.modlauncher.api.TargetType@625abb97], Target[className=net/minecraft/world/entity/monster/Spider, elementName=, elementDescriptor=, targetType=cpw.mods.modlauncher.api.TargetType@625abb97], Target[className=net/minecraft/world/level/levelgen/PhantomSpawner, elementName=, elementDescriptor=, targetType=cpw.mods.modlauncher.api.TargetType@625abb97], Target[className=net/minecraft/world/level/levelgen/structure/structures/OceanMonumentPieces$OceanMonumentPiece, elementName=, elementDescriptor=, targetType=cpw.mods.modlauncher.api.TargetType@625abb97]] transformer from core-mod net.neoforged.neoforge.coremods.NeoForgeCoreMod@41b0ae4c in neoforge-21.1.193.jar > net.neoforged.neoforge-coremods-21.1.193.jar
[30Aug2025 03:51:15.361] [main/DEBUG] [cpw.mods.modlauncher.TransformStore/MODLAUNCHER]: Adding transformer net.neoforged.neoforge.coremods.ReplaceFieldWithGetterAccess@34cf294c to Target : cpw.mods.modlauncher.api.TargetType@625abb97 {Lnet/minecraft/world/level/biome/Biome;} {} {V}
[30Aug2025 03:51:15.363] [main/DEBUG] [cpw.mods.modlauncher.TransformStore/MODLAUNCHER]: Adding transformer net.neoforged.neoforge.coremods.ReplaceFieldWithGetterAccess@f1a45f8 to Target : cpw.mods.modlauncher.api.TargetType@625abb97 {Lnet/minecraft/world/level/levelgen/structure/Structure;} {} {V}
[30Aug2025 03:51:15.363] [main/DEBUG] [cpw.mods.modlauncher.TransformStore/MODLAUNCHER]: Adding transformer net.neoforged.neoforge.coremods.ReplaceFieldWithGetterAccess@5edf2821 to Target : cpw.mods.modlauncher.api.TargetType@625abb97 {Lnet/minecraft/world/level/block/FlowerPotBlock;} {} {V}
[30Aug2025 03:51:15.363] [main/DEBUG] [cpw.mods.modlauncher.TransformStore/MODLAUNCHER]: Adding transformer net.neoforged.neoforge.coremods.MethodRedirector@4dbad37 to Target : cpw.mods.modlauncher.api.TargetType@625abb97 {Lnet/minecraft/world/level/NaturalSpawner;} {} {V}
[30Aug2025 03:51:15.363] [main/DEBUG] [cpw.mods.modlauncher.TransformStore/MODLAUNCHER]: Adding transformer net.neoforged.neoforge.coremods.MethodRedirector@4dbad37 to Target : cpw.mods.modlauncher.api.TargetType@625abb97 {Lnet/minecraft/server/commands/SummonCommand;} {} {V}
[30Aug2025 03:51:15.363] [main/DEBUG] [cpw.mods.modlauncher.TransformStore/MODLAUNCHER]: Adding transformer net.neoforged.neoforge.coremods.MethodRedirector@4dbad37 to Target : cpw.mods.modlauncher.api.TargetType@625abb97 {Lnet/minecraft/world/level/levelgen/structure/structures/WoodlandMansionPieces$WoodlandMansionPiece;} {} {V}
[30Aug2025 03:51:15.363] [main/DEBUG] [cpw.mods.modlauncher.TransformStore/MODLAUNCHER]: Adding transformer net.neoforged.neoforge.coremods.MethodRedirector@4dbad37 to Target : cpw.mods.modlauncher.api.TargetType@625abb97 {Lnet/minecraft/server/commands/RaidCommand;} {} {V}
[30Aug2025 03:51:15.363] [main/DEBUG] [cpw.mods.modlauncher.TransformStore/MODLAUNCHER]: Adding transformer net.neoforged.neoforge.coremods.MethodRedirector@4dbad37 to Target : cpw.mods.modlauncher.api.TargetType@625abb97 {Lnet/minecraft/world/entity/npc/CatSpawner;} {} {V}
[30Aug2025 03:51:15.363] [main/DEBUG] [cpw.mods.modlauncher.TransformStore/MODLAUNCHER]: Adding transformer net.neoforged.neoforge.coremods.MethodRedirector@4dbad37 to Target : cpw.mods.modlauncher.api.TargetType@625abb97 {Lnet/minecraft/world/level/levelgen/structure/structures/OceanRuinPieces$OceanRuinPiece;} {} {V}
[30Aug2025 03:51:15.363] [main/DEBUG] [cpw.mods.modlauncher.TransformStore/MODLAUNCHER]: Adding transformer net.neoforged.neoforge.coremods.MethodRedirector@4dbad37 to Target : cpw.mods.modlauncher.api.TargetType@625abb97 {Lnet/minecraft/world/level/levelgen/PatrolSpawner;} {} {V}
[30Aug2025 03:51:15.365] [main/DEBUG] [cpw.mods.modlauncher.TransformStore/MODLAUNCHER]: Adding transformer net.neoforged.neoforge.coremods.MethodRedirector@4dbad37 to Target : cpw.mods.modlauncher.api.TargetType@625abb97 {Lnet/minecraft/world/entity/EntityType;} {} {V}
[30Aug2025 03:51:15.365] [main/DEBUG] [cpw.mods.modlauncher.TransformStore/MODLAUNCHER]: Adding transformer net.neoforged.neoforge.coremods.MethodRedirector@4dbad37 to Target : cpw.mods.modlauncher.api.TargetType@625abb97 {Lnet/minecraft/world/level/levelgen/structure/templatesystem/StructureTemplate;} {} {V}
[30Aug2025 03:51:15.365] [main/DEBUG] [cpw.mods.modlauncher.TransformStore/MODLAUNCHER]: Adding transformer net.neoforged.neoforge.coremods.MethodRedirector@4dbad37 to Target : cpw.mods.modlauncher.api.TargetType@625abb97 {Lnet/minecraft/world/entity/ai/village/VillageSiege;} {} {V}
[30Aug2025 03:51:15.365] [main/DEBUG] [cpw.mods.modlauncher.TransformStore/MODLAUNCHER]: Adding transformer net.neoforged.neoforge.coremods.MethodRedirector@4dbad37 to Target : cpw.mods.modlauncher.api.TargetType@625abb97 {Lnet/minecraft/world/entity/monster/Evoker$EvokerSummonSpellGoal;} {} {V}
[30Aug2025 03:51:15.365] [main/DEBUG] [cpw.mods.modlauncher.TransformStore/MODLAUNCHER]: Adding transformer net.neoforged.neoforge.coremods.MethodRedirector@4dbad37 to Target : cpw.mods.modlauncher.api.TargetType@625abb97 {Lnet/minecraft/world/entity/monster/Strider;} {} {V}
[30Aug2025 03:51:15.365] [main/DEBUG] [cpw.mods.modlauncher.TransformStore/MODLAUNCHER]: Adding transformer net.neoforged.neoforge.coremods.MethodRedirector@4dbad37 to Target : cpw.mods.modlauncher.api.TargetType@625abb97 {Lnet/minecraft/world/level/levelgen/structure/structures/SwampHutPiece;} {} {V}
[30Aug2025 03:51:15.365] [main/DEBUG] [cpw.mods.modlauncher.TransformStore/MODLAUNCHER]: Adding transformer net.neoforged.neoforge.coremods.MethodRedirector@4dbad37 to Target : cpw.mods.modlauncher.api.TargetType@625abb97 {Lnet/minecraft/world/entity/animal/frog/Tadpole;} {} {V}
[30Aug2025 03:51:15.365] [main/DEBUG] [cpw.mods.modlauncher.TransformStore/MODLAUNCHER]: Adding transformer net.neoforged.neoforge.coremods.MethodRedirector@4dbad37 to Target : cpw.mods.modlauncher.api.TargetType@625abb97 {Lnet/minecraft/world/entity/animal/horse/SkeletonTrapGoal;} {} {V}
[30Aug2025 03:51:15.365] [main/DEBUG] [cpw.mods.modlauncher.TransformStore/MODLAUNCHER]: Adding transformer net.neoforged.neoforge.coremods.MethodRedirector@4dbad37 to Target : cpw.mods.modlauncher.api.TargetType@625abb97 {Lnet/minecraft/world/entity/npc/Villager;} {} {V}
[30Aug2025 03:51:15.365] [main/DEBUG] [cpw.mods.modlauncher.TransformStore/MODLAUNCHER]: Adding transformer net.neoforged.neoforge.coremods.MethodRedirector@4dbad37 to Target : cpw.mods.modlauncher.api.TargetType@625abb97 {Lnet/minecraft/world/entity/raid/Raid;} {} {V}
[30Aug2025 03:51:15.365] [main/DEBUG] [cpw.mods.modlauncher.TransformStore/MODLAUNCHER]: Adding transformer net.neoforged.neoforge.coremods.MethodRedirector@4dbad37 to Target : cpw.mods.modlauncher.api.TargetType@625abb97 {Lnet/minecraft/world/entity/monster/ZombieVillager;} {} {V}
[30Aug2025 03:51:15.365] [main/DEBUG] [cpw.mods.modlauncher.TransformStore/MODLAUNCHER]: Adding transformer net.neoforged.neoforge.coremods.MethodRedirector@4dbad37 to Target : cpw.mods.modlauncher.api.TargetType@625abb97 {Lnet/minecraft/world/entity/monster/Zombie;} {} {V}
[30Aug2025 03:51:15.365] [main/DEBUG] [cpw.mods.modlauncher.TransformStore/MODLAUNCHER]: Adding transformer net.neoforged.neoforge.coremods.MethodRedirector@4dbad37 to Target : cpw.mods.modlauncher.api.TargetType@625abb97 {Lnet/minecraft/world/entity/monster/Spider;} {} {V}
[30Aug2025 03:51:15.365] [main/DEBUG] [cpw.mods.modlauncher.TransformStore/MODLAUNCHER]: Adding transformer net.neoforged.neoforge.coremods.MethodRedirector@4dbad37 to Target : cpw.mods.modlauncher.api.TargetType@625abb97 {Lnet/minecraft/world/level/levelgen/PhantomSpawner;} {} {V}
[30Aug2025 03:51:15.365] [main/DEBUG] [cpw.mods.modlauncher.TransformStore/MODLAUNCHER]: Adding transformer net.neoforged.neoforge.coremods.MethodRedirector@4dbad37 to Target : cpw.mods.modlauncher.api.TargetType@625abb97 {Lnet/minecraft/world/level/levelgen/structure/structures/OceanMonumentPieces$OceanMonumentPiece;} {} {V}
[30Aug2025 03:51:15.366] [main/DEBUG] [cpw.mods.modlauncher.TransformationServiceDecorator/MODLAUNCHER]: Initialized transformers for transformation service fml
[30Aug2025 03:51:15.821] [main/DEBUG] [mixin/]: Processing prepare() for PlatformAgent[MixinPlatformAgentDefault:ModLauncher Root Container(ModLauncher:4f56a0a2)]
[30Aug2025 03:51:15.821] [main/DEBUG] [mixin/]: Processing prepare() for PlatformAgent[MixinPlatformAgentDefault:net.neoforged.fml.loading.mixin.FMLMixinContainerHandle@39e67516]
[30Aug2025 03:51:15.823] [main/DEBUG] [mixin/]: Processing prepare() for PlatformAgent[FMLMixinPlatformAgent:null]
[30Aug2025 03:51:15.889] [main/DEBUG] [mixin/]: Compatibility level JAVA_21 specified by flywheel.backend.mixins.json is higher than the maximum level supported by this version of mixin (JAVA_13).
[30Aug2025 03:51:15.898] [main/INFO] [mixin/]: Compatibility level set to JAVA_21
[30Aug2025 03:51:15.904] [main/DEBUG] [mixin/]: Compatibility level JAVA_17 specified by ponder.mixins.json is higher than the maximum level supported by this version of mixin (JAVA_13).
[30Aug2025 03:51:15.906] [main/DEBUG] [mixin/]: Compatibility level JAVA_17 specified by ponder-common.mixins.json is higher than the maximum level supported by this version of mixin (JAVA_13).
[30Aug2025 03:51:15.911] [main/DEBUG] [mixin/]: Mixin config createdeco.mixins.json does not specify "minVersion" or "requiredFeatures" property
[30Aug2025 03:51:15.915] [main/DEBUG] [mixin/]: Processing launch tasks for PlatformAgent[MixinPlatformAgentDefault:ModLauncher Root Container(ModLauncher:4f56a0a2)]
[30Aug2025 03:51:15.915] [main/DEBUG] [mixin/]: Adding mixin platform agents for container SecureJarResource(mixin_synthetic)
[30Aug2025 03:51:15.916] [main/DEBUG] [mixin/]: Instancing new MixinPlatformAgentMinecraftForge for SecureJarResource(mixin_synthetic)
[30Aug2025 03:51:15.916] [main/DEBUG] [mixin/]: MixinPlatformAgentMinecraftForge rejected container SecureJarResource(mixin_synthetic)
[30Aug2025 03:51:15.916] [main/DEBUG] [mixin/]: Instancing new MixinPlatformAgentDefault for SecureJarResource(mixin_synthetic)
[30Aug2025 03:51:15.916] [main/DEBUG] [mixin/]: MixinPlatformAgentDefault accepted container SecureJarResource(mixin_synthetic)
[30Aug2025 03:51:15.916] [main/DEBUG] [mixin/]: Instancing new FMLMixinPlatformAgent for SecureJarResource(mixin_synthetic)
[30Aug2025 03:51:15.916] [main/DEBUG] [mixin/]: FMLMixinPlatformAgent rejected container SecureJarResource(mixin_synthetic)
[30Aug2025 03:51:15.916] [main/DEBUG] [mixin/]: Processing prepare() for PlatformAgent[MixinPlatformAgentDefault:SecureJarResource(mixin_synthetic)]
[30Aug2025 03:51:15.917] [main/DEBUG] [mixin/]: Adding mixin platform agents for container SecureJarResource(minecraft)
[30Aug2025 03:51:15.917] [main/DEBUG] [mixin/]: Instancing new MixinPlatformAgentMinecraftForge for SecureJarResource(minecraft)
[30Aug2025 03:51:15.917] [main/DEBUG] [mixin/]: MixinPlatformAgentMinecraftForge rejected container SecureJarResource(minecraft)
[30Aug2025 03:51:15.917] [main/DEBUG] [mixin/]: Instancing new MixinPlatformAgentDefault for SecureJarResource(minecraft)
[30Aug2025 03:51:15.917] [main/DEBUG] [mixin/]: MixinPlatformAgentDefault accepted container SecureJarResource(minecraft)
[30Aug2025 03:51:15.917] [main/DEBUG] [mixin/]: Instancing new FMLMixinPlatformAgent for SecureJarResource(minecraft)
[30Aug2025 03:51:15.917] [main/DEBUG] [mixin/]: FMLMixinPlatformAgent rejected container SecureJarResource(minecraft)
[30Aug2025 03:51:15.917] [main/DEBUG] [mixin/]: Processing prepare() for PlatformAgent[MixinPlatformAgentDefault:SecureJarResource(minecraft)]
[30Aug2025 03:51:15.917] [main/DEBUG] [mixin/]: Adding mixin platform agents for container SecureJarResource(flywheel)
[30Aug2025 03:51:15.917] [main/DEBUG] [mixin/]: Instancing new MixinPlatformAgentMinecraftForge for SecureJarResource(flywheel)
[30Aug2025 03:51:15.917] [main/DEBUG] [mixin/]: MixinPlatformAgentMinecraftForge rejected container SecureJarResource(flywheel)
[30Aug2025 03:51:15.917] [main/DEBUG] [mixin/]: Instancing new MixinPlatformAgentDefault for SecureJarResource(flywheel)
[30Aug2025 03:51:15.917] [main/DEBUG] [mixin/]: MixinPlatformAgentDefault accepted container SecureJarResource(flywheel)
[30Aug2025 03:51:15.917] [main/DEBUG] [mixin/]: Instancing new FMLMixinPlatformAgent for SecureJarResource(flywheel)
[30Aug2025 03:51:15.917] [main/DEBUG] [mixin/]: FMLMixinPlatformAgent rejected container SecureJarResource(flywheel)
[30Aug2025 03:51:15.917] [main/DEBUG] [mixin/]: Processing prepare() for PlatformAgent[MixinPlatformAgentDefault:SecureJarResource(flywheel)]
[30Aug2025 03:51:15.918] [main/DEBUG] [mixin/]: Adding mixin platform agents for container SecureJarResource(ponder)
[30Aug2025 03:51:15.918] [main/DEBUG] [mixin/]: Instancing new MixinPlatformAgentMinecraftForge for SecureJarResource(ponder)
[30Aug2025 03:51:15.918] [main/DEBUG] [mixin/]: MixinPlatformAgentMinecraftForge rejected container SecureJarResource(ponder)
[30Aug2025 03:51:15.918] [main/DEBUG] [mixin/]: Instancing new MixinPlatformAgentDefault for SecureJarResource(ponder)
[30Aug2025 03:51:15.918] [main/DEBUG] [mixin/]: MixinPlatformAgentDefault accepted container SecureJarResource(ponder)
[30Aug2025 03:51:15.918] [main/DEBUG] [mixin/]: Instancing new FMLMixinPlatformAgent for SecureJarResource(ponder)
[30Aug2025 03:51:15.918] [main/DEBUG] [mixin/]: FMLMixinPlatformAgent rejected container SecureJarResource(ponder)
[30Aug2025 03:51:15.918] [main/DEBUG] [mixin/]: Processing prepare() for PlatformAgent[MixinPlatformAgentDefault:SecureJarResource(ponder)]
[30Aug2025 03:51:15.918] [main/DEBUG] [mixin/]: Adding mixin platform agents for container SecureJarResource(create)
[30Aug2025 03:51:15.918] [main/DEBUG] [mixin/]: Instancing new MixinPlatformAgentMinecraftForge for SecureJarResource(create)
[30Aug2025 03:51:15.918] [main/DEBUG] [mixin/]: MixinPlatformAgentMinecraftForge rejected container SecureJarResource(create)
[30Aug2025 03:51:15.918] [main/DEBUG] [mixin/]: Instancing new MixinPlatformAgentDefault for SecureJarResource(create)
[30Aug2025 03:51:15.918] [main/DEBUG] [mixin/]: MixinPlatformAgentDefault accepted container SecureJarResource(create)
[30Aug2025 03:51:15.918] [main/DEBUG] [mixin/]: Instancing new FMLMixinPlatformAgent for SecureJarResource(create)
[30Aug2025 03:51:15.918] [main/DEBUG] [mixin/]: FMLMixinPlatformAgent rejected container SecureJarResource(create)
[30Aug2025 03:51:15.918] [main/DEBUG] [mixin/]: Processing prepare() for PlatformAgent[MixinPlatformAgentDefault:SecureJarResource(create)]
[30Aug2025 03:51:15.918] [main/DEBUG] [mixin/]: Registering mixin config: create.mixins.json source=SecureJarResource(create)
[30Aug2025 03:51:15.918] [main/DEBUG] [mixin/]: Adding mixin platform agents for container SecureJarResource(createdeco)
[30Aug2025 03:51:15.918] [main/DEBUG] [mixin/]: Instancing new MixinPlatformAgentMinecraftForge for SecureJarResource(createdeco)
[30Aug2025 03:51:15.918] [main/DEBUG] [mixin/]: MixinPlatformAgentMinecraftForge rejected container SecureJarResource(createdeco)
[30Aug2025 03:51:15.918] [main/DEBUG] [mixin/]: Instancing new MixinPlatformAgentDefault for SecureJarResource(createdeco)
[30Aug2025 03:51:15.918] [main/DEBUG] [mixin/]: MixinPlatformAgentDefault accepted container SecureJarResource(createdeco)
[30Aug2025 03:51:15.918] [main/DEBUG] [mixin/]: Instancing new FMLMixinPlatformAgent for SecureJarResource(createdeco)
[30Aug2025 03:51:15.918] [main/DEBUG] [mixin/]: FMLMixinPlatformAgent rejected container SecureJarResource(createdeco)
[30Aug2025 03:51:15.918] [main/DEBUG] [mixin/]: Processing prepare() for PlatformAgent[MixinPlatformAgentDefault:SecureJarResource(createdeco)]
[30Aug2025 03:51:15.919] [main/DEBUG] [mixin/]: Adding mixin platform agents for container SecureJarResource(Registrate.MC1._21._62)
[30Aug2025 03:51:15.919] [main/DEBUG] [mixin/]: Instancing new MixinPlatformAgentMinecraftForge for SecureJarResource(Registrate.MC1._21._62)
[30Aug2025 03:51:15.919] [main/DEBUG] [mixin/]: MixinPlatformAgentMinecraftForge rejected container SecureJarResource(Registrate.MC1._21._62)
[30Aug2025 03:51:15.919] [main/DEBUG] [mixin/]: Instancing new MixinPlatformAgentDefault for SecureJarResource(Registrate.MC1._21._62)
[30Aug2025 03:51:15.919] [main/DEBUG] [mixin/]: MixinPlatformAgentDefault accepted container SecureJarResource(Registrate.MC1._21._62)
[30Aug2025 03:51:15.919] [main/DEBUG] [mixin/]: Instancing new FMLMixinPlatformAgent for SecureJarResource(Registrate.MC1._21._62)
[30Aug2025 03:51:15.919] [main/DEBUG] [mixin/]: FMLMixinPlatformAgent rejected container SecureJarResource(Registrate.MC1._21._62)
[30Aug2025 03:51:15.919] [main/DEBUG] [mixin/]: Processing prepare() for PlatformAgent[MixinPlatformAgentDefault:SecureJarResource(Registrate.MC1._21._62)]
[30Aug2025 03:51:15.919] [main/DEBUG] [mixin/]: Adding mixin platform agents for container SecureJarResource(mixinextras.neoforge)
[30Aug2025 03:51:15.919] [main/DEBUG] [mixin/]: Instancing new MixinPlatformAgentMinecraftForge for SecureJarResource(mixinextras.neoforge)
[30Aug2025 03:51:15.919] [main/DEBUG] [mixin/]: MixinPlatformAgentMinecraftForge rejected container SecureJarResource(mixinextras.neoforge)
[30Aug2025 03:51:15.919] [main/DEBUG] [mixin/]: Instancing new MixinPlatformAgentDefault for SecureJarResource(mixinextras.neoforge)
[30Aug2025 03:51:15.919] [main/DEBUG] [mixin/]: MixinPlatformAgentDefault accepted container SecureJarResource(mixinextras.neoforge)
[30Aug2025 03:51:15.919] [main/DEBUG] [mixin/]: Instancing new FMLMixinPlatformAgent for SecureJarResource(mixinextras.neoforge)
[30Aug2025 03:51:15.919] [main/DEBUG] [mixin/]: FMLMixinPlatformAgent rejected container SecureJarResource(mixinextras.neoforge)
[30Aug2025 03:51:15.919] [main/DEBUG] [mixin/]: Processing prepare() for PlatformAgent[MixinPlatformAgentDefault:SecureJarResource(mixinextras.neoforge)]
[30Aug2025 03:51:15.919] [main/DEBUG] [mixin/]: Registering mixin config: mixinextras.init.mixins.json source=SecureJarResource(mixinextras.neoforge)
[30Aug2025 03:51:15.921] [main/DEBUG] [mixin/]: inject() running with 10 agents
[30Aug2025 03:51:15.922] [main/DEBUG] [mixin/]: Processing inject() for PlatformAgent[MixinPlatformAgentDefault:ModLauncher Root Container(ModLauncher:4f56a0a2)]
[30Aug2025 03:51:15.922] [main/DEBUG] [mixin/]: Processing inject() for PlatformAgent[MixinPlatformAgentDefault:net.neoforged.fml.loading.mixin.FMLMixinContainerHandle@39e67516]
[30Aug2025 03:51:15.922] [main/DEBUG] [mixin/]: Processing inject() for PlatformAgent[FMLMixinPlatformAgent:null]
[30Aug2025 03:51:15.922] [main/DEBUG] [mixin/]: Processing inject() for PlatformAgent[MixinPlatformAgentDefault:SecureJarResource(mixin_synthetic)]
[30Aug2025 03:51:15.922] [main/DEBUG] [mixin/]: Processing inject() for PlatformAgent[MixinPlatformAgentDefault:SecureJarResource(minecraft)]
[30Aug2025 03:51:15.922] [main/DEBUG] [mixin/]: Processing inject() for PlatformAgent[MixinPlatformAgentDefault:SecureJarResource(flywheel)]
[30Aug2025 03:51:15.922] [main/DEBUG] [mixin/]: Processing inject() for PlatformAgent[MixinPlatformAgentDefault:SecureJarResource(ponder)]
[30Aug2025 03:51:15.922] [main/DEBUG] [mixin/]: Processing inject() for PlatformAgent[MixinPlatformAgentDefault:SecureJarResource(create)]
[30Aug2025 03:51:15.922] [main/DEBUG] [mixin/]: Processing inject() for PlatformAgent[MixinPlatformAgentDefault:SecureJarResource(createdeco)]
[30Aug2025 03:51:15.922] [main/DEBUG] [mixin/]: Processing inject() for PlatformAgent[MixinPlatformAgentDefault:SecureJarResource(Registrate.MC1._21._62)]
[30Aug2025 03:51:15.922] [main/DEBUG] [mixin/]: Processing inject() for PlatformAgent[MixinPlatformAgentDefault:SecureJarResource(mixinextras.neoforge)]
[30Aug2025 03:51:15.922] [main/INFO] [cpw.mods.modlauncher.LaunchServiceHandler/MODLAUNCHER]: Launching target 'forgeclientdev' with arguments [--version, 21.1.193, --gameDir, ., --assetsDir, C:\Users\micha\.gradle\caches\minecraft\assets, --assetIndex, asset-index]
[30Aug2025 03:51:15.990] [main/DEBUG] [mixin/]: Preparing mixins for MixinEnvironment[DEFAULT]
[30Aug2025 03:51:15.990] [main/DEBUG] [mixin/]: Selecting config flywheel.backend.mixins.json
[30Aug2025 03:51:16.007] [main/DEBUG] [mixin/]: Selecting config flywheel.impl.mixins.json
[30Aug2025 03:51:16.008] [main/DEBUG] [mixin/]: Selecting config ponder.mixins.json
[30Aug2025 03:51:16.008] [main/WARN] [mixin/]: Reference map 'ponder.refmap.json' for ponder.mixins.json could not be read. If this is a development environment you can ignore this message
[30Aug2025 03:51:16.008] [main/DEBUG] [mixin/]: Selecting config ponder-common.mixins.json
[30Aug2025 03:51:16.010] [main/WARN] [mixin/]: Reference map 'ponder.refmap.json' for ponder-common.mixins.json could not be read. If this is a development environment you can ignore this message
[30Aug2025 03:51:16.010] [main/DEBUG] [mixin/]: Selecting config create.mixins.json
[30Aug2025 03:51:16.010] [main/WARN] [mixin/]: Reference map 'create.refmap.json' for create.mixins.json could not be read. If this is a development environment you can ignore this message
[30Aug2025 03:51:16.010] [main/DEBUG] [mixin/]: Selecting config createdeco.mixins.json
[30Aug2025 03:51:16.010] [main/DEBUG] [mixin/]: Selecting config neoforge.mixins.json
[30Aug2025 03:51:16.011] [main/DEBUG] [mixin/]: Selecting config mixinextras.init.mixins.json
[30Aug2025 03:51:16.048] [main/DEBUG] [MixinExtras|Service/]: com.llamalad7.mixinextras.service.MixinExtrasServiceImpl(version=0.4.1) is taking over from null
[30Aug2025 03:51:16.096] [main/DEBUG] [mixin/]: Registering new injector for @Inject with org.spongepowered.asm.mixin.injection.struct.CallbackInjectionInfo
[30Aug2025 03:51:16.098] [main/DEBUG] [mixin/]: Registering new injector for @ModifyArg with org.spongepowered.asm.mixin.injection.struct.ModifyArgInjectionInfo
[30Aug2025 03:51:16.100] [main/DEBUG] [mixin/]: Registering new injector for @ModifyArgs with org.spongepowered.asm.mixin.injection.struct.ModifyArgsInjectionInfo
[30Aug2025 03:51:16.101] [main/DEBUG] [mixin/]: Registering new injector for @Redirect with org.spongepowered.asm.mixin.injection.struct.RedirectInjectionInfo
[30Aug2025 03:51:16.102] [main/DEBUG] [mixin/]: Registering new injector for @ModifyVariable with org.spongepowered.asm.mixin.injection.struct.ModifyVariableInjectionInfo
[30Aug2025 03:51:16.104] [main/DEBUG] [mixin/]: Registering new injector for @ModifyConstant with org.spongepowered.asm.mixin.injection.struct.ModifyConstantInjectionInfo
[30Aug2025 03:51:16.117] [main/DEBUG] [mixin/]: Preparing flywheel.backend.mixins.json (8)
[30Aug2025 03:51:16.144] [main/DEBUG] [net.neoforged.fml.common.asm.RuntimeDistCleaner/DISTXFORM]: Removing Class Annotation: net/minecraft/client/player/AbstractClientPlayer @Lnet/neoforged/api/distmarker/OnlyIn;
[30Aug2025 03:51:16.155] [main/TRACE] [mixin/]: Added class metadata for net/minecraft/client/player/AbstractClientPlayer to metadata cache
[30Aug2025 03:51:16.158] [main/DEBUG] [net.neoforged.fml.common.asm.RuntimeDistCleaner/DISTXFORM]: Removing Class Annotation: com/mojang/blaze3d/platform/GlStateManager @Lnet/neoforged/api/distmarker/OnlyIn;
[30Aug2025 03:51:16.163] [main/TRACE] [mixin/]: Added class metadata for com/mojang/blaze3d/platform/GlStateManager to metadata cache
[30Aug2025 03:51:16.170] [main/DEBUG] [net.neoforged.accesstransformer.AccessTransformer/AXFORM]: Transforming net.minecraft.client.renderer.LevelRenderer METHOD shouldShowEntityOutlines()Z to access PUBLIC and LEAVE
[30Aug2025 03:51:16.170] [main/DEBUG] [net.neoforged.fml.common.asm.RuntimeDistCleaner/DISTXFORM]: Removing Class Annotation: net/minecraft/client/renderer/LevelRenderer @Lnet/neoforged/api/distmarker/OnlyIn;
[30Aug2025 03:51:16.187] [main/TRACE] [mixin/]: Added class metadata for net/minecraft/client/renderer/LevelRenderer to metadata cache
[30Aug2025 03:51:16.189] [main/DEBUG] [net.neoforged.accesstransformer.AccessTransformer/AXFORM]: Transforming net.minecraft.client.Options INNERCLASS FieldAccess to access PUBLIC and LEAVE
[30Aug2025 03:51:16.190] [main/DEBUG] [net.neoforged.accesstransformer.AccessTransformer/AXFORM]: Transforming net.minecraft.client.Options FIELD keyMappings to access PUBLIC and REMOVEFINAL
[30Aug2025 03:51:16.190] [main/DEBUG] [net.neoforged.fml.common.asm.RuntimeDistCleaner/DISTXFORM]: Removing Class Annotation: net/minecraft/client/Options @Lnet/neoforged/api/distmarker/OnlyIn;
[30Aug2025 03:51:16.195] [main/TRACE] [mixin/]: Added class metadata for net/minecraft/client/Options to metadata cache
[30Aug2025 03:51:16.197] [main/DEBUG] [net.neoforged.fml.common.asm.RuntimeDistCleaner/DISTXFORM]: Removing Class Annotation: com/mojang/blaze3d/systems/RenderSystem @Lnet/neoforged/api/distmarker/OnlyIn;
[30Aug2025 03:51:16.198] [main/TRACE] [mixin/]: Added class metadata for com/mojang/blaze3d/systems/RenderSystem to metadata cache
[30Aug2025 03:51:16.200] [main/TRACE] [mixin/]: Added class metadata for net/minecraft/world/level/lighting/LightEngine to metadata cache
[30Aug2025 03:51:16.200] [main/TRACE] [mixin/]: Added class metadata for net/minecraft/world/level/lighting/SkyLightSectionStorage$SkyDataLayerStorageMap to metadata cache
[30Aug2025 03:51:16.200] [main/TRACE] [mixin/]: Added class metadata for net/minecraft/world/level/lighting/SkyLightSectionStorage to metadata cache
[30Aug2025 03:51:16.200] [main/DEBUG] [mixin/]: Preparing flywheel.impl.mixins.json (14)
[30Aug2025 03:51:16.204] [main/DEBUG] [net.neoforged.accesstransformer.AccessTransformer/AXFORM]: Transforming net.minecraft.world.level.block.entity.BlockEntityType INNERCLASS BlockEntitySupplier to access PUBLIC and LEAVE
[30Aug2025 03:51:16.206] [main/TRACE] [mixin/]: Added class metadata for net/minecraft/world/level/block/entity/BlockEntityType to metadata cache
[30Aug2025 03:51:16.206] [main/DEBUG] [net.neoforged.fml.common.asm.RuntimeDistCleaner/DISTXFORM]: Removing Class Annotation: net/minecraft/client/multiplayer/ClientChunkCache @Lnet/neoforged/api/distmarker/OnlyIn;
[30Aug2025 03:51:16.208] [main/TRACE] [mixin/]: Added class metadata for net/minecraft/client/multiplayer/ClientChunkCache to metadata cache
[30Aug2025 03:51:16.220] [main/TRACE] [mixin/]: Added class metadata for net/minecraft/world/entity/EntityType to metadata cache
[30Aug2025 03:51:16.221] [main/DEBUG] [net.neoforged.accesstransformer.AccessTransformer/AXFORM]: Transforming net.minecraft.world.level.Level FIELD oRainLevel to access PUBLIC and LEAVE
[30Aug2025 03:51:16.221] [main/DEBUG] [net.neoforged.accesstransformer.AccessTransformer/AXFORM]: Transforming net.minecraft.world.level.Level FIELD rainLevel to access PUBLIC and LEAVE
[30Aug2025 03:51:16.221] [main/DEBUG] [net.neoforged.accesstransformer.AccessTransformer/AXFORM]: Transforming net.minecraft.world.level.Level FIELD oThunderLevel to access PUBLIC and LEAVE
[30Aug2025 03:51:16.221] [main/DEBUG] [net.neoforged.accesstransformer.AccessTransformer/AXFORM]: Transforming net.minecraft.world.level.Level FIELD thunderLevel to access PUBLIC and LEAVE
[30Aug2025 03:51:16.226] [main/TRACE] [mixin/]: Added class metadata for net/minecraft/world/level/Level to metadata cache
[30Aug2025 03:51:16.229] [main/DEBUG] [net.neoforged.fml.common.asm.RuntimeDistCleaner/DISTXFORM]: Removing Class Annotation: net/minecraft/client/Minecraft @Lnet/neoforged/api/distmarker/OnlyIn;
[30Aug2025 03:51:16.239] [main/TRACE] [mixin/]: Added class metadata for net/minecraft/client/Minecraft to metadata cache
[30Aug2025 03:51:16.241] [main/DEBUG] [net.neoforged.accesstransformer.AccessTransformer/AXFORM]: Transforming net.minecraft.client.model.geom.ModelPart FIELD cubes to access PUBLIC and LEAVE
[30Aug2025 03:51:16.241] [main/DEBUG] [net.neoforged.accesstransformer.AccessTransformer/AXFORM]: Transforming net.minecraft.client.model.geom.ModelPart FIELD children to access PUBLIC and LEAVE
[30Aug2025 03:51:16.241] [main/DEBUG] [net.neoforged.fml.common.asm.RuntimeDistCleaner/DISTXFORM]: Removing Class Annotation: net/minecraft/client/model/geom/ModelPart @Lnet/neoforged/api/distmarker/OnlyIn;
[30Aug2025 03:51:16.242] [main/TRACE] [mixin/]: Added class metadata for net/minecraft/client/model/geom/ModelPart to metadata cache
[30Aug2025 03:51:16.242] [main/DEBUG] [net.neoforged.fml.common.asm.RuntimeDistCleaner/DISTXFORM]: Removing Class Annotation: com/mojang/blaze3d/vertex/PoseStack @Lnet/neoforged/api/distmarker/OnlyIn;
[30Aug2025 03:51:16.242] [main/TRACE] [mixin/]: Added class metadata for com/mojang/blaze3d/vertex/PoseStack to metadata cache
[30Aug2025 03:51:16.244] [main/TRACE] [mixin/]: Added class metadata for net/minecraft/world/level/block/entity/BlockEntity to metadata cache
[30Aug2025 03:51:16.245] [main/TRACE] [mixin/]: Added class metadata for net/minecraft/world/level/chunk/LevelChunk to metadata cache
[30Aug2025 03:51:16.247] [main/DEBUG] [net.neoforged.fml.common.asm.RuntimeDistCleaner/DISTXFORM]: Removing Class Annotation: net/minecraft/client/renderer/chunk/SectionCompiler @Lnet/neoforged/api/distmarker/OnlyIn;
[30Aug2025 03:51:16.247] [main/TRACE] [mixin/]: Added class metadata for net/minecraft/client/renderer/chunk/SectionCompiler to metadata cache
[30Aug2025 03:51:16.247] [main/DEBUG] [mixin/]: Preparing ponder.mixins.json (1)
[30Aug2025 03:51:16.248] [main/DEBUG] [net.neoforged.accesstransformer.AccessTransformer/AXFORM]: Transforming net.minecraft.client.particle.ParticleEngine INNERCLASS SpriteParticleRegistration to access PUBLIC and LEAVE
[30Aug2025 03:51:16.248] [main/DEBUG] [net.neoforged.accesstransformer.AccessTransformer/AXFORM]: Transforming net.minecraft.client.particle.ParticleEngine METHOD register(Lnet/minecraft/core/particles/ParticleType;Lnet/minecraft/client/particle/ParticleProvider;)V to access PUBLIC and LEAVE
[30Aug2025 03:51:16.248] [main/DEBUG] [net.neoforged.accesstransformer.AccessTransformer/AXFORM]: Transforming net.minecraft.client.particle.ParticleEngine METHOD register(Lnet/minecraft/core/particles/ParticleType;Lnet/minecraft/client/particle/ParticleProvider$Sprite;)V to access PUBLIC and LEAVE
[30Aug2025 03:51:16.248] [main/DEBUG] [net.neoforged.accesstransformer.AccessTransformer/AXFORM]: Transforming net.minecraft.client.particle.ParticleEngine METHOD register(Lnet/minecraft/core/particles/ParticleType;Lnet/minecraft/client/particle/ParticleEngine$SpriteParticleRegistration;)V to access PUBLIC and LEAVE
[30Aug2025 03:51:16.248] [main/DEBUG] [net.neoforged.fml.common.asm.RuntimeDistCleaner/DISTXFORM]: Removing Class Annotation: net/minecraft/client/particle/ParticleEngine @Lnet/neoforged/api/distmarker/OnlyIn;
[30Aug2025 03:51:16.250] [main/TRACE] [mixin/]: Added class metadata for net/minecraft/client/particle/ParticleEngine to metadata cache
[30Aug2025 03:51:16.251] [main/DEBUG] [mixin/]: Preparing ponder-common.mixins.json (12)
[30Aug2025 03:51:16.251] [main/DEBUG] [net.neoforged.accesstransformer.AccessTransformer/AXFORM]: Transforming net.minecraft.world.level.biome.BiomeManager FIELD biomeZoomSeed to access PUBLIC and LEAVE
[30Aug2025 03:51:16.253] [main/TRACE] [mixin/]: Added class metadata for net/minecraft/world/level/biome/BiomeManager to metadata cache
[30Aug2025 03:51:16.258] [main/DEBUG] [net.neoforged.accesstransformer.AccessTransformer/AXFORM]: Transforming net.minecraft.world.entity.Entity FIELD ENTITY_COUNTER to access PROTECTED and LEAVE
[30Aug2025 03:51:16.258] [main/DEBUG] [net.neoforged.accesstransformer.AccessTransformer/AXFORM]: Transforming net.minecraft.world.entity.Entity FIELD removalReason to access PUBLIC and LEAVE
[30Aug2025 03:51:16.258] [main/DEBUG] [net.neoforged.accesstransformer.AccessTransformer/AXFORM]: Transforming net.minecraft.world.entity.Entity METHOD getEncodeId()Ljava/lang/String; to access PUBLIC and LEAVE
[30Aug2025 03:51:16.267] [main/TRACE] [mixin/]: Added class metadata for net/minecraft/world/entity/Entity to metadata cache
[30Aug2025 03:51:16.270] [main/DEBUG] [net.neoforged.accesstransformer.AccessTransformer/AXFORM]: Transforming net.minecraft.server.MinecraftServer INNERCLASS ReloadableResources to access PUBLIC and LEAVE
[30Aug2025 03:51:16.270] [main/DEBUG] [net.neoforged.accesstransformer.AccessTransformer/AXFORM]: Transforming net.minecraft.server.MinecraftServer FIELD storageSource to access PUBLIC and LEAVE
[30Aug2025 03:51:16.270] [main/DEBUG] [net.neoforged.accesstransformer.AccessTransformer/AXFORM]: Transforming net.minecraft.server.MinecraftServer FIELD nextTickTimeNanos to access PROTECTED and LEAVE
[30Aug2025 03:51:16.275] [main/TRACE] [mixin/]: Added class metadata for net/minecraft/server/MinecraftServer to metadata cache
[30Aug2025 03:51:16.276] [main/DEBUG] [net.neoforged.fml.common.asm.RuntimeDistCleaner/DISTXFORM]: Removing Class Annotation: net/minecraft/client/DeltaTracker$Timer @Lnet/neoforged/api/distmarker/OnlyIn;
[30Aug2025 03:51:16.278] [main/TRACE] [mixin/]: Added class metadata for net/minecraft/client/DeltaTracker$Timer to metadata cache
[30Aug2025 03:51:16.278] [main/DEBUG] [net.neoforged.fml.common.asm.RuntimeDistCleaner/DISTXFORM]: Removing Class Annotation: com/mojang/blaze3d/vertex/BufferBuilder @Lnet/neoforged/api/distmarker/OnlyIn;
[30Aug2025 03:51:16.278] [main/TRACE] [mixin/]: Added class metadata for com/mojang/blaze3d/vertex/BufferBuilder to metadata cache
[30Aug2025 03:51:16.281] [main/DEBUG] [net.neoforged.accesstransformer.AccessTransformer/AXFORM]: Transforming net.minecraft.client.multiplayer.ClientPacketListener FIELD serverChunkRadius to access PUBLIC and LEAVE
[30Aug2025 03:51:16.281] [main/DEBUG] [net.neoforged.accesstransformer.AccessTransformer/AXFORM]: Transforming net.minecraft.client.multiplayer.ClientPacketListener FIELD commands to access PUBLIC and LEAVE
[30Aug2025 03:51:16.281] [main/DEBUG] [net.neoforged.fml.common.asm.RuntimeDistCleaner/DISTXFORM]: Removing Class Annotation: net/minecraft/client/multiplayer/ClientPacketListener @Lnet/neoforged/api/distmarker/OnlyIn;
[30Aug2025 03:51:16.287] [main/TRACE] [mixin/]: Added class metadata for net/minecraft/client/multiplayer/ClientPacketListener to metadata cache
[30Aug2025 03:51:16.290] [main/DEBUG] [net.neoforged.accesstransformer.AccessTransformer/AXFORM]: Transforming net.minecraft.client.renderer.GameRenderer METHOD loadEffect(Lnet/minecraft/resources/ResourceLocation;)V to access PUBLIC and LEAVE
[30Aug2025 03:51:16.290] [main/DEBUG] [net.neoforged.fml.common.asm.RuntimeDistCleaner/DISTXFORM]: Removing Class Annotation: net/minecraft/client/renderer/GameRenderer @Lnet/neoforged/api/distmarker/OnlyIn;
[30Aug2025 03:51:16.296] [main/TRACE] [mixin/]: Added class metadata for net/minecraft/client/renderer/GameRenderer to metadata cache
[30Aug2025 03:51:16.296] [main/DEBUG] [net.neoforged.accesstransformer.AccessTransformer/AXFORM]: Transforming net.minecraft.client.renderer.entity.ItemRenderer FIELD textureManager to access PUBLIC and LEAVE
[30Aug2025 03:51:16.296] [main/DEBUG] [net.neoforged.accesstransformer.AccessTransformer/AXFORM]: Transforming net.minecraft.client.renderer.entity.ItemRenderer METHOD renderModelLists(Lnet/minecraft/client/resources/model/BakedModel;Lnet/minecraft/world/item/ItemStack;IILcom/mojang/blaze3d/vertex/PoseStack;Lcom/mojang/blaze3d/vertex/VertexConsumer;)V to access PUBLIC and LEAVE
[30Aug2025 03:51:16.296] [main/DEBUG] [net.neoforged.accesstransformer.AccessTransformer/AXFORM]: Transforming net.minecraft.client.renderer.entity.ItemRenderer METHOD renderQuadList(Lcom/mojang/blaze3d/vertex/PoseStack;Lcom/mojang/blaze3d/vertex/VertexConsumer;Ljava/util/List;Lnet/minecraft/world/item/ItemStack;II)V to access PUBLIC and LEAVE
[30Aug2025 03:51:16.297] [main/DEBUG] [net.neoforged.fml.common.asm.RuntimeDistCleaner/DISTXFORM]: Removing Class Annotation: net/minecraft/client/renderer/entity/ItemRenderer @Lnet/neoforged/api/distmarker/OnlyIn;
[30Aug2025 03:51:16.297] [main/TRACE] [mixin/]: Added class metadata for net/minecraft/client/renderer/entity/ItemRenderer to metadata cache
[30Aug2025 03:51:16.300] [main/DEBUG] [net.neoforged.accesstransformer.AccessTransformer/AXFORM]: Transforming net.minecraft.client.renderer.RenderType FIELDWILDCARD to access PUBLIC and LEAVE
[30Aug2025 03:51:16.300] [main/DEBUG] [net.neoforged.accesstransformer.AccessTransformer/AXFORM]: Transforming net.minecraft.client.renderer.RenderType INNERCLASS CompositeRenderType to access PUBLIC and LEAVE
[30Aug2025 03:51:16.300] [main/DEBUG] [net.neoforged.accesstransformer.AccessTransformer/AXFORM]: Transforming net.minecraft.client.renderer.RenderType INNERCLASS CompositeState to access PUBLIC and LEAVE
[30Aug2025 03:51:16.300] [main/DEBUG] [net.neoforged.accesstransformer.AccessTransformer/AXFORM]: Transforming net.minecraft.client.renderer.RenderType INNERCLASS OutlineProperty to access PUBLIC and LEAVE
[30Aug2025 03:51:16.300] [main/DEBUG] [net.neoforged.accesstransformer.AccessTransformer/AXFORM]: Transforming net.minecraft.client.renderer.RenderType METHOD create(Ljava/lang/String;Lcom/mojang/blaze3d/vertex/VertexFormat;Lcom/mojang/blaze3d/vertex/VertexFormat$Mode;ILnet/minecraft/client/renderer/RenderType$CompositeState;)Lnet/minecraft/client/renderer/RenderType$CompositeRenderType; to access PUBLIC and LEAVE
[30Aug2025 03:51:16.300] [main/DEBUG] [net.neoforged.accesstransformer.AccessTransformer/AXFORM]: Transforming net.minecraft.client.renderer.RenderType METHOD create(Ljava/lang/String;Lcom/mojang/blaze3d/vertex/VertexFormat;Lcom/mojang/blaze3d/vertex/VertexFormat$Mode;IZZLnet/minecraft/client/renderer/RenderType$CompositeState;)Lnet/minecraft/client/renderer/RenderType$CompositeRenderType; to access PUBLIC and LEAVE
[30Aug2025 03:51:16.300] [main/DEBUG] [net.neoforged.fml.common.asm.RuntimeDistCleaner/DISTXFORM]: Removing Class Annotation: net/minecraft/client/renderer/RenderType @Lnet/neoforged/api/distmarker/OnlyIn;
[30Aug2025 03:51:16.303] [main/TRACE] [mixin/]: Added class metadata for net/minecraft/client/renderer/RenderType to metadata cache
[30Aug2025 03:51:16.308] [main/DEBUG] [net.neoforged.accesstransformer.AccessTransformer/AXFORM]: Transforming net.minecraft.client.gui.screens.Screen FIELD renderables to access PUBLIC and LEAVE
[30Aug2025 03:51:16.308] [main/DEBUG] [net.neoforged.fml.common.asm.RuntimeDistCleaner/DISTXFORM]: Removing Class Annotation: net/minecraft/client/gui/screens/Screen @Lnet/neoforged/api/distmarker/OnlyIn;
[30Aug2025 03:51:16.309] [main/TRACE] [mixin/]: Added class metadata for net/minecraft/client/gui/screens/Screen to metadata cache
[30Aug2025 03:51:16.311] [main/DEBUG] [mixin/]: Preparing createdeco.mixins.json (1)
[30Aug2025 03:51:16.312] [main/TRACE] [mixin/]: Added class metadata for com/simibubi/create/content/logistics/vault/ItemVaultBlockEntity to metadata cache
[30Aug2025 03:51:16.312] [main/DEBUG] [mixin/]: Preparing neoforge.mixins.json (2)
[30Aug2025 03:51:16.315] [main/TRACE] [mixin/]: Added class metadata for net/minecraft/core/MappedRegistry to metadata cache
[30Aug2025 03:51:16.315] [main/DEBUG] [mixin/]: Preparing mixinextras.init.mixins.json (0)
[30Aug2025 03:51:16.315] [main/DEBUG] [mixin/]: Preparing create.mixins.json (61)
[30Aug2025 03:51:16.328] [main/TRACE] [mixin/]: Added class metadata for net/minecraft/world/item/armortrim/ArmorTrim to metadata cache
[30Aug2025 03:51:16.329] [main/TRACE] [mixin/]: Added class metadata for net/minecraft/world/level/block/BeehiveBlock to metadata cache
[30Aug2025 03:51:16.329] [main/TRACE] [mixin/]: Added class metadata for net/minecraft/world/item/BlockItem to metadata cache
[30Aug2025 03:51:16.331] [main/DEBUG] [net.neoforged.accesstransformer.AccessTransformer/AXFORM]: Transforming net.minecraft.world.level.block.Block METHOD popExperience(Lnet/minecraft/server/level/ServerLevel;Lnet/minecraft/core/BlockPos;I)V to access PUBLIC and LEAVE
[30Aug2025 03:51:16.333] [main/TRACE] [mixin/]: Added class metadata for net/minecraft/world/level/block/Block to metadata cache
[30Aug2025 03:51:16.335] [main/TRACE] [mixin/]: Added class metadata for net/minecraft/core/registries/BuiltInRegistries to metadata cache
[30Aug2025 03:51:16.340] [main/DEBUG] [net.neoforged.accesstransformer.AccessTransformer/AXFORM]: Transforming net.minecraft.world.entity.LivingEntity FIELD jumping to access PUBLIC and LEAVE
[30Aug2025 03:51:16.340] [main/DEBUG] [net.neoforged.accesstransformer.AccessTransformer/AXFORM]: Transforming net.minecraft.world.entity.LivingEntity METHOD getHitbox()Lnet/minecraft/world/phys/AABB; to access PUBLIC and LEAVE
[30Aug2025 03:51:16.340] [main/DEBUG] [net.neoforged.accesstransformer.AccessTransformer/AXFORM]: Transforming net.minecraft.world.entity.LivingEntity METHOD getCurrentSwingDuration()I to access PUBLIC and LEAVE
[30Aug2025 03:51:16.350] [main/TRACE] [mixin/]: Added class metadata for net/minecraft/world/entity/LivingEntity to metadata cache
[30Aug2025 03:51:16.351] [main/TRACE] [mixin/]: Added class metadata for net/minecraft/world/level/storage/loot/functions/EnchantedCountIncreaseFunction to metadata cache
[30Aug2025 03:51:16.352] [main/DEBUG] [net.neoforged.accesstransformer.AccessTransformer/AXFORM]: Transforming net.minecraft.world.level.saveddata.maps.MapItemSavedData METHOD removeDecoration(Ljava/lang/String;)V to access PUBLIC and LEAVE
[30Aug2025 03:51:16.352] [main/DEBUG] [net.neoforged.accesstransformer.AccessTransformer/AXFORM]: Transforming net.minecraft.world.level.saveddata.maps.MapItemSavedData METHOD addDecoration(Lnet/minecraft/core/Holder;Lnet/minecraft/world/level/LevelAccessor;Ljava/lang/String;DDDLnet/minecraft/network/chat/Component;)V to access PUBLIC and LEAVE
[30Aug2025 03:51:16.354] [main/TRACE] [mixin/]: Added class metadata for net/minecraft/world/level/saveddata/maps/MapItemSavedData to metadata cache
[30Aug2025 03:51:16.356] [main/DEBUG] [net.neoforged.accesstransformer.AccessTransformer/AXFORM]: Transforming net.minecraft.world.entity.Mob FIELD goalSelector to access PUBLIC and LEAVE
[30Aug2025 03:51:16.356] [main/DEBUG] [net.neoforged.accesstransformer.AccessTransformer/AXFORM]: Transforming net.minecraft.world.entity.Mob FIELD targetSelector to access PUBLIC and LEAVE
[30Aug2025 03:51:16.361] [main/TRACE] [mixin/]: Added class metadata for net/minecraft/world/entity/Mob to metadata cache
[30Aug2025 03:51:16.364] [main/DEBUG] [net.neoforged.accesstransformer.AccessTransformer/AXFORM]: Transforming net.minecraft.world.entity.player.Player METHOD closeContainer()V to access PUBLIC and LEAVE
[30Aug2025 03:51:16.369] [main/TRACE] [mixin/]: Added class metadata for net/minecraft/world/entity/player/Player to metadata cache
[30Aug2025 03:51:16.369] [main/TRACE] [mixin/]: Added class metadata for net/minecraft/world/entity/projectile/ProjectileUtil to metadata cache
[30Aug2025 03:51:16.371] [main/TRACE] [mixin/]: Added class metadata for net/minecraft/world/level/block/ShulkerBoxBlock to metadata cache
[30Aug2025 03:51:16.371] [main/TRACE] [mixin/]: Added class metadata for net/minecraft/world/inventory/SmithingMenu to metadata cache
[30Aug2025 03:51:16.374] [main/TRACE] [mixin/]: Added class metadata for net/minecraft/gametest/framework/TestCommand to metadata cache
[30Aug2025 03:51:16.375] [main/TRACE] [mixin/]: Added class metadata for net/minecraft/world/level/material/FlowingFluid to metadata cache
[30Aug2025 03:51:16.375] [main/DEBUG] [net.neoforged.accesstransformer.AccessTransformer/AXFORM]: Transforming net.minecraft.world.level.block.state.BlockBehaviour METHOD propertiesCodec()Lcom/mojang/serialization/codecs/RecordCodecBuilder; to access PUBLIC and LEAVE
[30Aug2025 03:51:16.377] [main/TRACE] [mixin/]: Added class metadata for net/minecraft/world/level/block/state/BlockBehaviour to metadata cache
[30Aug2025 03:51:16.377] [main/DEBUG] [net.neoforged.accesstransformer.AccessTransformer/AXFORM]: Transforming net.minecraft.data.loot.BlockLootSubProvider METHOD createSelfDropDispatchTable(Lnet/minecraft/world/level/block/Block;Lnet/minecraft/world/level/storage/loot/predicates/LootItemCondition$Builder;Lnet/minecraft/world/level/storage/loot/entries/LootPoolEntryContainer$Builder;)Lnet/minecraft/world/level/storage/loot/LootTable$Builder; to access PROTECTED and LEAVE
[30Aug2025 03:51:16.378] [main/DEBUG] [net.neoforged.accesstransformer.AccessTransformer/AXFORM]: Transforming net.minecraft.data.loot.BlockLootSubProvider METHOD createSilkTouchOnlyTable(Lnet/minecraft/world/level/ItemLike;)Lnet/minecraft/world/level/storage/loot/LootTable$Builder; to access PROTECTED and LEAVE
[30Aug2025 03:51:16.378] [main/DEBUG] [net.neoforged.accesstransformer.AccessTransformer/AXFORM]: Transforming net.minecraft.data.loot.BlockLootSubProvider METHOD createPotFlowerItemTable(Lnet/minecraft/world/level/ItemLike;)Lnet/minecraft/world/level/storage/loot/LootTable$Builder; to access PROTECTED and LEAVE
[30Aug2025 03:51:16.378] [main/TRACE] [mixin/]: Added class metadata for net/minecraft/data/loot/BlockLootSubProvider to metadata cache
[30Aug2025 03:51:16.380] [main/TRACE] [mixin/]: Added class metadata for net/minecraft/world/level/block/ConcretePowderBlock to metadata cache
[30Aug2025 03:51:16.380] [main/DEBUG] [net.neoforged.accesstransformer.AccessTransformer/AXFORM]: Transforming net.minecraft.world.level.block.CropBlock METHOD <init>(Lnet/minecraft/world/level/block/state/BlockBehaviour$Properties;)V to access PUBLIC and LEAVE
[30Aug2025 03:51:16.380] [main/DEBUG] [net.neoforged.accesstransformer.AccessTransformer/AXFORM]: Transforming net.minecraft.world.level.block.CropBlock METHOD hasSufficientLight(Lnet/minecraft/world/level/LevelReader;Lnet/minecraft/core/BlockPos;)Z to access PUBLIC and LEAVE
[30Aug2025 03:51:16.380] [main/TRACE] [mixin/]: Added class metadata for net/minecraft/world/level/block/CropBlock to metadata cache
[30Aug2025 03:51:16.381] [main/DEBUG] [net.neoforged.accesstransformer.AccessTransformer/AXFORM]: Transforming net.minecraft.world.level.block.DispenserBlock METHOD <init>(Lnet/minecraft/world/level/block/state/BlockBehaviour$Properties;)V to access PUBLIC and LEAVE
[30Aug2025 03:51:16.381] [main/TRACE] [mixin/]: Added class metadata for net/minecraft/world/level/block/DispenserBlock to metadata cache
[30Aug2025 03:51:16.383] [main/TRACE] [mixin/]: Added class metadata for net/minecraft/world/entity/item/FallingBlockEntity to metadata cache
[30Aug2025 03:51:16.383] [main/TRACE] [mixin/]: Added class metadata for net/neoforged/neoforge/fluids/FluidInteractionRegistry to metadata cache
[30Aug2025 03:51:16.384] [main/DEBUG] [net.neoforged.accesstransformer.AccessTransformer/AXFORM]: Transforming net.minecraft.gametest.framework.GameTestHelper FIELD testInfo to access PUBLIC and LEAVE
[30Aug2025 03:51:16.386] [main/TRACE] [mixin/]: Added class metadata for net/minecraft/gametest/framework/GameTestHelper to metadata cache
[30Aug2025 03:51:16.387] [main/DEBUG] [net.neoforged.accesstransformer.AccessTransformer/AXFORM]: Transforming net.minecraft.data.models.ItemModelGenerators INNERCLASS TrimModelData to access PUBLIC and LEAVE
[30Aug2025 03:51:16.387] [main/DEBUG] [net.neoforged.accesstransformer.AccessTransformer/AXFORM]: Transforming net.minecraft.data.models.ItemModelGenerators FIELD GENERATED_TRIM_MODELS to access PUBLIC and LEAVE
[30Aug2025 03:51:16.388] [main/TRACE] [mixin/]: Added class metadata for net/minecraft/data/models/ItemModelGenerators to metadata cache
[30Aug2025 03:51:16.388] [main/TRACE] [mixin/]: Added class metadata for net/neoforged/neoforge/items/ItemStackHandler to metadata cache
[30Aug2025 03:51:16.388] [main/TRACE] [mixin/]: Added class metadata for net/minecraft/world/entity/vehicle/MinecartFurnace to metadata cache
[30Aug2025 03:51:16.390] [main/TRACE] [mixin/]: Added class metadata for net/minecraft/world/effect/MobEffectInstance to metadata cache
[30Aug2025 03:51:16.390] [main/TRACE] [mixin/]: Added class metadata for net/minecraft/nbt/NbtAccounter to metadata cache
[30Aug2025 03:51:16.392] [main/DEBUG] [net.neoforged.accesstransformer.AccessTransformer/AXFORM]: Transforming net.minecraft.world.item.alchemy.PotionBrewing INNERCLASS Mix to access PUBLIC and LEAVE
[30Aug2025 03:51:16.392] [main/TRACE] [mixin/]: Added class metadata for net/minecraft/world/item/alchemy/PotionBrewing to metadata cache
[30Aug2025 03:51:16.392] [main/TRACE] [mixin/]: Added class metadata for net/minecraft/core/dispenser/ProjectileDispenseBehavior to metadata cache
[30Aug2025 03:51:16.395] [main/DEBUG] [net.neoforged.accesstransformer.AccessTransformer/AXFORM]: Transforming net.minecraft.server.level.ServerLevel METHOD getEntities()Lnet/minecraft/world/level/entity/LevelEntityGetter; to access PUBLIC and LEAVE
[30Aug2025 03:51:16.399] [main/TRACE] [mixin/]: Added class metadata for net/minecraft/server/level/ServerLevel to metadata cache
[30Aug2025 03:51:16.399] [main/DEBUG] [net.neoforged.accesstransformer.AccessTransformer/AXFORM]: Transforming net.minecraft.world.item.crafting.ShapedRecipe FIELD pattern to access PUBLIC and LEAVE
[30Aug2025 03:51:16.401] [main/TRACE] [mixin/]: Added class metadata for net/minecraft/world/item/crafting/ShapedRecipe to metadata cache
[30Aug2025 03:51:16.402] [main/TRACE] [mixin/]: Added class metadata for net/minecraft/world/level/block/state/StateHolder to metadata cache
[30Aug2025 03:51:16.402] [main/TRACE] [mixin/]: Added class metadata for net/minecraft/SystemReport to metadata cache
[30Aug2025 03:51:16.402] [main/DEBUG] [net.neoforged.accesstransformer.AccessTransformer/AXFORM]: Transforming net.minecraft.world.item.context.UseOnContext METHOD <init>(Lnet/minecraft/world/level/Level;Lnet/minecraft/world/entity/player/Player;Lnet/minecraft/world/InteractionHand;Lnet/minecraft/world/item/ItemStack;Lnet/minecraft/world/phys/BlockHitResult;)V to access PUBLIC and LEAVE
[30Aug2025 03:51:16.402] [main/TRACE] [mixin/]: Added class metadata for net/minecraft/world/item/context/UseOnContext to metadata cache
[30Aug2025 03:51:16.404] [main/TRACE] [mixin/]: Added class metadata for net/minecraft/util/datafix/fixes/BlockPosFormatAndRenamesFix to metadata cache
[30Aug2025 03:51:16.405] [main/DEBUG] [net.neoforged.accesstransformer.AccessTransformer/AXFORM]: Transforming net.minecraft.util.datafix.fixes.ItemStackComponentizationFix INNERCLASS ItemStackData to access PUBLIC and LEAVE
[30Aug2025 03:51:16.407] [main/TRACE] [mixin/]: Added class metadata for net/minecraft/util/datafix/fixes/ItemStackComponentizationFix to metadata cache
[30Aug2025 03:51:16.407] [main/TRACE] [mixin/]: Added class metadata for net/minecraft/util/datafix/schemas/V1460 to metadata cache
[30Aug2025 03:51:16.412] [main/DEBUG] [net.neoforged.accesstransformer.AccessTransformer/AXFORM]: Transforming net.minecraft.client.model.AgeableListModel FIELD scaleHead to access PUBLIC and LEAVE
[30Aug2025 03:51:16.412] [main/DEBUG] [net.neoforged.accesstransformer.AccessTransformer/AXFORM]: Transforming net.minecraft.client.model.AgeableListModel FIELD babyYHeadOffset to access PUBLIC and LEAVE
[30Aug2025 03:51:16.413] [main/DEBUG] [net.neoforged.accesstransformer.AccessTransformer/AXFORM]: Transforming net.minecraft.client.model.AgeableListModel FIELD babyZHeadOffset to access PUBLIC and LEAVE
[30Aug2025 03:51:16.413] [main/DEBUG] [net.neoforged.accesstransformer.AccessTransformer/AXFORM]: Transforming net.minecraft.client.model.AgeableListModel FIELD babyHeadScale to access PUBLIC and LEAVE
[30Aug2025 03:51:16.413] [main/DEBUG] [net.neoforged.fml.common.asm.RuntimeDistCleaner/DISTXFORM]: Removing Class Annotation: net/minecraft/client/model/AgeableListModel @Lnet/neoforged/api/distmarker/OnlyIn;
[30Aug2025 03:51:16.413] [main/TRACE] [mixin/]: Added class metadata for net/minecraft/client/model/AgeableListModel to metadata cache
[30Aug2025 03:51:16.415] [main/DEBUG] [net.neoforged.fml.common.asm.RuntimeDistCleaner/DISTXFORM]: Removing Class Annotation: net/minecraft/client/renderer/entity/EntityRenderDispatcher @Lnet/neoforged/api/distmarker/OnlyIn;
[30Aug2025 03:51:16.415] [main/TRACE] [mixin/]: Added class metadata for net/minecraft/client/renderer/entity/EntityRenderDispatcher to metadata cache
[30Aug2025 03:51:16.416] [main/DEBUG] [net.neoforged.accesstransformer.AccessTransformer/AXFORM]: Transforming net.minecraft.client.gui.Font METHOD getFontSet(Lnet/minecraft/resources/ResourceLocation;)Lnet/minecraft/client/gui/font/FontSet; to access PUBLIC and LEAVE
[30Aug2025 03:51:16.416] [main/DEBUG] [net.neoforged.fml.common.asm.RuntimeDistCleaner/DISTXFORM]: Removing Class Annotation: net/minecraft/client/gui/Font @Lnet/neoforged/api/distmarker/OnlyIn;
[30Aug2025 03:51:16.418] [main/TRACE] [mixin/]: Added class metadata for net/minecraft/client/gui/Font to metadata cache
[30Aug2025 03:51:16.419] [main/DEBUG] [net.neoforged.accesstransformer.AccessTransformer/AXFORM]: Transforming net.minecraft.client.gui.Gui INNERCLASS HeartType to access PUBLIC and LEAVE
[30Aug2025 03:51:16.419] [main/DEBUG] [net.neoforged.fml.common.asm.RuntimeDistCleaner/DISTXFORM]: Removing Class Annotation: net/minecraft/client/gui/Gui @Lnet/neoforged/api/distmarker/OnlyIn;
[30Aug2025 03:51:16.425] [main/TRACE] [mixin/]: Added class metadata for net/minecraft/client/gui/Gui to metadata cache
[30Aug2025 03:51:16.425] [main/DEBUG] [net.neoforged.fml.common.asm.RuntimeDistCleaner/DISTXFORM]: Removing Class Annotation: net/minecraft/client/renderer/entity/layers/HumanoidArmorLayer @Lnet/neoforged/api/distmarker/OnlyIn;
[30Aug2025 03:51:16.426] [main/TRACE] [mixin/]: Added class metadata for net/minecraft/client/renderer/entity/layers/HumanoidArmorLayer to metadata cache
[30Aug2025 03:51:16.426] [main/DEBUG] [net.neoforged.fml.common.asm.RuntimeDistCleaner/DISTXFORM]: Removing Class Annotation: net/minecraft/client/MouseHandler @Lnet/neoforged/api/distmarker/OnlyIn;
[30Aug2025 03:51:16.427] [main/TRACE] [mixin/]: Added class metadata for net/minecraft/client/MouseHandler to metadata cache
[30Aug2025 03:51:16.427] [main/TRACE] [mixin/]: Added class metadata for net/minecraft/server/level/BlockDestructionProgress to metadata cache
[30Aug2025 03:51:16.429] [main/DEBUG] [net.neoforged.fml.common.asm.RuntimeDistCleaner/DISTXFORM]: Removing Class Annotation: net/minecraft/client/Camera @Lnet/neoforged/api/distmarker/OnlyIn;
[30Aug2025 03:51:16.429] [main/TRACE] [mixin/]: Added class metadata for net/minecraft/client/Camera to metadata cache
[30Aug2025 03:51:16.430] [main/DEBUG] [net.neoforged.accesstransformer.AccessTransformer/AXFORM]: Transforming net.minecraft.client.player.LocalPlayer METHOD getPermissionLevel()I to access PUBLIC and LEAVE
[30Aug2025 03:51:16.430] [main/DEBUG] [net.neoforged.fml.common.asm.RuntimeDistCleaner/DISTXFORM]: Removing Class Annotation: net/minecraft/client/player/LocalPlayer @Lnet/neoforged/api/distmarker/OnlyIn;
[30Aug2025 03:51:16.435] [main/TRACE] [mixin/]: Added class metadata for net/minecraft/client/player/LocalPlayer to metadata cache
[30Aug2025 03:51:16.435] [main/DEBUG] [net.neoforged.fml.common.asm.RuntimeDistCleaner/DISTXFORM]: Removing Class Annotation: net/minecraft/client/model/HumanoidModel @Lnet/neoforged/api/distmarker/OnlyIn;
[30Aug2025 03:51:16.437] [main/TRACE] [mixin/]: Added class metadata for net/minecraft/client/model/HumanoidModel to metadata cache
[30Aug2025 03:51:16.438] [main/DEBUG] [net.neoforged.fml.common.asm.RuntimeDistCleaner/DISTXFORM]: Removing Class Annotation: net/minecraft/client/renderer/entity/player/PlayerRenderer @Lnet/neoforged/api/distmarker/OnlyIn;
[30Aug2025 03:51:16.438] [main/TRACE] [mixin/]: Added class metadata for net/minecraft/client/renderer/entity/player/PlayerRenderer to metadata cache
[30Aug2025 03:51:16.447] [main/TRACE] [mixin/]: Added class metadata for net/minecraft/world/level/lighting/LayerLightSectionStorage to metadata cache
[30Aug2025 03:51:16.447] [main/TRACE] [mixin/]: Added class metadata for dev/engine_room/flywheel/api/visualization/VisualizationManager$RenderDispatcher to metadata cache
[30Aug2025 03:51:16.449] [main/DEBUG] [net.neoforged.fml.common.asm.RuntimeDistCleaner/DISTXFORM]: Removing Class Annotation: com/mojang/blaze3d/vertex/PoseStack$Pose @Lnet/neoforged/api/distmarker/OnlyIn;
[30Aug2025 03:51:16.449] [main/TRACE] [mixin/]: Added class metadata for com/mojang/blaze3d/vertex/PoseStack$Pose to metadata cache
[30Aug2025 03:51:16.452] [main/TRACE] [mixin/]: Added class metadata for net/minecraft/world/level/storage/LevelStorageSource$LevelStorageAccess to metadata cache
[30Aug2025 03:51:16.452] [main/DEBUG] [net.neoforged.fml.common.asm.RuntimeDistCleaner/DISTXFORM]: Removing Class Annotation: com/mojang/blaze3d/vertex/VertexFormat$Mode @Lnet/neoforged/api/distmarker/OnlyIn;
[30Aug2025 03:51:16.452] [main/TRACE] [mixin/]: Added class metadata for com/mojang/blaze3d/vertex/VertexFormat$Mode to metadata cache
[30Aug2025 03:51:16.454] [main/DEBUG] [net.neoforged.accesstransformer.AccessTransformer/AXFORM]: Transforming net.minecraft.client.renderer.RenderType$CompositeState CLASS to access PUBLIC and LEAVE
[30Aug2025 03:51:16.455] [main/DEBUG] [net.neoforged.fml.common.asm.RuntimeDistCleaner/DISTXFORM]: Removing Class Annotation: net/minecraft/client/renderer/RenderType$CompositeState @Lnet/neoforged/api/distmarker/OnlyIn;
[30Aug2025 03:51:16.455] [main/TRACE] [mixin/]: Added class metadata for net/minecraft/client/renderer/RenderType$CompositeState to metadata cache
[30Aug2025 03:51:16.456] [main/DEBUG] [net.neoforged.accesstransformer.AccessTransformer/AXFORM]: Transforming net.minecraft.client.renderer.RenderType$CompositeRenderType CLASS to access PUBLIC and LEAVE
[30Aug2025 03:51:16.456] [main/DEBUG] [net.neoforged.fml.common.asm.RuntimeDistCleaner/DISTXFORM]: Removing Class Annotation: net/minecraft/client/renderer/RenderType$CompositeRenderType @Lnet/neoforged/api/distmarker/OnlyIn;
[30Aug2025 03:51:16.457] [main/TRACE] [mixin/]: Added class metadata for net/minecraft/client/renderer/RenderType$CompositeRenderType to metadata cache
[30Aug2025 03:51:16.458] [main/TRACE] [mixin/]: Added class metadata for com/github/talrey/createdeco/blocks/ShippingContainerBlock$Entity to metadata cache
[30Aug2025 03:51:16.462] [main/TRACE] [mixin/]: Added class metadata for java/lang/invoke/MethodHandles$Lookup to metadata cache
[30Aug2025 03:51:16.464] [main/TRACE] [mixin/]: Added class metadata for org/spongepowered/asm/mixin/injection/At$Shift to metadata cache
[30Aug2025 03:51:16.465] [main/TRACE] [mixin/]: Added class metadata for net/minecraft/core/HolderLookup$Provider to metadata cache
[30Aug2025 03:51:16.465] [main/TRACE] [mixin/]: Added class metadata for net/createmod/catnip/config/ConfigBase$ConfigBool to metadata cache
[30Aug2025 03:51:16.466] [main/TRACE] [mixin/]: Added class metadata for net/minecraft/world/item/enchantment/ItemEnchantments$Mutable to metadata cache
[30Aug2025 03:51:16.468] [main/TRACE] [mixin/]: Added class metadata for net/minecraft/core/Direction$Axis to metadata cache
[30Aug2025 03:51:16.468] [main/TRACE] [mixin/]: Added class metadata for net/minecraft/world/level/storage/loot/predicates/LootItemCondition$Builder to metadata cache
[30Aug2025 03:51:16.468] [main/TRACE] [mixin/]: Added class metadata for net/neoforged/neoforge/fluids/FluidInteractionRegistry$InteractionInformation to metadata cache
[30Aug2025 03:51:16.469] [main/DEBUG] [net.neoforged.accesstransformer.AccessTransformer/AXFORM]: Transforming net.minecraft.data.models.ItemModelGenerators$TrimModelData CLASS to access PUBLIC and LEAVE
[30Aug2025 03:51:16.469] [main/DEBUG] [net.neoforged.accesstransformer.AccessTransformer/AXFORM]: Transforming net.minecraft.data.models.ItemModelGenerators$TrimModelData METHOD <init>(Ljava/lang/String;FLjava/util/Map;)V to access PUBLIC and LEAVE
[30Aug2025 03:51:16.469] [main/TRACE] [mixin/]: Added class metadata for net/minecraft/data/models/ItemModelGenerators$TrimModelData to metadata cache
[30Aug2025 03:51:16.471] [main/TRACE] [mixin/]: Added class metadata for net/minecraft/core/Holder$Reference to metadata cache
[30Aug2025 03:51:16.471] [main/DEBUG] [net.neoforged.accesstransformer.AccessTransformer/AXFORM]: Transforming net.minecraft.world.item.alchemy.PotionBrewing$Mix CLASS to access PUBLIC and LEAVE
[30Aug2025 03:51:16.471] [main/TRACE] [mixin/]: Added class metadata for net/minecraft/world/item/alchemy/PotionBrewing$Mix to metadata cache
[30Aug2025 03:51:16.471] [main/TRACE] [mixin/]: Added class metadata for net/minecraft/world/item/ProjectileItem$DispenseConfig to metadata cache
[30Aug2025 03:51:16.472] [main/TRACE] [mixin/]: Added class metadata for com/simibubi/create/foundation/utility/DataFixerHelper$BlockPosFixer to metadata cache
[30Aug2025 03:51:16.472] [main/TRACE] [mixin/]: Added class metadata for com/mojang/datafixers/DSL$TypeReference to metadata cache
[30Aug2025 03:51:16.472] [main/TRACE] [mixin/]: Added class metadata for com/mojang/datafixers/DataFix to metadata cache
[30Aug2025 03:51:16.474] [main/DEBUG] [net.neoforged.accesstransformer.AccessTransformer/AXFORM]: Transforming net.minecraft.util.datafix.fixes.ItemStackComponentizationFix$ItemStackData CLASS to access PUBLIC and LEAVE
[30Aug2025 03:51:16.474] [main/TRACE] [mixin/]: Added class metadata for net/minecraft/util/datafix/fixes/ItemStackComponentizationFix$ItemStackData to metadata cache
[30Aug2025 03:51:16.474] [main/TRACE] [mixin/]: Added class metadata for com/simibubi/create/content/equipment/clipboard/ClipboardOverrides$ClipboardType to metadata cache
[30Aug2025 03:51:16.475] [main/TRACE] [mixin/]: Added class metadata for net/minecraft/world/level/levelgen/structure/templatesystem/StructureTemplate$StructureBlockInfo to metadata cache
[30Aug2025 03:51:16.477] [main/DEBUG] [net.neoforged.fml.common.asm.RuntimeDistCleaner/DISTXFORM]: Removing Class Annotation: net/minecraft/client/model/HumanoidModel$ArmPose @Lnet/neoforged/api/distmarker/OnlyIn;
[30Aug2025 03:51:16.477] [main/TRACE] [mixin/]: Added class metadata for net/minecraft/client/model/HumanoidModel$ArmPose to metadata cache
[30Aug2025 03:51:16.478] [main/DEBUG] [mixin/]: Prepared 99 mixins in 0.487 sec (4.9ms avg) (0ms load, 0ms transform, 0ms plugin)
[30Aug2025 03:51:16.480] [main/DEBUG] [net.neoforged.fml.common.asm.RuntimeDistCleaner/DISTXFORM]: Removing Class Annotation: net/minecraft/client/gui/screens/LoadingOverlay @Lnet/neoforged/api/distmarker/OnlyIn;
[30Aug2025 03:51:16.481] [main/DEBUG] [net.neoforged.fml.common.asm.RuntimeDistCleaner/DISTXFORM]: Removing Class Annotation: net/minecraft/client/gui/screens/Overlay @Lnet/neoforged/api/distmarker/OnlyIn;
[30Aug2025 03:51:16.481] [main/DEBUG] [net.neoforged.fml.common.asm.RuntimeDistCleaner/DISTXFORM]: Removing Class Annotation: net/minecraft/client/gui/components/Renderable @Lnet/neoforged/api/distmarker/OnlyIn;
[30Aug2025 03:51:16.483] [main/DEBUG] [net.neoforged.fml.common.asm.RuntimeDistCleaner/DISTXFORM]: Removing Class Annotation: net/minecraft/client/renderer/texture/AbstractTexture @Lnet/neoforged/api/distmarker/OnlyIn;
[30Aug2025 03:51:16.483] [main/DEBUG] [net.neoforged.fml.common.asm.RuntimeDistCleaner/DISTXFORM]: Removing Class Annotation: net/minecraft/client/gui/screens/LoadingOverlay$LogoTexture @Lnet/neoforged/api/distmarker/OnlyIn;
[30Aug2025 03:51:16.483] [main/DEBUG] [net.neoforged.fml.common.asm.RuntimeDistCleaner/DISTXFORM]: Removing Class Annotation: net/minecraft/client/renderer/texture/SimpleTexture @Lnet/neoforged/api/distmarker/OnlyIn;
[30Aug2025 03:51:16.484] [main/DEBUG] [net.neoforged.fml.common.asm.RuntimeDistCleaner/DISTXFORM]: Removing Class Annotation: com/mojang/blaze3d/vertex/VertexConsumer @Lnet/neoforged/api/distmarker/OnlyIn;
[30Aug2025 03:51:16.488] [main/DEBUG] [net.neoforged.fml.common.asm.RuntimeDistCleaner/DISTXFORM]: Removing Class Annotation: net/minecraft/client/gui/GuiGraphics @Lnet/neoforged/api/distmarker/OnlyIn;
[30Aug2025 03:51:16.499] [main/INFO] [MixinExtras|Service/]: Initializing MixinExtras via com.llamalad7.mixinextras.service.MixinExtrasServiceImpl(version=0.4.1).
[30Aug2025 03:51:16.502] [main/DEBUG] [mixin/]: Registering new injector for @SugarWrapper with com.llamalad7.mixinextras.sugar.impl.SugarWrapperInjectionInfo
[30Aug2025 03:51:16.502] [main/DEBUG] [mixin/]: Registering new injector for @FactoryRedirectWrapper with com.llamalad7.mixinextras.wrapper.factory.FactoryRedirectWrapperInjectionInfo
[30Aug2025 03:51:16.511] [main/DEBUG] [mixin/]: Mixing MinecraftMixin from flywheel.impl.mixins.json into net.minecraft.client.Minecraft
[30Aug2025 03:51:16.513] [main/TRACE] [mixin/]: Added class metadata for net/minecraft/util/thread/ReentrantBlockableEventLoop to metadata cache
[30Aug2025 03:51:16.513] [main/DEBUG] [net.neoforged.accesstransformer.AccessTransformer/AXFORM]: Transforming net.minecraft.util.thread.BlockableEventLoop METHOD submitAsync(Ljava/lang/Runnable;)Ljava/util/concurrent/CompletableFuture; to access PUBLIC and LEAVE
[30Aug2025 03:51:16.513] [main/TRACE] [mixin/]: Added class metadata for net/minecraft/util/thread/BlockableEventLoop to metadata cache
[30Aug2025 03:51:16.527] [main/TRACE] [mixin/]: Added class metadata for dev/engine_room/flywheel/impl/FlwImpl to metadata cache
[30Aug2025 03:51:16.528] [main/TRACE] [mixin/]: Added class metadata for dev/engine_room/flywheel/api/event/EndClientResourceReloadEvent to metadata cache
[30Aug2025 03:51:16.528] [main/TRACE] [mixin/]: Added class metadata for net/neoforged/bus/api/Event to metadata cache
[30Aug2025 03:51:16.529] [main/TRACE] [mixin/]: Added class metadata for net/neoforged/fml/event/IModBusEvent to metadata cache
[30Aug2025 03:51:16.530] [main/TRACE] [mixin/]: Added class metadata for net/neoforged/fml/ModLoader to metadata cache
[30Aug2025 03:51:16.532] [main/DEBUG] [mixin/]: Mixing client.WindowResizeMixin from ponder-common.mixins.json into net.minecraft.client.Minecraft
[30Aug2025 03:51:16.532] [main/DEBUG] [mixin/]: ponder-common.mixins.json:client.WindowResizeMixin from mod ponder: Class version 65 required is higher than the class version supported by the current version of Mixin (JAVA_17 supports class version 61)
[30Aug2025 03:51:16.535] [main/TRACE] [mixin/]: Added class metadata for net/createmod/catnip/gui/UIRenderHelper to metadata cache
[30Aug2025 03:51:16.535] [main/DEBUG] [mixin/]: Mixing accessor.MinecraftAccessor from create.mixins.json into net.minecraft.client.Minecraft
[30Aug2025 03:51:16.548] [main/TRACE] [mixin/]: Added class metadata for net/minecraft/util/profiling/metrics/ProfilerMeasured to metadata cache
[30Aug2025 03:51:16.549] [main/TRACE] [mixin/]: Added class metadata for java/util/concurrent/Executor to metadata cache
[30Aug2025 03:51:16.549] [main/TRACE] [mixin/]: Added class metadata for net/minecraft/util/thread/ProcessorHandle to metadata cache
[30Aug2025 03:51:16.549] [main/TRACE] [mixin/]: Added class metadata for java/lang/AutoCloseable to metadata cache
[30Aug2025 03:51:16.549] [main/TRACE] [mixin/]: Added class metadata for net/neoforged/neoforge/client/extensions/IMinecraftExtension to metadata cache
[30Aug2025 03:51:16.549] [main/DEBUG] [net.neoforged.fml.common.asm.RuntimeDistCleaner/DISTXFORM]: Removing Class Annotation: com/mojang/blaze3d/platform/WindowEventHandler @Lnet/neoforged/api/distmarker/OnlyIn;
[30Aug2025 03:51:16.550] [main/TRACE] [mixin/]: Added class metadata for com/mojang/blaze3d/platform/WindowEventHandler to metadata cache
[30Aug2025 03:51:16.551] [main/TRACE] [mixin/]: Added class metadata for org/spongepowered/asm/mixin/injection/callback/CallbackInfo to metadata cache
[30Aug2025 03:51:16.552] [main/TRACE] [mixin/]: Added class metadata for java/util/Optional to metadata cache
[30Aug2025 03:51:16.556] [main/TRACE] [mixin/]: Added class metadata for java/util/concurrent/CompletableFuture to metadata cache
[30Aug2025 03:51:16.592] [main/DEBUG] [mixin/]: flywheel.impl.mixins.json:MinecraftMixin from mod flywheel->@Inject::flywheel$onBeginInitialResourceReload(Lorg/spongepowered/asm/mixin/injection/callback/CallbackInfo;)V doesn't use it's CallbackInfo
[30Aug2025 03:51:16.592] [main/DEBUG] [mixin/]: flywheel.impl.mixins.json:MinecraftMixin from mod flywheel->@Inject::flywheel$onBeginInitialResourceReload(Lorg/spongepowered/asm/mixin/injection/callback/CallbackInfo;)V has 0 override(s) in child classes
[30Aug2025 03:51:16.592] [main/DEBUG] [mixin/]: flywheel.impl.mixins.json:MinecraftMixin from mod flywheel->@Inject::flywheel$onBeginInitialResourceReload(Lorg/spongepowered/asm/mixin/injection/callback/CallbackInfo;)V won't be passed a CallbackInfo as a result
[30Aug2025 03:51:16.592] [main/DEBUG] [mixin/]: flywheel.impl.mixins.json:MinecraftMixin from mod flywheel->@Inject::flywheel$onEndInitialResourceReload(Ljava/lang/Object;Ljava/util/Optional;Lorg/spongepowered/asm/mixin/injection/callback/CallbackInfo;)V doesn't use it's CallbackInfo
[30Aug2025 03:51:16.592] [main/DEBUG] [mixin/]: flywheel.impl.mixins.json:MinecraftMixin from mod flywheel->@Inject::flywheel$onEndInitialResourceReload(Ljava/lang/Object;Ljava/util/Optional;Lorg/spongepowered/asm/mixin/injection/callback/CallbackInfo;)V has 0 override(s) in child classes
[30Aug2025 03:51:16.592] [main/DEBUG] [mixin/]: flywheel.impl.mixins.json:MinecraftMixin from mod flywheel->@Inject::flywheel$onEndInitialResourceReload(Ljava/lang/Object;Ljava/util/Optional;Lorg/spongepowered/asm/mixin/injection/callback/CallbackInfo;)V won't be passed a CallbackInfo as a result
[30Aug2025 03:51:16.593] [main/DEBUG] [net.neoforged.fml.common.asm.RuntimeDistCleaner/DISTXFORM]: Removing Class Annotation: net/minecraft/client/Minecraft$GameLoadCookie @Lnet/neoforged/api/distmarker/OnlyIn;
[30Aug2025 03:51:16.593] [main/TRACE] [mixin/]: Added class metadata for net/minecraft/client/Minecraft$GameLoadCookie to metadata cache
[30Aug2025 03:51:16.593] [main/DEBUG] [mixin/]: flywheel.impl.mixins.json:MinecraftMixin from mod flywheel->@Inject::flywheel$onEndManualResourceReload(ZLjava/lang/Object;Ljava/util/concurrent/CompletableFuture;Ljava/util/Optional;Lorg/spongepowered/asm/mixin/injection/callback/CallbackInfo;)V doesn't use it's CallbackInfo
[30Aug2025 03:51:16.593] [main/DEBUG] [mixin/]: flywheel.impl.mixins.json:MinecraftMixin from mod flywheel->@Inject::flywheel$onEndManualResourceReload(ZLjava/lang/Object;Ljava/util/concurrent/CompletableFuture;Ljava/util/Optional;Lorg/spongepowered/asm/mixin/injection/callback/CallbackInfo;)V has 0 override(s) in child classes
[30Aug2025 03:51:16.593] [main/DEBUG] [mixin/]: flywheel.impl.mixins.json:MinecraftMixin from mod flywheel->@Inject::flywheel$onEndManualResourceReload(ZLjava/lang/Object;Ljava/util/concurrent/CompletableFuture;Ljava/util/Optional;Lorg/spongepowered/asm/mixin/injection/callback/CallbackInfo;)V won't be passed a CallbackInfo as a result
[30Aug2025 03:51:16.594] [main/DEBUG] [mixin/]: ponder-common.mixins.json:client.WindowResizeMixin from mod ponder->@Inject::catnip$updateWindowSize(Lorg/spongepowered/asm/mixin/injection/callback/CallbackInfo;)V doesn't use it's CallbackInfo
[30Aug2025 03:51:16.594] [main/DEBUG] [mixin/]: ponder-common.mixins.json:client.WindowResizeMixin from mod ponder->@Inject::catnip$updateWindowSize(Lorg/spongepowered/asm/mixin/injection/callback/CallbackInfo;)V has 0 override(s) in child classes
[30Aug2025 03:51:16.594] [main/DEBUG] [mixin/]: ponder-common.mixins.json:client.WindowResizeMixin from mod ponder->@Inject::catnip$updateWindowSize(Lorg/spongepowered/asm/mixin/injection/callback/CallbackInfo;)V won't be passed a CallbackInfo as a result
[30Aug2025 03:51:16.599] [main/DEBUG] [net.neoforged.fml.common.asm.RuntimeDistCleaner/DISTXFORM]: Removing Class Annotation: net/minecraft/client/Minecraft @Lnet/neoforged/api/distmarker/OnlyIn;
[30Aug2025 03:51:16.604] [main/DEBUG] [net.neoforged.accesstransformer.AccessTransformer/AXFORM]: Transforming net.minecraft.util.thread.BlockableEventLoop METHOD submitAsync(Ljava/lang/Runnable;)Ljava/util/concurrent/CompletableFuture; to access PUBLIC and LEAVE
[30Aug2025 03:51:16.605] [main/DEBUG] [net.neoforged.fml.common.asm.RuntimeDistCleaner/DISTXFORM]: Removing Class Annotation: com/mojang/blaze3d/platform/WindowEventHandler @Lnet/neoforged/api/distmarker/OnlyIn;
[30Aug2025 03:51:16.608] [main/DEBUG] [net.neoforged.accesstransformer.AccessTransformer/AXFORM]: Transforming net.minecraft.client.gui.screens.Screen FIELD renderables to access PUBLIC and LEAVE
[30Aug2025 03:51:16.608] [main/DEBUG] [net.neoforged.fml.common.asm.RuntimeDistCleaner/DISTXFORM]: Removing Class Annotation: net/minecraft/client/gui/screens/Screen @Lnet/neoforged/api/distmarker/OnlyIn;
[30Aug2025 03:51:16.608] [main/DEBUG] [net.neoforged.fml.common.asm.RuntimeDistCleaner/DISTXFORM]: Removing Class Annotation: net/minecraft/client/gui/components/events/AbstractContainerEventHandler @Lnet/neoforged/api/distmarker/OnlyIn;
[30Aug2025 03:51:16.610] [main/DEBUG] [net.neoforged.fml.common.asm.RuntimeDistCleaner/DISTXFORM]: Removing Class Annotation: net/minecraft/client/gui/components/events/ContainerEventHandler @Lnet/neoforged/api/distmarker/OnlyIn;
[30Aug2025 03:51:16.610] [main/DEBUG] [net.neoforged.fml.common.asm.RuntimeDistCleaner/DISTXFORM]: Removing Class Annotation: net/minecraft/client/gui/components/events/GuiEventListener @Lnet/neoforged/api/distmarker/OnlyIn;
[30Aug2025 03:51:16.611] [main/DEBUG] [net.neoforged.fml.common.asm.RuntimeDistCleaner/DISTXFORM]: Removing Class Annotation: net/minecraft/client/gui/components/TabOrderedElement @Lnet/neoforged/api/distmarker/OnlyIn;
[30Aug2025 03:51:16.611] [main/DEBUG] [net.neoforged.fml.common.asm.RuntimeDistCleaner/DISTXFORM]: Removing Class Annotation: net/minecraft/client/gui/screens/DeathScreen @Lnet/neoforged/api/distmarker/OnlyIn;
[30Aug2025 03:51:16.613] [main/DEBUG] [net.neoforged.fml.common.asm.RuntimeDistCleaner/DISTXFORM]: Removing Class Annotation: net/minecraft/client/gui/screens/TitleScreen @Lnet/neoforged/api/distmarker/OnlyIn;
[30Aug2025 03:51:16.618] [main/DEBUG] [net.neoforged.fml.common.asm.RuntimeDistCleaner/DISTXFORM]: Removing Class Annotation: net/minecraft/client/multiplayer/ServerData @Lnet/neoforged/api/distmarker/OnlyIn;
[30Aug2025 03:51:16.630] [main/DEBUG] [net.neoforged.accesstransformer.AccessTransformer/AXFORM]: Transforming net.minecraft.world.entity.Entity FIELD ENTITY_COUNTER to access PROTECTED and LEAVE
[30Aug2025 03:51:16.630] [main/DEBUG] [net.neoforged.accesstransformer.AccessTransformer/AXFORM]: Transforming net.minecraft.world.entity.Entity FIELD removalReason to access PUBLIC and LEAVE
[30Aug2025 03:51:16.630] [main/DEBUG] [net.neoforged.accesstransformer.AccessTransformer/AXFORM]: Transforming net.minecraft.world.entity.Entity METHOD getEncodeId()Ljava/lang/String; to access PUBLIC and LEAVE
[30Aug2025 03:51:16.644] [main/DEBUG] [net.neoforged.fml.common.asm.RuntimeDistCleaner/DISTXFORM]: Removing Class Annotation: com/mojang/blaze3d/platform/WindowEventHandler @Lnet/neoforged/api/distmarker/OnlyIn;
[30Aug2025 03:51:16.647] [main/DEBUG] [net.neoforged.accesstransformer.AccessTransformer/AXFORM]: Transforming net.minecraft.util.thread.BlockableEventLoop METHOD submitAsync(Ljava/lang/Runnable;)Ljava/util/concurrent/CompletableFuture; to access PUBLIC and LEAVE
[30Aug2025 03:51:16.979] [main/DEBUG] [io.netty.util.internal.logging.InternalLoggerFactory/]: Using SLF4J as the default logging framework
[30Aug2025 03:51:16.985] [main/DEBUG] [io.netty.util.ResourceLeakDetector/]: -Dio.netty.leakDetection.level: simple
[30Aug2025 03:51:16.985] [main/DEBUG] [io.netty.util.ResourceLeakDetector/]: -Dio.netty.leakDetection.targetRecords: 4
[30Aug2025 03:51:17.014] [main/DEBUG] [mixin/]: Mixing accessor.NbtAccounterAccessor from create.mixins.json into net.minecraft.nbt.NbtAccounter
[30Aug2025 03:51:17.109] [main/DEBUG] [mixin/]: Mixing datafixer.BlockPosFormatAndRenamesFixMixin from create.mixins.json into net.minecraft.util.datafix.fixes.BlockPosFormatAndRenamesFix
[30Aug2025 03:51:17.109] [main/DEBUG] [mixin/]: Renaming synthetic method lambda$create$addFixers$2(Lcom/mojang/datafixers/OpticFinder;Lcom/simibubi/create/foundation/utility/DataFixerHelper$BlockPosFixer;Lcom/mojang/datafixers/Typed;)Lcom/mojang/datafixers/Typed; to md2dc29e$create$lambda$create$addFixers$2$0 in create.mixins.json:datafixer.BlockPosFormatAndRenamesFixMixin from mod create
[30Aug2025 03:51:17.109] [main/DEBUG] [mixin/]: Renaming synthetic method lambda$create$addFixers$1(Lcom/simibubi/create/foundation/utility/DataFixerHelper$BlockPosFixer;Lcom/mojang/datafixers/Typed;)Lcom/mojang/datafixers/Typed; to md2dc29e$create$lambda$create$addFixers$1$1 in create.mixins.json:datafixer.BlockPosFormatAndRenamesFixMixin from mod create
[30Aug2025 03:51:17.109] [main/DEBUG] [mixin/]: Renaming synthetic method lambda$create$addFixers$0(Lcom/simibubi/create/foundation/utility/DataFixerHelper$BlockPosFixer;Lcom/mojang/serialization/Dynamic;)Lcom/mojang/serialization/Dynamic; to md2dc29e$create$lambda$create$addFixers$0$2 in create.mixins.json:datafixer.BlockPosFormatAndRenamesFixMixin from mod create
[30Aug2025 03:51:17.153] [main/DEBUG] [mixin/]: create.mixins.json:datafixer.BlockPosFormatAndRenamesFixMixin from mod create->@Inject::create$addFixers(Lorg/spongepowered/asm/mixin/injection/callback/CallbackInfoReturnable;)V doesn't use it's CallbackInfoReturnable
[30Aug2025 03:51:17.153] [main/DEBUG] [mixin/]: create.mixins.json:datafixer.BlockPosFormatAndRenamesFixMixin from mod create->@Inject::create$addFixers(Lorg/spongepowered/asm/mixin/injection/callback/CallbackInfoReturnable;)V has 0 override(s) in child classes
[30Aug2025 03:51:17.153] [main/DEBUG] [mixin/]: create.mixins.json:datafixer.BlockPosFormatAndRenamesFixMixin from mod create->@Inject::create$addFixers(Lorg/spongepowered/asm/mixin/injection/callback/CallbackInfoReturnable;)V won't be passed a CallbackInfoReturnable as a result
[30Aug2025 03:51:17.161] [main/DEBUG] [mixin/]: Mixing datafixer.ItemStackComponentizationFixMixin from create.mixins.json into net.minecraft.util.datafix.fixes.ItemStackComponentizationFix
[30Aug2025 03:51:17.161] [main/DEBUG] [mixin/]: Renaming synthetic method lambda$create$moveItemStackHandlerToItemContainerContents$4(Lcom/mojang/serialization/Dynamic;Lnet/minecraft/util/datafix/fixes/ItemStackComponentizationFix$ItemStackData;Ljava/lang/String;Lcom/mojang/serialization/Dynamic;)V to md2dc29e$create$lambda$create$moveItemStackHandlerToItemContainerContents$4$0 in create.mixins.json:datafixer.ItemStackComponentizationFixMixin from mod create
[30Aug2025 03:51:17.161] [main/DEBUG] [mixin/]: Renaming synthetic method lambda$create$moveItemStackHandlerToItemContainerContents$3(Lcom/mojang/serialization/Dynamic;Ljava/util/List;Lcom/mojang/serialization/Dynamic;)V to md2dc29e$create$lambda$create$moveItemStackHandlerToItemContainerContents$3$1 in create.mixins.json:datafixer.ItemStackComponentizationFixMixin from mod create
[30Aug2025 03:51:17.161] [main/DEBUG] [mixin/]: Renaming synthetic method lambda$create$moveTagToEnumComponent$2([Ljava/lang/Enum;Lnet/minecraft/util/datafix/fixes/ItemStackComponentizationFix$ItemStackData;Ljava/lang/String;Lcom/mojang/serialization/Dynamic;)V to md2dc29e$create$lambda$create$moveTagToEnumComponent$2$2 in create.mixins.json:datafixer.ItemStackComponentizationFixMixin from mod create
[30Aug2025 03:51:17.161] [main/DEBUG] [mixin/]: Renaming synthetic method lambda$create$fixItemsAndTranslateNBTIntoComponents$1(Lnet/minecraft/util/datafix/fixes/ItemStackComponentizationFix$ItemStackData;Lcom/mojang/serialization/Dynamic;)V to md2dc29e$create$lambda$create$fixItemsAndTranslateNBTIntoComponents$1$3 in create.mixins.json:datafixer.ItemStackComponentizationFixMixin from mod create
[30Aug2025 03:51:17.161] [main/DEBUG] [mixin/]: Renaming synthetic method lambda$create$fixItemsAndTranslateNBTIntoComponents$0(Lcom/mojang/serialization/Dynamic;Lnet/minecraft/util/datafix/fixes/ItemStackComponentizationFix$ItemStackData;Lcom/mojang/serialization/Dynamic;)V to md2dc29e$create$lambda$create$fixItemsAndTranslateNBTIntoComponents$0$4 in create.mixins.json:datafixer.ItemStackComponentizationFixMixin from mod create
[30Aug2025 03:51:17.218] [main/DEBUG] [mixin/]: create.mixins.json:datafixer.ItemStackComponentizationFixMixin from mod create->@Inject::create$fixItemsAndTranslateNBTIntoComponents(Lnet/minecraft/util/datafix/fixes/ItemStackComponentizationFix$ItemStackData;Lcom/mojang/serialization/Dynamic;Lorg/spongepowered/asm/mixin/injection/callback/CallbackInfo;)V doesn't use it's CallbackInfo
[30Aug2025 03:51:17.599] [main/DEBUG] [mixin/]: Mixing datafixer.V1460Mixin from create.mixins.json into net.minecraft.util.datafix.schemas.V1460
[30Aug2025 03:51:17.608] [main/DEBUG] [mixin/]: create.mixins.json:datafixer.V1460Mixin from mod create->@Inject::create$registerEntitiesToBeFixed(Lcom/mojang/datafixers/schemas/Schema;Lorg/spongepowered/asm/mixin/injection/callback/CallbackInfoReturnable;)V does use it's CallbackInfoReturnable
[30Aug2025 03:51:17.608] [main/DEBUG] [mixin/]: create.mixins.json:datafixer.V1460Mixin from mod create->@Inject::create$registerBlockEntitiesToBeFixed(Lcom/mojang/datafixers/schemas/Schema;Lorg/spongepowered/asm/mixin/injection/callback/CallbackInfoReturnable;)V does use it's CallbackInfoReturnable
[30Aug2025 03:51:17.936] [main/DEBUG] [mixin/]: Mixing accessor.SystemReportAccessor from create.mixins.json into net.minecraft.SystemReport
[30Aug2025 03:51:17.936] [main/DEBUG] [mixin/]: Renaming @Accessor method getOPERATING_SYSTEM()Ljava/lang/String; to getOPERATING_SYSTEM$create_$md$2dc29e$0 in create.mixins.json:accessor.SystemReportAccessor from mod create
[30Aug2025 03:51:17.936] [main/DEBUG] [mixin/]: Renaming @Accessor method getJAVA_VERSION()Ljava/lang/String; to getJAVA_VERSION$create_$md$2dc29e$1 in create.mixins.json:accessor.SystemReportAccessor from mod create
[30Aug2025 03:51:17.964] [main/DEBUG] [oshi.util.FileUtil/]: No oshi.properties file found from ClassLoader cpw.mods.modlauncher.TransformingClassLoader@5f18f9d2
[30Aug2025 03:51:18.263] [Datafixer Bootstrap/INFO] [com.mojang.datafixers.DataFixerBuilder/]: 229 Datafixer optimizations took 332 milliseconds
[30Aug2025 03:51:18.380] [main/DEBUG] [oshi.util.FileUtil/]: No oshi.architecture.properties file found from ClassLoader cpw.mods.modlauncher.TransformingClassLoader@5f18f9d2
[30Aug2025 03:51:18.455] [pool-10-thread-1/DEBUG] [mixin/]: Mixing BuiltInRegistriesMixin from create.mixins.json into net.minecraft.core.registries.BuiltInRegistries
[30Aug2025 03:51:18.457] [pool-10-thread-1/DEBUG] [mixin/]: Renaming synthetic method lambda$create$ourRegistriesAreNotEmpty$0(Ljava/util/function/Consumer;Lnet/minecraft/core/Registry;)V to md2dc29e$create$lambda$create$ourRegistriesAreNotEmpty$0$0 in create.mixins.json:BuiltInRegistriesMixin from mod create
[30Aug2025 03:51:18.474] [pool-10-thread-1/DEBUG] [mixin/]: Mixing MappedRegistryAccessor from neoforge.mixins.json into net.minecraft.core.MappedRegistry
[30Aug2025 03:51:18.475] [pool-10-thread-1/DEBUG] [mixin/]: Mixing accessor.MappedRegistryAccessor from create.mixins.json into net.minecraft.core.MappedRegistry
[30Aug2025 03:51:18.574] [pool-10-thread-1/DEBUG] [mixin/]: Mixing BlockMixin from create.mixins.json into net.minecraft.world.level.block.Block
[30Aug2025 03:51:18.585] [pool-10-thread-1/DEBUG] [mixin/]: Mixing accessor.BlockBehaviourAccessor from create.mixins.json into net.minecraft.world.level.block.state.BlockBehaviour
[30Aug2025 03:51:18.598] [pool-10-thread-1/DEBUG] [mixin/]: Mixing EntityTypeMixin from flywheel.impl.mixins.json into net.minecraft.world.entity.EntityType
[30Aug2025 03:51:18.637] [pool-10-thread-1/DEBUG] [mixin/]: Mixing PlayerMixin from create.mixins.json into net.minecraft.world.entity.player.Player
[30Aug2025 03:51:18.662] [pool-10-thread-1/DEBUG] [mixin/]: Mixing CustomItemUseEffectsMixin from create.mixins.json into net.minecraft.world.entity.LivingEntity
[30Aug2025 03:51:18.667] [pool-10-thread-1/DEBUG] [mixin/]: Mixing LavaSwimmingMixin from create.mixins.json into net.minecraft.world.entity.LivingEntity
[30Aug2025 03:51:18.668] [pool-10-thread-1/DEBUG] [mixin/]: Mixing accessor.LivingEntityAccessor from create.mixins.json into net.minecraft.world.entity.LivingEntity
[30Aug2025 03:51:18.674] [pool-10-thread-1/DEBUG] [mixin/]: create.mixins.json:CustomItemUseEffectsMixin from mod create->@Inject::create$onShouldTriggerUseEffects(Lorg/spongepowered/asm/mixin/injection/callback/CallbackInfoReturnable;)V does use it's CallbackInfoReturnable
[30Aug2025 03:51:18.674] [pool-10-thread-1/DEBUG] [mixin/]: create.mixins.json:CustomItemUseEffectsMixin from mod create->@Inject::create$onTriggerUseEffects(Lnet/minecraft/world/item/ItemStack;ILorg/spongepowered/asm/mixin/injection/callback/CallbackInfo;)V does use it's CallbackInfo
[30Aug2025 03:51:18.674] [pool-10-thread-1/DEBUG] [mixin/]: create.mixins.json:LavaSwimmingMixin from mod create->@Inject::create$onLavaTravel(Lnet/minecraft/world/phys/Vec3;Lorg/spongepowered/asm/mixin/injection/callback/CallbackInfo;)V doesn't use it's CallbackInfo
[30Aug2025 03:51:18.674] [pool-10-thread-1/DEBUG] [mixin/]: create.mixins.json:LavaSwimmingMixin from mod create->@Inject::create$onLavaTravel(Lnet/minecraft/world/phys/Vec3;Lorg/spongepowered/asm/mixin/injection/callback/CallbackInfo;)V has 0 override(s) in child classes
[30Aug2025 03:51:18.674] [pool-10-thread-1/DEBUG] [mixin/]: create.mixins.json:LavaSwimmingMixin from mod create->@Inject::create$onLavaTravel(Lnet/minecraft/world/phys/Vec3;Lorg/spongepowered/asm/mixin/injection/callback/CallbackInfo;)V won't be passed a CallbackInfo as a result
[30Aug2025 03:51:18.693] [pool-10-thread-1/DEBUG] [mixin/]: Mixing accessor.EntityAccessor from ponder-common.mixins.json into net.minecraft.world.entity.Entity
[30Aug2025 03:51:18.693] [pool-10-thread-1/DEBUG] [mixin/]: ponder-common.mixins.json:accessor.EntityAccessor from mod ponder: Class version 65 required is higher than the class version supported by the current version of Mixin (JAVA_17 supports class version 61)
[30Aug2025 03:51:18.693] [pool-10-thread-1/DEBUG] [mixin/]: Mixing client.EntityContraptionInteractionMixin from create.mixins.json into net.minecraft.world.entity.Entity
[30Aug2025 03:51:18.694] [pool-10-thread-1/DEBUG] [mixin/]: Renaming synthetic method lambda$create$onSpawnSprintParticle$4(Lnet/minecraft/world/entity/Entity;Lnet/minecraft/core/BlockPos;Lcom/simibubi/create/content/contraptions/Contraption;Lnet/minecraft/world/level/block/state/BlockState;Lnet/minecraft/core/BlockPos;)V to md2dc29e$create$lambda$create$onSpawnSprintParticle$4$0 in create.mixins.json:client.EntityContraptionInteractionMixin from mod create
[30Aug2025 03:51:18.694] [pool-10-thread-1/DEBUG] [mixin/]: Renaming synthetic method lambda$create$onMove$3(Lnet/minecraft/world/phys/Vec3;Lnet/minecraft/world/entity/Entity;Lcom/simibubi/create/content/contraptions/AbstractContraptionEntity;)Z to md2dc29e$create$lambda$create$onMove$3$1 in create.mixins.json:client.EntityContraptionInteractionMixin from mod create
[30Aug2025 03:51:18.694] [pool-10-thread-1/DEBUG] [mixin/]: Renaming synthetic method lambda$create$contraptionStepSounds$2(Lorg/apache/commons/lang3/mutable/MutableBoolean;Lcom/simibubi/create/content/contraptions/Contraption;Lnet/minecraft/world/level/block/state/BlockState;Lnet/minecraft/core/BlockPos;)V to md2dc29e$create$lambda$create$contraptionStepSounds$2$2 in create.mixins.json:client.EntityContraptionInteractionMixin from mod create
[30Aug2025 03:51:18.694] [pool-10-thread-1/DEBUG] [mixin/]: Renaming synthetic method lambda$create$forCollision$1(Lnet/minecraft/world/phys/Vec3;Lorg/apache/logging/log4j/util/TriConsumer;Lcom/simibubi/create/content/contraptions/AbstractContraptionEntity;)V to md2dc29e$create$lambda$create$forCollision$1$3 in create.mixins.json:client.EntityContraptionInteractionMixin from mod create
[30Aug2025 03:51:18.694] [pool-10-thread-1/DEBUG] [mixin/]: Renaming synthetic method lambda$create$getIntersectionContraptionsStream$0(Lcom/simibubi/create/content/contraptions/AbstractContraptionEntity;)Z to md2dc29e$create$lambda$create$getIntersectionContraptionsStream$0$4 in create.mixins.json:client.EntityContraptionInteractionMixin from mod create
[30Aug2025 03:51:18.727] [pool-10-thread-1/DEBUG] [mixin/]: Mixing EntityMixin from create.mixins.json into net.minecraft.world.entity.Entity
[30Aug2025 03:51:18.734] [pool-10-thread-1/DEBUG] [mixin/]: create.mixins.json:client.EntityContraptionInteractionMixin from mod create->@Inject::create$contraptionStepSounds(Lnet/minecraft/world/entity/MoverType;Lnet/minecraft/world/phys/Vec3;Lorg/spongepowered/asm/mixin/injection/callback/CallbackInfo;)V doesn't use it's CallbackInfo
[30Aug2025 03:51:18.735] [pool-10-thread-1/DEBUG] [mixin/]: create.mixins.json:client.EntityContraptionInteractionMixin from mod create->@Inject::create$contraptionStepSounds(Lnet/minecraft/world/entity/MoverType;Lnet/minecraft/world/phys/Vec3;Lorg/spongepowered/asm/mixin/injection/callback/CallbackInfo;)V has 0 override(s) in child classes
[30Aug2025 03:51:18.735] [pool-10-thread-1/DEBUG] [mixin/]: create.mixins.json:client.EntityContraptionInteractionMixin from mod create->@Inject::create$contraptionStepSounds(Lnet/minecraft/world/entity/MoverType;Lnet/minecraft/world/phys/Vec3;Lorg/spongepowered/asm/mixin/injection/callback/CallbackInfo;)V won't be passed a CallbackInfo as a result
[30Aug2025 03:51:18.735] [pool-10-thread-1/DEBUG] [mixin/]: create.mixins.json:client.EntityContraptionInteractionMixin from mod create->@Inject::create$onMove(Lnet/minecraft/world/entity/MoverType;Lnet/minecraft/world/phys/Vec3;Lorg/spongepowered/asm/mixin/injection/callback/CallbackInfo;)V doesn't use it's CallbackInfo
[30Aug2025 03:51:18.735] [pool-10-thread-1/DEBUG] [mixin/]: create.mixins.json:client.EntityContraptionInteractionMixin from mod create->@Inject::create$onMove(Lnet/minecraft/world/entity/MoverType;Lnet/minecraft/world/phys/Vec3;Lorg/spongepowered/asm/mixin/injection/callback/CallbackInfo;)V has 0 override(s) in child classes
[30Aug2025 03:51:18.735] [pool-10-thread-1/DEBUG] [mixin/]: create.mixins.json:client.EntityContraptionInteractionMixin from mod create->@Inject::create$onMove(Lnet/minecraft/world/entity/MoverType;Lnet/minecraft/world/phys/Vec3;Lorg/spongepowered/asm/mixin/injection/callback/CallbackInfo;)V won't be passed a CallbackInfo as a result
[30Aug2025 03:51:18.735] [pool-10-thread-1/DEBUG] [mixin/]: create.mixins.json:client.EntityContraptionInteractionMixin from mod create->@Inject::create$onSpawnSprintParticle(Lorg/spongepowered/asm/mixin/injection/callback/CallbackInfo;)V doesn't use it's CallbackInfo
[30Aug2025 03:51:18.735] [pool-10-thread-1/DEBUG] [mixin/]: create.mixins.json:client.EntityContraptionInteractionMixin from mod create->@Inject::create$onSpawnSprintParticle(Lorg/spongepowered/asm/mixin/injection/callback/CallbackInfo;)V has 0 override(s) in child classes
[30Aug2025 03:51:18.735] [pool-10-thread-1/DEBUG] [mixin/]: create.mixins.json:client.EntityContraptionInteractionMixin from mod create->@Inject::create$onSpawnSprintParticle(Lorg/spongepowered/asm/mixin/injection/callback/CallbackInfo;)V won't be passed a CallbackInfo as a result
[30Aug2025 03:51:18.785] [pool-10-thread-1/DEBUG] [io.netty.util.internal.PlatformDependent0/]: -Dio.netty.noUnsafe: false
[30Aug2025 03:51:18.785] [pool-10-thread-1/DEBUG] [io.netty.util.internal.PlatformDependent0/]: Java version: 21
[30Aug2025 03:51:18.787] [pool-10-thread-1/DEBUG] [io.netty.util.internal.PlatformDependent0/]: sun.misc.Unsafe.theUnsafe: available
[30Aug2025 03:51:18.787] [pool-10-thread-1/DEBUG] [io.netty.util.internal.PlatformDependent0/]: sun.misc.Unsafe.copyMemory: available
[30Aug2025 03:51:18.787] [pool-10-thread-1/DEBUG] [io.netty.util.internal.PlatformDependent0/]: sun.misc.Unsafe.storeFence: available
[30Aug2025 03:51:18.787] [pool-10-thread-1/DEBUG] [io.netty.util.internal.PlatformDependent0/]: java.nio.Buffer.address: available
[30Aug2025 03:51:18.788] [pool-10-thread-1/DEBUG] [io.netty.util.internal.PlatformDependent0/]: java.nio.Bits.unaligned: available, true
[30Aug2025 03:51:18.790] [pool-10-thread-1/DEBUG] [io.netty.util.internal.PlatformDependent0/]: java.nio.DirectByteBuffer.<init>(long, {int,long}): unavailable
[30Aug2025 03:51:18.790] [pool-10-thread-1/DEBUG] [io.netty.util.internal.PlatformDependent/]: sun.misc.Unsafe: available
[30Aug2025 03:51:18.790] [pool-10-thread-1/DEBUG] [io.netty.util.internal.PlatformDependent/]: maxDirectMemory: 8573157376 bytes (maybe)
[30Aug2025 03:51:18.790] [pool-10-thread-1/DEBUG] [io.netty.util.internal.PlatformDependent/]: -Dio.netty.tmpdir: C:\Users\micha\AppData\Local\Temp (java.io.tmpdir)
[30Aug2025 03:51:18.790] [pool-10-thread-1/DEBUG] [io.netty.util.internal.PlatformDependent/]: -Dio.netty.bitMode: 64 (sun.arch.data.model)
[30Aug2025 03:51:18.791] [pool-10-thread-1/DEBUG] [io.netty.util.internal.PlatformDependent/]: Platform: Windows
[30Aug2025 03:51:18.791] [pool-10-thread-1/DEBUG] [io.netty.util.internal.PlatformDependent/]: -Dio.netty.maxDirectMemory: -1 bytes
[30Aug2025 03:51:18.791] [pool-10-thread-1/DEBUG] [io.netty.util.internal.PlatformDependent/]: -Dio.netty.uninitializedArrayAllocationThreshold: -1
[30Aug2025 03:51:18.791] [pool-10-thread-1/DEBUG] [io.netty.util.internal.CleanerJava9/]: java.nio.ByteBuffer.cleaner(): available
[30Aug2025 03:51:18.793] [pool-10-thread-1/DEBUG] [io.netty.util.internal.PlatformDependent/]: -Dio.netty.noPreferDirect: false
[30Aug2025 03:51:18.799] [pool-10-thread-1/DEBUG] [mixin/]: Mixing accessor.StateHolderAccessor from create.mixins.json into net.minecraft.world.level.block.state.StateHolder
[30Aug2025 03:51:18.815] [pool-10-thread-1/DEBUG] [mixin/]: Mixing LevelMixin from flywheel.impl.mixins.json into net.minecraft.world.level.Level
[30Aug2025 03:51:18.822] [pool-10-thread-1/DEBUG] [mixin/]: Mixing accessor.ServerLevelAccessor from create.mixins.json into net.minecraft.server.level.ServerLevel
[30Aug2025 03:51:19.004] [pool-10-thread-1/DEBUG] [mixin/]: Mixing accessor.DispenserBlockAccessor from create.mixins.json into net.minecraft.world.level.block.DispenserBlock
[30Aug2025 03:51:19.015] [pool-10-thread-1/DEBUG] [mixin/]: Mixing accessor.CropBlockAccessor from create.mixins.json into net.minecraft.world.level.block.CropBlock
[30Aug2025 03:51:19.051] [pool-10-thread-1/DEBUG] [mixin/]: Mixing accessor.ConcretePowderBlockAccessor from create.mixins.json into net.minecraft.world.level.block.ConcretePowderBlock
[30Aug2025 03:51:19.067] [pool-10-thread-1/DEBUG] [mixin/]: Mixing BeehiveBlockMixin from create.mixins.json into net.minecraft.world.level.block.BeehiveBlock
[30Aug2025 03:51:19.088] [pool-10-thread-1/DEBUG] [mixin/]: Mixing ShulkerBoxBlockMixin from create.mixins.json into net.minecraft.world.level.block.ShulkerBoxBlock
[30Aug2025 03:51:19.135] [pool-10-thread-1/DEBUG] [mixin/]: Mixing WaterWheelFluidSpreadMixin from create.mixins.json into net.minecraft.world.level.material.FlowingFluid
[30Aug2025 03:51:19.142] [pool-10-thread-1/DEBUG] [mixin/]: Mixing accessor.FlowingFluidAccessor from create.mixins.json into net.minecraft.world.level.material.FlowingFluid
[30Aug2025 03:51:19.143] [pool-10-thread-1/DEBUG] [mixin/]: create.mixins.json:WaterWheelFluidSpreadMixin from mod create->@Inject::create$canPassThroughOnWaterWheel(Lnet/minecraft/world/level/BlockGetter;Lnet/minecraft/world/level/material/Fluid;Lnet/minecraft/core/BlockPos;Lnet/minecraft/world/level/block/state/BlockState;Lnet/minecraft/core/Direction;Lnet/minecraft/core/BlockPos;Lnet/minecraft/world/level/block/state/BlockState;Lnet/minecraft/world/level/material/FluidState;Lorg/spongepowered/asm/mixin/injection/callback/CallbackInfoReturnable;)V does use it's CallbackInfoReturnable
[30Aug2025 03:51:19.195] [pool-10-thread-1/DEBUG] [mixin/]: Mixing accessor.FallingBlockEntityAccessor from create.mixins.json into net.minecraft.world.entity.item.FallingBlockEntity
[30Aug2025 03:51:19.195] [pool-10-thread-1/DEBUG] [mixin/]: Renaming @Invoker method create$callInit(Lnet/minecraft/world/level/Level;DDDLnet/minecraft/world/level/block/state/BlockState;)Lnet/minecraft/world/entity/item/FallingBlockEntity; to callInit$create_$md$2dc29e$0 in create.mixins.json:accessor.FallingBlockEntityAccessor from mod create
[30Aug2025 03:51:19.197] [pool-10-thread-1/DEBUG] [mixin/]: Mixing visualmanage.BlockEntityMixin from flywheel.impl.mixins.json into net.minecraft.world.level.block.entity.BlockEntity
[30Aug2025 03:51:19.199] [pool-10-thread-1/DEBUG] [mixin/]: flywheel.impl.mixins.json:visualmanage.BlockEntityMixin from mod flywheel->@Inject::flywheel$removeVisual(Lorg/spongepowered/asm/mixin/injection/callback/CallbackInfo;)V doesn't use it's CallbackInfo
[30Aug2025 03:51:19.199] [pool-10-thread-1/DEBUG] [mixin/]: flywheel.impl.mixins.json:visualmanage.BlockEntityMixin from mod flywheel->@Inject::flywheel$removeVisual(Lorg/spongepowered/asm/mixin/injection/callback/CallbackInfo;)V has 0 override(s) in child classes
[30Aug2025 03:51:19.199] [pool-10-thread-1/DEBUG] [mixin/]: flywheel.impl.mixins.json:visualmanage.BlockEntityMixin from mod flywheel->@Inject::flywheel$removeVisual(Lorg/spongepowered/asm/mixin/injection/callback/CallbackInfo;)V won't be passed a CallbackInfo as a result
[30Aug2025 03:51:19.374] [pool-10-thread-1/DEBUG] [mixin/]: Mixing accessor.MobEffectInstanceAccessor from create.mixins.json into net.minecraft.world.effect.MobEffectInstance
[30Aug2025 03:51:19.414] [pool-10-thread-1/DEBUG] [mixin/]: Mixing MobMixin from create.mixins.json into net.minecraft.world.entity.Mob
[30Aug2025 03:51:19.469] [pool-10-thread-1/DEBUG] [mixin/]: Mixing BlockEntityTypeMixin from flywheel.impl.mixins.json into net.minecraft.world.level.block.entity.BlockEntityType
[30Aug2025 03:51:19.470] [pool-10-thread-1/DEBUG] [mixin/]: Mixing BlockEntityTypeAccessor from neoforge.mixins.json into net.minecraft.world.level.block.entity.BlockEntityType
[30Aug2025 03:51:20.064] [pool-10-thread-1/DEBUG] [mixin/]: Mixing SmithingMenuMixin from create.mixins.json into net.minecraft.world.inventory.SmithingMenu
[30Aug2025 03:51:20.066] [pool-10-thread-1/DEBUG] [mixin/]: Renaming synthetic method lambda$create$preventUnbreakingOnBacktanks$0(Lnet/minecraft/world/item/ItemStack;Lnet/minecraft/core/Holder;)Z to md2dc29e$create$lambda$create$preventUnbreakingOnBacktanks$0$0 in create.mixins.json:SmithingMenuMixin from mod create
[30Aug2025 03:51:20.070] [pool-10-thread-1/DEBUG] [mixin/]: create.mixins.json:SmithingMenuMixin from mod create->@Inject::create$awardAdvancementWhenTrimmingCardboardArmor(Lnet/minecraft/world/entity/player/Player;Lnet/minecraft/world/item/ItemStack;Lorg/spongepowered/asm/mixin/injection/callback/CallbackInfo;)V doesn't use it's CallbackInfo
[30Aug2025 03:51:20.070] [pool-10-thread-1/DEBUG] [mixin/]: create.mixins.json:SmithingMenuMixin from mod create->@Inject::create$awardAdvancementWhenTrimmingCardboardArmor(Lnet/minecraft/world/entity/player/Player;Lnet/minecraft/world/item/ItemStack;Lorg/spongepowered/asm/mixin/injection/callback/CallbackInfo;)V has 0 override(s) in child classes
[30Aug2025 03:51:20.070] [pool-10-thread-1/DEBUG] [mixin/]: create.mixins.json:SmithingMenuMixin from mod create->@Inject::create$awardAdvancementWhenTrimmingCardboardArmor(Lnet/minecraft/world/entity/player/Player;Lnet/minecraft/world/item/ItemStack;Lorg/spongepowered/asm/mixin/injection/callback/CallbackInfo;)V won't be passed a CallbackInfo as a result
[30Aug2025 03:51:20.617] [pool-10-thread-1/DEBUG] [mixin/]: Mixing BlockItemMixin from create.mixins.json into net.minecraft.world.item.BlockItem
[30Aug2025 03:51:20.618] [pool-10-thread-1/DEBUG] [mixin/]: create.mixins.json:BlockItemMixin from mod create->@Inject::create$fixDeployerPlacement(Lnet/minecraft/world/item/context/BlockPlaceContext;Lorg/spongepowered/asm/mixin/injection/callback/CallbackInfoReturnable;)V does use it's CallbackInfoReturnable
[30Aug2025 03:51:20.749] [pool-10-thread-1/DEBUG] [mixin/]: Mixing ArmorTrimMixin from create.mixins.json into net.minecraft.world.item.armortrim.ArmorTrim
[30Aug2025 03:51:20.750] [pool-10-thread-1/DEBUG] [mixin/]: Renaming synthetic method lambda$new$0(Ljava/lang/Boolean;Lnet/minecraft/core/Holder;)Lnet/minecraft/resources/ResourceLocation; to md2dc29e$create$lambda$new$0$0 in create.mixins.json:ArmorTrimMixin from mod create
[30Aug2025 03:51:20.755] [pool-10-thread-1/DEBUG] [mixin/]: create.mixins.json:ArmorTrimMixin from mod create->@Inject::create$swapTexturesForCardboardTrimsInner(Lnet/minecraft/core/Holder;Lorg/spongepowered/asm/mixin/injection/callback/CallbackInfoReturnable;)V does use it's CallbackInfoReturnable
[30Aug2025 03:51:20.755] [pool-10-thread-1/DEBUG] [mixin/]: create.mixins.json:ArmorTrimMixin from mod create->@Inject::create$swapTexturesForCardboardTrimsOuter(Lnet/minecraft/core/Holder;Lorg/spongepowered/asm/mixin/injection/callback/CallbackInfoReturnable;)V does use it's CallbackInfoReturnable
[30Aug2025 03:51:20.774] [pool-10-thread-1/DEBUG] [mixin/]: Mixing visualmanage.LevelChunkMixin from flywheel.impl.mixins.json into net.minecraft.world.level.chunk.LevelChunk
[30Aug2025 03:51:20.776] [pool-10-thread-1/DEBUG] [mixin/]: flywheel.impl.mixins.json:visualmanage.LevelChunkMixin from mod flywheel->@Inject::flywheel$onBlockEntityAdded(Lnet/minecraft/world/level/block/entity/BlockEntity;Lorg/spongepowered/asm/mixin/injection/callback/CallbackInfo;)V doesn't use it's CallbackInfo
[30Aug2025 03:51:20.776] [pool-10-thread-1/DEBUG] [mixin/]: flywheel.impl.mixins.json:visualmanage.LevelChunkMixin from mod flywheel->@Inject::flywheel$onBlockEntityAdded(Lnet/minecraft/world/level/block/entity/BlockEntity;Lorg/spongepowered/asm/mixin/injection/callback/CallbackInfo;)V has 0 override(s) in child classes
[30Aug2025 03:51:20.776] [pool-10-thread-1/DEBUG] [mixin/]: flywheel.impl.mixins.json:visualmanage.LevelChunkMixin from mod flywheel->@Inject::flywheel$onBlockEntityAdded(Lnet/minecraft/world/level/block/entity/BlockEntity;Lorg/spongepowered/asm/mixin/injection/callback/CallbackInfo;)V won't be passed a CallbackInfo as a result
[30Aug2025 03:51:20.836] [pool-10-thread-1/DEBUG] [mixin/]: Mixing accessor.UseOnContextAccessor from create.mixins.json into net.minecraft.world.item.context.UseOnContext
[30Aug2025 03:51:20.945] [pool-10-thread-1/DEBUG] [mixin/]: Mixing accessor.MinecartFurnaceAccessor from create.mixins.json into net.minecraft.world.entity.vehicle.MinecartFurnace
[30Aug2025 03:51:21.401] [pool-10-thread-1/DEBUG] [mixin/]: Mixing accessor.ProjectileDispenseBehaviorAccessor from create.mixins.json into net.minecraft.core.dispenser.ProjectileDispenseBehavior
[30Aug2025 03:51:21.454] [pool-10-thread-1/DEBUG] [mixin/]: Mixing accessor.ShapedRecipeAccessor from create.mixins.json into net.minecraft.world.item.crafting.ShapedRecipe
[30Aug2025 03:51:21.549] [pool-10-thread-1/DEBUG] [mixin/]: Mixing EnchantedCountIncreaseFunctionMixin from create.mixins.json into net.minecraft.world.level.storage.loot.functions.EnchantedCountIncreaseFunction
[30Aug2025 03:51:21.553] [pool-10-thread-1/DEBUG] [mixin/]: create.mixins.json:EnchantedCountIncreaseFunctionMixin from mod create->@Inject::fireWithoutAttackingEntity(Lnet/minecraft/world/item/ItemStack;Lnet/minecraft/world/level/storage/loot/LootContext;Lorg/spongepowered/asm/mixin/injection/callback/CallbackInfoReturnable;)V doesn't use it's CallbackInfoReturnable
[30Aug2025 03:51:21.553] [pool-10-thread-1/DEBUG] [mixin/]: create.mixins.json:EnchantedCountIncreaseFunctionMixin from mod create->@Inject::fireWithoutAttackingEntity(Lnet/minecraft/world/item/ItemStack;Lnet/minecraft/world/level/storage/loot/LootContext;Lorg/spongepowered/asm/mixin/injection/callback/CallbackInfoReturnable;)V has 0 override(s) in child classes
[30Aug2025 03:51:21.553] [pool-10-thread-1/DEBUG] [mixin/]: create.mixins.json:EnchantedCountIncreaseFunctionMixin from mod create->@Inject::fireWithoutAttackingEntity(Lnet/minecraft/world/item/ItemStack;Lnet/minecraft/world/level/storage/loot/LootContext;Lorg/spongepowered/asm/mixin/injection/callback/CallbackInfoReturnable;)V won't be passed a CallbackInfoReturnable as a result
[30Aug2025 03:51:22.090] [pool-10-thread-1/DEBUG] [net.neoforged.neoforge.registries.GameData/REGISTRIES]: Creating vanilla freeze snapshot
[30Aug2025 03:51:22.111] [pool-10-thread-1/DEBUG] [net.neoforged.neoforge.registries.GameData/REGISTRIES]: Vanilla freeze snapshot created
[30Aug2025 03:51:22.119] [main/DEBUG] [mixin/]: Mixing accessor.MinecraftServerAccessor from ponder-common.mixins.json into net.minecraft.server.MinecraftServer
[30Aug2025 03:51:22.119] [main/DEBUG] [mixin/]: ponder-common.mixins.json:accessor.MinecraftServerAccessor from mod ponder: Class version 65 required is higher than the class version supported by the current version of Mixin (JAVA_17 supports class version 61)
[30Aug2025 03:51:22.154] [main/DEBUG] [mixin/]: Mixing MapItemSavedDataMixin from create.mixins.json into net.minecraft.world.level.saveddata.maps.MapItemSavedData
[30Aug2025 03:51:22.163] [main/DEBUG] [mixin/]: create.mixins.json:MapItemSavedDataMixin from mod create->@Inject::create$onLoad(Lnet/minecraft/nbt/CompoundTag;Lnet/minecraft/core/HolderLookup$Provider;Lorg/spongepowered/asm/mixin/injection/callback/CallbackInfoReturnable;)V does use it's CallbackInfoReturnable
[30Aug2025 03:51:22.163] [main/DEBUG] [mixin/]: create.mixins.json:MapItemSavedDataMixin from mod create->@Inject::create$onSave(Lnet/minecraft/nbt/CompoundTag;Lnet/minecraft/core/HolderLookup$Provider;Lorg/spongepowered/asm/mixin/injection/callback/CallbackInfoReturnable;)V doesn't use it's CallbackInfoReturnable
[30Aug2025 03:51:22.163] [main/DEBUG] [mixin/]: create.mixins.json:MapItemSavedDataMixin from mod create->@Inject::create$onSave(Lnet/minecraft/nbt/CompoundTag;Lnet/minecraft/core/HolderLookup$Provider;Lorg/spongepowered/asm/mixin/injection/callback/CallbackInfoReturnable;)V has 0 override(s) in child classes
[30Aug2025 03:51:22.164] [main/DEBUG] [mixin/]: create.mixins.json:MapItemSavedDataMixin from mod create->@Inject::create$onSave(Lnet/minecraft/nbt/CompoundTag;Lnet/minecraft/core/HolderLookup$Provider;Lorg/spongepowered/asm/mixin/injection/callback/CallbackInfoReturnable;)V won't be passed a CallbackInfoReturnable as a result
[30Aug2025 03:51:22.164] [main/DEBUG] [mixin/]: create.mixins.json:MapItemSavedDataMixin from mod create->@Inject::create$onCheckBanners(Lnet/minecraft/world/level/BlockGetter;IILorg/spongepowered/asm/mixin/injection/callback/CallbackInfo;)V doesn't use it's CallbackInfo
[30Aug2025 03:51:22.164] [main/DEBUG] [mixin/]: create.mixins.json:MapItemSavedDataMixin from mod create->@Inject::create$onCheckBanners(Lnet/minecraft/world/level/BlockGetter;IILorg/spongepowered/asm/mixin/injection/callback/CallbackInfo;)V has 0 override(s) in child classes
[30Aug2025 03:51:22.164] [main/DEBUG] [mixin/]: create.mixins.json:MapItemSavedDataMixin from mod create->@Inject::create$onCheckBanners(Lnet/minecraft/world/level/BlockGetter;IILorg/spongepowered/asm/mixin/injection/callback/CallbackInfo;)V won't be passed a CallbackInfo as a result
[30Aug2025 03:51:22.557] [main/DEBUG] [mixin/]: Mixing TestCommandMixin from create.mixins.json into net.minecraft.gametest.framework.TestCommand
[30Aug2025 03:51:22.603] [main/WARN] [net.minecraft.commands.Commands/]: Ambiguity between arguments [teleport, location] and [teleport, destination] with inputs: [0.1 -0.5 .9, 0 0 0]
[30Aug2025 03:51:22.604] [main/WARN] [net.minecraft.commands.Commands/]: Ambiguity between arguments [teleport, location] and [teleport, targets] with inputs: [0.1 -0.5 .9, 0 0 0]
[30Aug2025 03:51:22.606] [main/WARN] [net.minecraft.commands.Commands/]: Ambiguity between arguments [teleport, destination] and [teleport, targets] with inputs: [Player, 0123, @e, dd12be42-52a9-4a91-a8a1-11c01849e498]
[30Aug2025 03:51:22.606] [main/WARN] [net.minecraft.commands.Commands/]: Ambiguity between arguments [teleport, targets] and [teleport, destination] with inputs: [Player, 0123, dd12be42-52a9-4a91-a8a1-11c01849e498]
[30Aug2025 03:51:22.607] [main/WARN] [net.minecraft.commands.Commands/]: Ambiguity between arguments [teleport, targets, location] and [teleport, targets, destination] with inputs: [0.1 -0.5 .9, 0 0 0]
[30Aug2025 03:51:22.616] [Render thread/DEBUG] [mixin/]: Mixing RenderSystemMixin from flywheel.backend.mixins.json into com.mojang.blaze3d.systems.RenderSystem
[30Aug2025 03:51:22.618] [Render thread/DEBUG] [mixin/]: Mixing client.accessor.RenderSystemAccessor from ponder-common.mixins.json into com.mojang.blaze3d.systems.RenderSystem
[30Aug2025 03:51:22.618] [Render thread/DEBUG] [mixin/]: ponder-common.mixins.json:client.accessor.RenderSystemAccessor from mod ponder: Class version 65 required is higher than the class version supported by the current version of Mixin (JAVA_17 supports class version 61)
[30Aug2025 03:51:22.618] [Render thread/DEBUG] [mixin/]: Renaming @Accessor method catnip$getShaderLightDirections()[Lorg/joml/Vector3f; to catnip$getShaderLightDirections$ponder_$md$2dc29e$0 in ponder-common.mixins.json:client.accessor.RenderSystemAccessor from mod ponder
[30Aug2025 03:51:22.619] [Render thread/DEBUG] [mixin/]: flywheel.backend.mixins.json:RenderSystemMixin from mod flywheel->@Inject::flywheel$onInitRenderer(Lorg/spongepowered/asm/mixin/injection/callback/CallbackInfo;)V doesn't use it's CallbackInfo
[30Aug2025 03:51:22.619] [Render thread/DEBUG] [mixin/]: flywheel.backend.mixins.json:RenderSystemMixin from mod flywheel->@Inject::flywheel$onSetFogStart(Lorg/spongepowered/asm/mixin/injection/callback/CallbackInfo;)V doesn't use it's CallbackInfo
[30Aug2025 03:51:22.619] [Render thread/DEBUG] [mixin/]: flywheel.backend.mixins.json:RenderSystemMixin from mod flywheel->@Inject::flywheel$onSetFogEnd(Lorg/spongepowered/asm/mixin/injection/callback/CallbackInfo;)V doesn't use it's CallbackInfo
[30Aug2025 03:51:22.619] [Render thread/DEBUG] [mixin/]: flywheel.backend.mixins.json:RenderSystemMixin from mod flywheel->@Inject::flywheel$onSetFogShape(Lorg/spongepowered/asm/mixin/injection/callback/CallbackInfo;)V doesn't use it's CallbackInfo
[30Aug2025 03:51:22.619] [Render thread/DEBUG] [mixin/]: flywheel.backend.mixins.json:RenderSystemMixin from mod flywheel->@Inject::flywheel$onSetFogColor(Lorg/spongepowered/asm/mixin/injection/callback/CallbackInfo;)V doesn't use it's CallbackInfo
[30Aug2025 03:51:22.629] [Render thread/DEBUG] [mixin/]: Mixing client.accessor.ScreenAccessor from ponder-common.mixins.json into net.minecraft.client.gui.screens.Screen
[30Aug2025 03:51:22.629] [Render thread/DEBUG] [mixin/]: ponder-common.mixins.json:client.accessor.ScreenAccessor from mod ponder: Class version 65 required is higher than the class version supported by the current version of Mixin (JAVA_17 supports class version 61)
[30Aug2025 03:51:22.640] [Render thread/DEBUG] [mixin/]: Mixing client.HeavyBootsOnPlayerMixin from create.mixins.json into net.minecraft.client.player.LocalPlayer
[30Aug2025 03:51:22.643] [Render thread/DEBUG] [mixin/]: create.mixins.json:client.HeavyBootsOnPlayerMixin from mod create->@Inject::create$noSwimmingWithHeavyBootsOn(Lorg/spongepowered/asm/mixin/injection/callback/CallbackInfoReturnable;)V does use it's CallbackInfoReturnable
[30Aug2025 03:51:22.646] [Render thread/DEBUG] [mixin/]: Mixing AbstractClientPlayerAccessor from flywheel.backend.mixins.json into net.minecraft.client.player.AbstractClientPlayer
[30Aug2025 03:51:22.657] [Render thread/DEBUG] [mixin/]: Mixing accessor.TimerAccessor from ponder-common.mixins.json into net.minecraft.client.DeltaTracker$Timer
[30Aug2025 03:51:22.657] [Render thread/DEBUG] [mixin/]: ponder-common.mixins.json:accessor.TimerAccessor from mod ponder: Class version 65 required is higher than the class version supported by the current version of Mixin (JAVA_17 supports class version 61)
[30Aug2025 03:51:22.657] [Render thread/DEBUG] [mixin/]: Mixing accessor.TimerAccessor from create.mixins.json into net.minecraft.client.DeltaTracker$Timer
[30Aug2025 03:51:22.710] [Render thread/WARN] [net.minecraft.server.packs.VanillaPackResourcesBuilder/]: Assets URL 'union:/C:/Users/micha/Documents/Blocks%20&%20Bogeys%201.21.1/CreateDeco/.gradle/repositories/ng_dummy_ng/net/neoforged/neoforge/21.1.193/neoforge-21.1.193.jar%23195!/assets/.mcassetsroot' uses unexpected schema
[30Aug2025 03:51:22.710] [Render thread/WARN] [net.minecraft.server.packs.VanillaPackResourcesBuilder/]: Assets URL 'union:/C:/Users/micha/Documents/Blocks%20&%20Bogeys%201.21.1/CreateDeco/.gradle/repositories/ng_dummy_ng/net/neoforged/neoforge/21.1.193/neoforge-21.1.193.jar%23195!/data/.mcassetsroot' uses unexpected schema
[30Aug2025 03:51:22.750] [Render thread/INFO] [com.mojang.authlib.yggdrasil.YggdrasilAuthenticationService/]: Environment: Environment[sessionHost=https://sessionserver.mojang.com, servicesHost=https://api.minecraftservices.com, name=PROD]
[30Aug2025 03:51:22.758] [Render thread/INFO] [net.minecraft.client.Minecraft/]: Setting user: Dev
[30Aug2025 03:51:22.761] [Render thread/DEBUG] [mixin/]: Mixing OptionsMixin from flywheel.backend.mixins.json into net.minecraft.client.Options
[30Aug2025 03:51:22.762] [Render thread/DEBUG] [mixin/]: flywheel.backend.mixins.json:OptionsMixin from mod flywheel->@Inject::flywheel$onLoad(Lorg/spongepowered/asm/mixin/injection/callback/CallbackInfo;)V doesn't use it's CallbackInfo
[30Aug2025 03:51:22.762] [Render thread/DEBUG] [mixin/]: flywheel.backend.mixins.json:OptionsMixin from mod flywheel->@Inject::flywheel$onLoad(Lorg/spongepowered/asm/mixin/injection/callback/CallbackInfo;)V has 0 override(s) in child classes
[30Aug2025 03:51:22.762] [Render thread/DEBUG] [mixin/]: flywheel.backend.mixins.json:OptionsMixin from mod flywheel->@Inject::flywheel$onLoad(Lorg/spongepowered/asm/mixin/injection/callback/CallbackInfo;)V won't be passed a CallbackInfo as a result
[30Aug2025 03:51:22.762] [Render thread/DEBUG] [mixin/]: flywheel.backend.mixins.json:OptionsMixin from mod flywheel->@Inject::flywheel$onSave(Lorg/spongepowered/asm/mixin/injection/callback/CallbackInfo;)V doesn't use it's CallbackInfo
[30Aug2025 03:51:22.762] [Render thread/DEBUG] [mixin/]: flywheel.backend.mixins.json:OptionsMixin from mod flywheel->@Inject::flywheel$onSave(Lorg/spongepowered/asm/mixin/injection/callback/CallbackInfo;)V has 0 override(s) in child classes
[30Aug2025 03:51:22.762] [Render thread/DEBUG] [mixin/]: flywheel.backend.mixins.json:OptionsMixin from mod flywheel->@Inject::flywheel$onSave(Lorg/spongepowered/asm/mixin/injection/callback/CallbackInfo;)V won't be passed a CallbackInfo as a result
[30Aug2025 03:51:22.855] [Render thread/INFO] [net.minecraft.client.Minecraft/]: Backend library: LWJGL version 3.3.3+5
[30Aug2025 03:51:22.892] [Render thread/DEBUG] [mixin/]: Mixing GlStateManagerMixin from flywheel.backend.mixins.json into com.mojang.blaze3d.platform.GlStateManager
[30Aug2025 03:51:22.900] [Render thread/DEBUG] [mixin/]: flywheel.backend.mixins.json:GlStateManagerMixin from mod flywheel->@Inject::flywheel$onBindBuffer(IILorg/spongepowered/asm/mixin/injection/callback/CallbackInfo;)V doesn't use it's CallbackInfo
[30Aug2025 03:51:22.900] [Render thread/DEBUG] [mixin/]: flywheel.backend.mixins.json:GlStateManagerMixin from mod flywheel->@Inject::flywheel$onBindVertexArray(ILorg/spongepowered/asm/mixin/injection/callback/CallbackInfo;)V doesn't use it's CallbackInfo
[30Aug2025 03:51:22.900] [Render thread/DEBUG] [mixin/]: flywheel.backend.mixins.json:GlStateManagerMixin from mod flywheel->@Inject::flywheel$onUseProgram(ILorg/spongepowered/asm/mixin/injection/callback/CallbackInfo;)V doesn't use it's CallbackInfo
[30Aug2025 03:51:22.900] [Render thread/DEBUG] [mixin/]: flywheel.backend.mixins.json:GlStateManagerMixin from mod flywheel->@Inject::flywheel$onSetupLevelDiffuseLighting(Lorg/joml/Vector3f;Lorg/joml/Vector3f;Lorg/joml/Matrix4f;Lorg/spongepowered/asm/mixin/injection/callback/CallbackInfo;)V doesn't use it's CallbackInfo
[30Aug2025 03:51:22.923] [Render thread/DEBUG] [mixin/]: Mixing accessor.MouseHandlerAccessor from create.mixins.json into net.minecraft.client.MouseHandler
[30Aug2025 03:51:23.017] [Render thread/DEBUG] [net.neoforged.fml.ModWorkManager/LOADING]: Using 24 threads for parallel mod-loading
[30Aug2025 03:51:23.049] [Render thread/DEBUG] [net.neoforged.fml.javafmlmod.FMLModContainer/LOADING]: Creating FMLModContainer instance for [dev.engine_room.flywheel.impl.FlywheelNeoForge]
[30Aug2025 03:51:23.054] [Render thread/DEBUG] [net.neoforged.fml.javafmlmod.FMLModContainer/LOADING]: Creating FMLModContainer instance for [net.createmod.ponder.NeoForgePonder, net.createmod.ponder.NeoForgePonderClient]
[30Aug2025 03:51:23.056] [Render thread/DEBUG] [net.neoforged.fml.javafmlmod.FMLModContainer/LOADING]: Creating FMLModContainer instance for [com.simibubi.create.Create, com.simibubi.create.CreateClient]
[30Aug2025 03:51:23.057] [Render thread/DEBUG] [net.neoforged.fml.javafmlmod.FMLModContainer/LOADING]: Creating FMLModContainer instance for [com.github.talrey.createdeco.CreateDecoMod]
[30Aug2025 03:51:23.059] [Render thread/DEBUG] [net.neoforged.fml.javafmlmod.FMLModContainer/LOADING]: Creating FMLModContainer instance for [net.neoforged.neoforge.common.NeoForgeMod, net.neoforged.neoforge.client.ClientNeoForgeMod]
[30Aug2025 03:51:23.102] [modloading-worker-0/DEBUG] [net.neoforged.neoforge.internal.versions.neoforge.NeoForgeVersion/CORE]: Found NeoForge version 21.1.193
[30Aug2025 03:51:23.102] [modloading-worker-0/DEBUG] [net.neoforged.neoforge.internal.versions.neoforge.NeoForgeVersion/CORE]: Found FML version 4.0.41
[30Aug2025 03:51:23.102] [modloading-worker-0/INFO] [net.neoforged.neoforge.common.NeoForgeMod/NEOFORGE-MOD]: NeoForge mod loading, version 21.1.193, for MC 1.21.1
[30Aug2025 03:51:23.104] [modloading-worker-0/DEBUG] [net.neoforged.fml.config.ConfigTracker/CONFIG]: Config file flywheel-client.toml for flywheel tracking
[30Aug2025 03:51:23.116] [modloading-worker-0/DEBUG] [net.neoforged.fml.config.ConfigTracker/CONFIG]: Config file neoforge-client.toml for neoforge tracking
[30Aug2025 03:51:23.116] [modloading-worker-0/DEBUG] [net.neoforged.fml.config.ConfigTracker/CONFIG]: Config file neoforge-server.toml for neoforge tracking
[30Aug2025 03:51:23.116] [modloading-worker-0/DEBUG] [net.neoforged.fml.config.ConfigTracker/CONFIG]: Config file neoforge-common.toml for neoforge tracking
[30Aug2025 03:51:23.140] [modloading-worker-0/DEBUG] [net.neoforged.fml.javafmlmod.AutomaticEventSubscriber/LOADING]: Attempting to inject @EventBusSubscriber classes into the eventbus for flywheel
[30Aug2025 03:51:23.146] [modloading-worker-0/DEBUG] [net.neoforged.fml.config.ConfigTracker/CONFIG]: Config file ponder-client.toml for ponder tracking
[30Aug2025 03:51:23.147] [modloading-worker-0/DEBUG] [net.neoforged.fml.javafmlmod.AutomaticEventSubscriber/LOADING]: Attempting to inject @EventBusSubscriber classes into the eventbus for ponder
[30Aug2025 03:51:23.147] [modloading-worker-0/DEBUG] [net.neoforged.fml.javafmlmod.AutomaticEventSubscriber/LOADING]: Scanning class net.createmod.ponder.NeoForgePonderClient$ClientEvents for @SubscribeEvent-annotated methods
[30Aug2025 03:51:23.149] [modloading-worker-0/DEBUG] [net.neoforged.fml.javafmlmod.AutomaticEventSubscriber/]: Subscribing @EventBusSubscriber class Lnet/createmod/ponder/NeoForgePonderClient$ClientEvents; to the game event bus
[30Aug2025 03:51:23.151] [modloading-worker-0/DEBUG] [net.neoforged.fml.javafmlmod.AutomaticEventSubscriber/LOADING]: Scanning class net.createmod.ponder.NeoForgePonder$ModBusEvents for @SubscribeEvent-annotated methods
[30Aug2025 03:51:23.152] [modloading-worker-0/DEBUG] [net.neoforged.fml.javafmlmod.AutomaticEventSubscriber/]: Subscribing @EventBusSubscriber class Lnet/createmod/ponder/NeoForgePonder$ModBusEvents; to the mod event bus of mod ponder
[30Aug2025 03:51:23.152] [modloading-worker-0/DEBUG] [net.neoforged.fml.javafmlmod.AutomaticEventSubscriber/LOADING]: Scanning class net.createmod.ponder.NeoForgePonder$Events for @SubscribeEvent-annotated methods
[30Aug2025 03:51:23.152] [modloading-worker-0/DEBUG] [net.neoforged.fml.javafmlmod.AutomaticEventSubscriber/]: Subscribing @EventBusSubscriber class Lnet/createmod/ponder/NeoForgePonder$Events; to the game event bus
[30Aug2025 03:51:23.153] [modloading-worker-0/DEBUG] [net.neoforged.fml.javafmlmod.AutomaticEventSubscriber/LOADING]: Scanning class net.createmod.ponder.NeoForgePonderClient$ModBusClientEvents for @SubscribeEvent-annotated methods
[30Aug2025 03:51:23.154] [modloading-worker-0/DEBUG] [net.neoforged.fml.javafmlmod.AutomaticEventSubscriber/]: Subscribing @EventBusSubscriber class Lnet/createmod/ponder/NeoForgePonderClient$ModBusClientEvents; to the mod event bus of mod ponder
[30Aug2025 03:51:23.155] [modloading-worker-0/INFO] [com.simibubi.create.Create/]: Create 6.0.6 initializing! Commit hash: 20ad05b5e525166018d21e88c96986f867c7088f
[30Aug2025 03:51:23.162] [modloading-worker-0/DEBUG] [net.neoforged.fml.javafmlmod.AutomaticEventSubscriber/LOADING]: Attempting to inject @EventBusSubscriber classes into the eventbus for neoforge
[30Aug2025 03:51:23.162] [modloading-worker-0/DEBUG] [net.neoforged.fml.javafmlmod.AutomaticEventSubscriber/LOADING]: Scanning class net.neoforged.neoforge.server.command.ConfigCommand for @SubscribeEvent-annotated methods
[30Aug2025 03:51:23.162] [modloading-worker-0/DEBUG] [net.neoforged.fml.javafmlmod.AutomaticEventSubscriber/]: Subscribing @EventBusSubscriber class Lnet/neoforged/neoforge/server/command/ConfigCommand; to the game event bus
[30Aug2025 03:51:23.162] [modloading-worker-0/DEBUG] [net.neoforged.fml.javafmlmod.AutomaticEventSubscriber/LOADING]: Scanning class net.neoforged.neoforge.network.filters.GenericPacketSplitter for @SubscribeEvent-annotated methods
[30Aug2025 03:51:23.181] [modloading-worker-0/DEBUG] [io.netty.buffer.AbstractByteBuf/]: -Dio.netty.buffer.checkAccessible: true
[30Aug2025 03:51:23.181] [modloading-worker-0/DEBUG] [io.netty.buffer.AbstractByteBuf/]: -Dio.netty.buffer.checkBounds: true
[30Aug2025 03:51:23.182] [modloading-worker-0/DEBUG] [io.netty.util.ResourceLeakDetectorFactory/]: Loaded default ResourceLeakDetector: io.netty.util.ResourceLeakDetector@5c721112
[30Aug2025 03:51:23.187] [modloading-worker-0/DEBUG] [io.netty.util.internal.InternalThreadLocalMap/]: -Dio.netty.threadLocalMap.stringBuilder.initialSize: 1024
[30Aug2025 03:51:23.187] [modloading-worker-0/DEBUG] [io.netty.util.internal.InternalThreadLocalMap/]: -Dio.netty.threadLocalMap.stringBuilder.maxSize: 4096
[30Aug2025 03:51:23.188] [modloading-worker-0/DEBUG] [io.netty.buffer.PooledByteBufAllocator/]: -Dio.netty.allocator.numHeapArenas: 48
[30Aug2025 03:51:23.188] [modloading-worker-0/DEBUG] [io.netty.buffer.PooledByteBufAllocator/]: -Dio.netty.allocator.numDirectArenas: 48
[30Aug2025 03:51:23.188] [modloading-worker-0/DEBUG] [io.netty.buffer.PooledByteBufAllocator/]: -Dio.netty.allocator.pageSize: 8192
[30Aug2025 03:51:23.189] [modloading-worker-0/DEBUG] [io.netty.buffer.PooledByteBufAllocator/]: -Dio.netty.allocator.maxOrder: 9
[30Aug2025 03:51:23.189] [modloading-worker-0/DEBUG] [io.netty.buffer.PooledByteBufAllocator/]: -Dio.netty.allocator.chunkSize: 4194304
[30Aug2025 03:51:23.189] [modloading-worker-0/DEBUG] [io.netty.buffer.PooledByteBufAllocator/]: -Dio.netty.allocator.smallCacheSize: 256
[30Aug2025 03:51:23.189] [modloading-worker-0/DEBUG] [io.netty.buffer.PooledByteBufAllocator/]: -Dio.netty.allocator.normalCacheSize: 64
[30Aug2025 03:51:23.189] [modloading-worker-0/DEBUG] [io.netty.buffer.PooledByteBufAllocator/]: -Dio.netty.allocator.maxCachedBufferCapacity: 32768
[30Aug2025 03:51:23.189] [modloading-worker-0/DEBUG] [io.netty.buffer.PooledByteBufAllocator/]: -Dio.netty.allocator.cacheTrimInterval: 8192
[30Aug2025 03:51:23.189] [modloading-worker-0/DEBUG] [io.netty.buffer.PooledByteBufAllocator/]: -Dio.netty.allocator.cacheTrimIntervalMillis: 0
[30Aug2025 03:51:23.189] [modloading-worker-0/DEBUG] [io.netty.buffer.PooledByteBufAllocator/]: -Dio.netty.allocator.useCacheForAllThreads: false
[30Aug2025 03:51:23.190] [modloading-worker-0/DEBUG] [io.netty.buffer.PooledByteBufAllocator/]: -Dio.netty.allocator.maxCachedByteBuffersPerChunk: 1023
[30Aug2025 03:51:23.197] [modloading-worker-0/DEBUG] [io.netty.buffer.ByteBufUtil/]: -Dio.netty.allocator.type: pooled
[30Aug2025 03:51:23.197] [modloading-worker-0/DEBUG] [io.netty.buffer.ByteBufUtil/]: -Dio.netty.threadLocalDirectBufferSize: 0
[30Aug2025 03:51:23.197] [modloading-worker-0/DEBUG] [io.netty.buffer.ByteBufUtil/]: -Dio.netty.maxThreadLocalCharBufferSize: 16384
[30Aug2025 03:51:23.201] [modloading-worker-0/DEBUG] [net.neoforged.fml.javafmlmod.AutomaticEventSubscriber/]: Subscribing @EventBusSubscriber class Lnet/neoforged/neoforge/network/filters/GenericPacketSplitter; to the mod event bus of mod neoforge
[30Aug2025 03:51:23.202] [modloading-worker-0/DEBUG] [net.neoforged.fml.javafmlmod.AutomaticEventSubscriber/LOADING]: Scanning class net.neoforged.neoforge.network.NetworkInitialization for @SubscribeEvent-annotated methods
[30Aug2025 03:51:23.203] [modloading-worker-0/DEBUG] [net.neoforged.fml.javafmlmod.AutomaticEventSubscriber/]: Subscribing @EventBusSubscriber class Lnet/neoforged/neoforge/network/NetworkInitialization; to the mod event bus of mod neoforge
[30Aug2025 03:51:23.203] [modloading-worker-0/DEBUG] [net.neoforged.fml.javafmlmod.AutomaticEventSubscriber/LOADING]: Scanning class net.neoforged.neoforge.network.ConfigurationInitialization for @SubscribeEvent-annotated methods
[30Aug2025 03:51:23.204] [modloading-worker-0/DEBUG] [net.neoforged.fml.javafmlmod.AutomaticEventSubscriber/]: Subscribing @EventBusSubscriber class Lnet/neoforged/neoforge/network/ConfigurationInitialization; to the mod event bus of mod neoforge
[30Aug2025 03:51:23.205] [modloading-worker-0/DEBUG] [net.neoforged.fml.javafmlmod.AutomaticEventSubscriber/LOADING]: Scanning class net.neoforged.neoforge.common.MonsterRoomHooks for @SubscribeEvent-annotated methods
[30Aug2025 03:51:23.205] [modloading-worker-0/DEBUG] [net.neoforged.fml.javafmlmod.AutomaticEventSubscriber/]: Subscribing @EventBusSubscriber class Lnet/neoforged/neoforge/common/MonsterRoomHooks; to the game event bus
[30Aug2025 03:51:23.205] [modloading-worker-0/DEBUG] [net.neoforged.fml.javafmlmod.AutomaticEventSubscriber/LOADING]: Scanning class net.neoforged.neoforge.common.DeferredSpawnEggItem$CommonHandler for @SubscribeEvent-annotated methods
[30Aug2025 03:51:23.206] [modloading-worker-0/DEBUG] [net.neoforged.fml.javafmlmod.AutomaticEventSubscriber/]: Subscribing @EventBusSubscriber class Lnet/neoforged/neoforge/common/DeferredSpawnEggItem$CommonHandler; to the mod event bus of mod neoforge
[30Aug2025 03:51:23.206] [modloading-worker-0/DEBUG] [net.neoforged.fml.javafmlmod.AutomaticEventSubscriber/LOADING]: Scanning class net.neoforged.neoforge.common.DeferredSpawnEggItem$ColorRegisterHandler for @SubscribeEvent-annotated methods
[30Aug2025 03:51:23.207] [modloading-worker-0/DEBUG] [net.neoforged.fml.javafmlmod.AutomaticEventSubscriber/]: Subscribing @EventBusSubscriber class Lnet/neoforged/neoforge/common/DeferredSpawnEggItem$ColorRegisterHandler; to the mod event bus of mod neoforge
[30Aug2025 03:51:23.207] [modloading-worker-0/DEBUG] [net.neoforged.fml.javafmlmod.AutomaticEventSubscriber/LOADING]: Scanning class net.neoforged.neoforge.client.model.data.ModelDataManager for @SubscribeEvent-annotated methods
[30Aug2025 03:51:23.208] [modloading-worker-0/DEBUG] [net.neoforged.fml.javafmlmod.AutomaticEventSubscriber/]: Subscribing @EventBusSubscriber class Lnet/neoforged/neoforge/client/model/data/ModelDataManager; to the game event bus
[30Aug2025 03:51:23.209] [modloading-worker-0/DEBUG] [net.neoforged.fml.javafmlmod.AutomaticEventSubscriber/LOADING]: Scanning class net.neoforged.neoforge.client.ParticleBoundsDebugRenderer for @SubscribeEvent-annotated methods
[30Aug2025 03:51:23.209] [modloading-worker-0/DEBUG] [mixin/]: Mixing PoseStackAccessor from flywheel.impl.mixins.json into com.mojang.blaze3d.vertex.PoseStack
[30Aug2025 03:51:23.210] [modloading-worker-0/DEBUG] [mixin/]: Mixing PoseStackMixin from flywheel.impl.mixins.json into com.mojang.blaze3d.vertex.PoseStack
[30Aug2025 03:51:23.213] [modloading-worker-0/DEBUG] [net.neoforged.fml.javafmlmod.AutomaticEventSubscriber/]: Subscribing @EventBusSubscriber class Lnet/neoforged/neoforge/client/ParticleBoundsDebugRenderer; to the game event bus
[30Aug2025 03:51:23.213] [modloading-worker-0/DEBUG] [net.neoforged.fml.javafmlmod.AutomaticEventSubscriber/LOADING]: Scanning class net.neoforged.neoforge.client.ClientHooks$ClientEvents for @SubscribeEvent-annotated methods
[30Aug2025 03:51:23.215] [modloading-worker-0/DEBUG] [net.neoforged.fml.javafmlmod.AutomaticEventSubscriber/]: Subscribing @EventBusSubscriber class Lnet/neoforged/neoforge/client/ClientHooks$ClientEvents; to the mod event bus of mod neoforge
[30Aug2025 03:51:23.215] [modloading-worker-0/DEBUG] [net.neoforged.fml.javafmlmod.AutomaticEventSubscriber/LOADING]: Scanning class net.neoforged.neoforge.client.BlockEntityRenderBoundsDebugRenderer for @SubscribeEvent-annotated methods
[30Aug2025 03:51:23.216] [modloading-worker-0/DEBUG] [net.neoforged.fml.javafmlmod.AutomaticEventSubscriber/]: Subscribing @EventBusSubscriber class Lnet/neoforged/neoforge/client/BlockEntityRenderBoundsDebugRenderer; to the game event bus
[30Aug2025 03:51:23.216] [modloading-worker-0/DEBUG] [net.neoforged.fml.javafmlmod.AutomaticEventSubscriber/LOADING]: Scanning class net.neoforged.neoforge.attachment.AttachmentInternals for @SubscribeEvent-annotated methods
[30Aug2025 03:51:23.217] [modloading-worker-0/DEBUG] [net.neoforged.fml.javafmlmod.AutomaticEventSubscriber/]: Subscribing @EventBusSubscriber class Lnet/neoforged/neoforge/attachment/AttachmentInternals; to the game event bus
[30Aug2025 03:51:23.225] [modloading-worker-0/DEBUG] [mixin/]: Mixing accessor.BlockLootSubProviderAccessor from create.mixins.json into net.minecraft.data.loot.BlockLootSubProvider
[30Aug2025 03:51:23.249] [modloading-worker-0/DEBUG] [mixin/]: Mixing client.accessor.RenderTypeAccessor from ponder-common.mixins.json into net.minecraft.client.renderer.RenderType
[30Aug2025 03:51:23.250] [modloading-worker-0/DEBUG] [mixin/]: ponder-common.mixins.json:client.accessor.RenderTypeAccessor from mod ponder: Class version 65 required is higher than the class version supported by the current version of Mixin (JAVA_17 supports class version 61)
[30Aug2025 03:51:23.250] [modloading-worker-0/DEBUG] [mixin/]: Renaming @Invoker method catnip$create(Ljava/lang/String;Lcom/mojang/blaze3d/vertex/VertexFormat;Lcom/mojang/blaze3d/vertex/VertexFormat$Mode;IZZLnet/minecraft/client/renderer/RenderType$CompositeState;)Lnet/minecraft/client/renderer/RenderType$CompositeRenderType; to catnip$create$ponder_$md$2dc29e$0 in ponder-common.mixins.json:client.accessor.RenderTypeAccessor from mod ponder
[30Aug2025 03:51:23.257] [modloading-worker-0/DEBUG] [mixin/]: Mixing client.accessor.GameRendererAccessor from ponder-common.mixins.json into net.minecraft.client.renderer.GameRenderer
[30Aug2025 03:51:23.257] [modloading-worker-0/DEBUG] [mixin/]: ponder-common.mixins.json:client.accessor.GameRendererAccessor from mod ponder: Class version 65 required is higher than the class version supported by the current version of Mixin (JAVA_17 supports class version 61)
[30Aug2025 03:51:23.257] [modloading-worker-0/DEBUG] [mixin/]: Mixing client.GameRendererMixin from create.mixins.json into net.minecraft.client.renderer.GameRenderer
[30Aug2025 03:51:23.259] [modloading-worker-0/DEBUG] [mixin/]: create.mixins.json:client.GameRendererMixin from mod create->@Inject::create$bigShapePick(Lorg/spongepowered/asm/mixin/injection/callback/CallbackInfo;)V doesn't use it's CallbackInfo
[30Aug2025 03:51:23.259] [modloading-worker-0/DEBUG] [mixin/]: create.mixins.json:client.GameRendererMixin from mod create->@Inject::create$bigShapePick(Lorg/spongepowered/asm/mixin/injection/callback/CallbackInfo;)V has 0 override(s) in child classes
[30Aug2025 03:51:23.259] [modloading-worker-0/DEBUG] [mixin/]: create.mixins.json:client.GameRendererMixin from mod create->@Inject::create$bigShapePick(Lorg/spongepowered/asm/mixin/injection/callback/CallbackInfo;)V won't be passed a CallbackInfo as a result
[30Aug2025 03:51:23.277] [modloading-worker-0/DEBUG] [mixin/]: Mixing client.accessor.ItemRendererAccessor from ponder-common.mixins.json into net.minecraft.client.renderer.entity.ItemRenderer
[30Aug2025 03:51:23.277] [modloading-worker-0/DEBUG] [mixin/]: ponder-common.mixins.json:client.accessor.ItemRendererAccessor from mod ponder: Class version 65 required is higher than the class version supported by the current version of Mixin (JAVA_17 supports class version 61)
[30Aug2025 03:51:23.283] [modloading-worker-0/DEBUG] [mixin/]: Mixing LevelRendererAccessor from flywheel.backend.mixins.json into net.minecraft.client.renderer.LevelRenderer
[30Aug2025 03:51:23.283] [modloading-worker-0/DEBUG] [mixin/]: Mixing fix.FixFabulousDepthMixin from flywheel.impl.mixins.json into net.minecraft.client.renderer.LevelRenderer
[30Aug2025 03:51:23.283] [modloading-worker-0/DEBUG] [mixin/]: Mixing visualmanage.LevelRendererMixin from flywheel.impl.mixins.json into net.minecraft.client.renderer.LevelRenderer
[30Aug2025 03:51:23.283] [modloading-worker-0/DEBUG] [mixin/]: Mixing accessor.LevelRendererAccessor from create.mixins.json into net.minecraft.client.renderer.LevelRenderer
[30Aug2025 03:51:23.283] [modloading-worker-0/DEBUG] [mixin/]: Mixing client.LevelRendererMixin from create.mixins.json into net.minecraft.client.renderer.LevelRenderer
[30Aug2025 03:51:23.284] [modloading-worker-0/DEBUG] [mixin/]: Renaming synthetic method lambda$create$onDestroyBlockProgress$0(J)Ljava/util/SortedSet; to md2dc29e$create$lambda$create$onDestroyBlockProgress$0$0 in create.mixins.json:client.LevelRendererMixin from mod create
[30Aug2025 03:51:23.286] [modloading-worker-0/DEBUG] [mixin/]: Mixing LevelRendererMixin from flywheel.impl.mixins.json into net.minecraft.client.renderer.LevelRenderer
[30Aug2025 03:51:23.295] [modloading-worker-0/DEBUG] [mixin/]: flywheel.impl.mixins.json:fix.FixFabulousDepthMixin from mod flywheel->@Inject::flywheel$disableTransparencyShaderDepth(Lorg/spongepowered/asm/mixin/injection/callback/CallbackInfo;)V doesn't use it's CallbackInfo
[30Aug2025 03:51:23.295] [modloading-worker-0/DEBUG] [mixin/]: flywheel.impl.mixins.json:fix.FixFabulousDepthMixin from mod flywheel->@Inject::flywheel$disableTransparencyShaderDepth(Lorg/spongepowered/asm/mixin/injection/callback/CallbackInfo;)V has 0 override(s) in child classes
[30Aug2025 03:51:23.295] [modloading-worker-0/DEBUG] [mixin/]: flywheel.impl.mixins.json:fix.FixFabulousDepthMixin from mod flywheel->@Inject::flywheel$disableTransparencyShaderDepth(Lorg/spongepowered/asm/mixin/injection/callback/CallbackInfo;)V won't be passed a CallbackInfo as a result
[30Aug2025 03:51:23.295] [modloading-worker-0/DEBUG] [mixin/]: flywheel.impl.mixins.json:visualmanage.LevelRendererMixin from mod flywheel->@Inject::flywheel$checkUpdate(Lnet/minecraft/core/BlockPos;Lnet/minecraft/world/level/block/state/BlockState;Lnet/minecraft/world/level/block/state/BlockState;Lorg/spongepowered/asm/mixin/injection/callback/CallbackInfo;)V doesn't use it's CallbackInfo
[30Aug2025 03:51:23.295] [modloading-worker-0/DEBUG] [mixin/]: flywheel.impl.mixins.json:visualmanage.LevelRendererMixin from mod flywheel->@Inject::flywheel$checkUpdate(Lnet/minecraft/core/BlockPos;Lnet/minecraft/world/level/block/state/BlockState;Lnet/minecraft/world/level/block/state/BlockState;Lorg/spongepowered/asm/mixin/injection/callback/CallbackInfo;)V has 0 override(s) in child classes
[30Aug2025 03:51:23.295] [modloading-worker-0/DEBUG] [mixin/]: flywheel.impl.mixins.json:visualmanage.LevelRendererMixin from mod flywheel->@Inject::flywheel$checkUpdate(Lnet/minecraft/core/BlockPos;Lnet/minecraft/world/level/block/state/BlockState;Lnet/minecraft/world/level/block/state/BlockState;Lorg/spongepowered/asm/mixin/injection/callback/CallbackInfo;)V won't be passed a CallbackInfo as a result
[30Aug2025 03:51:23.295] [modloading-worker-0/DEBUG] [mixin/]: create.mixins.json:client.LevelRendererMixin from mod create->@Inject::create$onDestroyBlockProgress(ILnet/minecraft/core/BlockPos;ILorg/spongepowered/asm/mixin/injection/callback/CallbackInfo;Lnet/minecraft/server/level/BlockDestructionProgress;)V doesn't use it's CallbackInfo
[30Aug2025 03:51:23.295] [modloading-worker-0/DEBUG] [mixin/]: create.mixins.json:client.LevelRendererMixin from mod create->@Inject::create$onDestroyBlockProgress(ILnet/minecraft/core/BlockPos;ILorg/spongepowered/asm/mixin/injection/callback/CallbackInfo;Lnet/minecraft/server/level/BlockDestructionProgress;)V has 0 override(s) in child classes
[30Aug2025 03:51:23.295] [modloading-worker-0/DEBUG] [mixin/]: create.mixins.json:client.LevelRendererMixin from mod create->@Inject::create$onDestroyBlockProgress(ILnet/minecraft/core/BlockPos;ILorg/spongepowered/asm/mixin/injection/callback/CallbackInfo;Lnet/minecraft/server/level/BlockDestructionProgress;)V won't be passed a CallbackInfo as a result
[30Aug2025 03:51:23.295] [modloading-worker-0/DEBUG] [mixin/]: create.mixins.json:client.LevelRendererMixin from mod create->@Inject::create$onRemoveProgress(Lnet/minecraft/server/level/BlockDestructionProgress;Lorg/spongepowered/asm/mixin/injection/callback/CallbackInfo;)V doesn't use it's CallbackInfo
[30Aug2025 03:51:23.295] [modloading-worker-0/DEBUG] [mixin/]: create.mixins.json:client.LevelRendererMixin from mod create->@Inject::create$onRemoveProgress(Lnet/minecraft/server/level/BlockDestructionProgress;Lorg/spongepowered/asm/mixin/injection/callback/CallbackInfo;)V has 0 override(s) in child classes
[30Aug2025 03:51:23.295] [modloading-worker-0/DEBUG] [mixin/]: create.mixins.json:client.LevelRendererMixin from mod create->@Inject::create$onRemoveProgress(Lnet/minecraft/server/level/BlockDestructionProgress;Lorg/spongepowered/asm/mixin/injection/callback/CallbackInfo;)V won't be passed a CallbackInfo as a result
[30Aug2025 03:51:23.295] [modloading-worker-0/DEBUG] [mixin/]: flywheel.impl.mixins.json:LevelRendererMixin from mod flywheel->@Inject::flywheel$beginRender(Lnet/minecraft/client/DeltaTracker;ZLnet/minecraft/client/Camera;Lnet/minecraft/client/renderer/GameRenderer;Lnet/minecraft/client/renderer/LightTexture;Lorg/joml/Matrix4f;Lorg/joml/Matrix4f;Lorg/spongepowered/asm/mixin/injection/callback/CallbackInfo;)V doesn't use it's CallbackInfo
[30Aug2025 03:51:23.295] [modloading-worker-0/DEBUG] [mixin/]: flywheel.impl.mixins.json:LevelRendererMixin from mod flywheel->@Inject::flywheel$beginRender(Lnet/minecraft/client/DeltaTracker;ZLnet/minecraft/client/Camera;Lnet/minecraft/client/renderer/GameRenderer;Lnet/minecraft/client/renderer/LightTexture;Lorg/joml/Matrix4f;Lorg/joml/Matrix4f;Lorg/spongepowered/asm/mixin/injection/callback/CallbackInfo;)V has 0 override(s) in child classes
[30Aug2025 03:51:23.295] [modloading-worker-0/DEBUG] [mixin/]: flywheel.impl.mixins.json:LevelRendererMixin from mod flywheel->@Inject::flywheel$beginRender(Lnet/minecraft/client/DeltaTracker;ZLnet/minecraft/client/Camera;Lnet/minecraft/client/renderer/GameRenderer;Lnet/minecraft/client/renderer/LightTexture;Lorg/joml/Matrix4f;Lorg/joml/Matrix4f;Lorg/spongepowered/asm/mixin/injection/callback/CallbackInfo;)V won't be passed a CallbackInfo as a result
[30Aug2025 03:51:23.295] [modloading-worker-0/DEBUG] [mixin/]: flywheel.impl.mixins.json:LevelRendererMixin from mod flywheel->@Inject::flywheel$endRender(Lorg/spongepowered/asm/mixin/injection/callback/CallbackInfo;)V doesn't use it's CallbackInfo
[30Aug2025 03:51:23.295] [modloading-worker-0/DEBUG] [mixin/]: flywheel.impl.mixins.json:LevelRendererMixin from mod flywheel->@Inject::flywheel$endRender(Lorg/spongepowered/asm/mixin/injection/callback/CallbackInfo;)V has 0 override(s) in child classes
[30Aug2025 03:51:23.295] [modloading-worker-0/DEBUG] [mixin/]: flywheel.impl.mixins.json:LevelRendererMixin from mod flywheel->@Inject::flywheel$endRender(Lorg/spongepowered/asm/mixin/injection/callback/CallbackInfo;)V won't be passed a CallbackInfo as a result
[30Aug2025 03:51:23.295] [modloading-worker-0/DEBUG] [mixin/]: flywheel.impl.mixins.json:LevelRendererMixin from mod flywheel->@Inject::flywheel$reload(Lorg/spongepowered/asm/mixin/injection/callback/CallbackInfo;)V doesn't use it's CallbackInfo
[30Aug2025 03:51:23.295] [modloading-worker-0/DEBUG] [mixin/]: flywheel.impl.mixins.json:LevelRendererMixin from mod flywheel->@Inject::flywheel$reload(Lorg/spongepowered/asm/mixin/injection/callback/CallbackInfo;)V has 0 override(s) in child classes
[30Aug2025 03:51:23.295] [modloading-worker-0/DEBUG] [mixin/]: flywheel.impl.mixins.json:LevelRendererMixin from mod flywheel->@Inject::flywheel$reload(Lorg/spongepowered/asm/mixin/injection/callback/CallbackInfo;)V won't be passed a CallbackInfo as a result
[30Aug2025 03:51:23.295] [modloading-worker-0/DEBUG] [mixin/]: flywheel.impl.mixins.json:LevelRendererMixin from mod flywheel->@Inject::flywheel$beforeBlockEntities(Lorg/spongepowered/asm/mixin/injection/callback/CallbackInfo;)V doesn't use it's CallbackInfo
[30Aug2025 03:51:23.295] [modloading-worker-0/DEBUG] [mixin/]: flywheel.impl.mixins.json:LevelRendererMixin from mod flywheel->@Inject::flywheel$beforeBlockEntities(Lorg/spongepowered/asm/mixin/injection/callback/CallbackInfo;)V has 0 override(s) in child classes
[30Aug2025 03:51:23.295] [modloading-worker-0/DEBUG] [mixin/]: flywheel.impl.mixins.json:LevelRendererMixin from mod flywheel->@Inject::flywheel$beforeBlockEntities(Lorg/spongepowered/asm/mixin/injection/callback/CallbackInfo;)V won't be passed a CallbackInfo as a result
[30Aug2025 03:51:23.295] [modloading-worker-0/DEBUG] [mixin/]: flywheel.impl.mixins.json:LevelRendererMixin from mod flywheel->@Inject::flywheel$beforeRenderCrumbling(Lorg/spongepowered/asm/mixin/injection/callback/CallbackInfo;)V doesn't use it's CallbackInfo
[30Aug2025 03:51:23.295] [modloading-worker-0/DEBUG] [mixin/]: flywheel.impl.mixins.json:LevelRendererMixin from mod flywheel->@Inject::flywheel$beforeRenderCrumbling(Lorg/spongepowered/asm/mixin/injection/callback/CallbackInfo;)V has 0 override(s) in child classes
[30Aug2025 03:51:23.295] [modloading-worker-0/DEBUG] [mixin/]: flywheel.impl.mixins.json:LevelRendererMixin from mod flywheel->@Inject::flywheel$beforeRenderCrumbling(Lorg/spongepowered/asm/mixin/injection/callback/CallbackInfo;)V won't be passed a CallbackInfo as a result
[30Aug2025 03:51:23.295] [modloading-worker-0/DEBUG] [mixin/]: flywheel.impl.mixins.json:LevelRendererMixin from mod flywheel->@Inject::flywheel$decideNotToRenderEntity(Lnet/minecraft/world/entity/Entity;DDDFLcom/mojang/blaze3d/vertex/PoseStack;Lnet/minecraft/client/renderer/MultiBufferSource;Lorg/spongepowered/asm/mixin/injection/callback/CallbackInfo;)V does use it's CallbackInfo
[30Aug2025 03:51:23.436] [modloading-worker-0/DEBUG] [Ponder/]: Loaded net.createmod.catnip.platform.NeoForgePlatformHelper@43b62e32 for service interface net.createmod.catnip.platform.services.PlatformHelper
[30Aug2025 03:51:23.438] [modloading-worker-0/DEBUG] [Ponder/]: Loaded net.createmod.catnip.platform.NeoForgeFluidHelper@9b42b36 for service interface net.createmod.catnip.platform.services.ModFluidHelper
[30Aug2025 03:51:23.438] [modloading-worker-0/DEBUG] [Ponder/]: Loaded net.createmod.catnip.platform.NeoForgeHooksHelper@2b36ccb7 for service interface net.createmod.catnip.platform.services.ModHooksHelper
[30Aug2025 03:51:23.440] [modloading-worker-0/DEBUG] [Ponder/]: Loaded net.createmod.catnip.platform.NeoForgeNetworkHelper@32455e89 for service interface net.createmod.catnip.platform.services.NetworkHelper
[30Aug2025 03:51:23.483] [modloading-worker-0/DEBUG] [mixin/]: Mixing ItemVaultBlockEntityMixin from createdeco.mixins.json into com.simibubi.create.content.logistics.vault.ItemVaultBlockEntity
[30Aug2025 03:51:23.693] [modloading-worker-0/DEBUG] [mixin/]: Mixing accessor.ItemStackHandlerAccessor from create.mixins.json into net.neoforged.neoforge.items.ItemStackHandler
[30Aug2025 03:51:23.900] [modloading-worker-0/DEBUG] [net.neoforged.fml.config.ConfigTracker/CONFIG]: Config file create-common.toml for create tracking
[30Aug2025 03:51:23.900] [modloading-worker-0/DEBUG] [net.neoforged.fml.config.ConfigTracker/CONFIG]: Config file create-client.toml for create tracking
[30Aug2025 03:51:23.901] [modloading-worker-0/DEBUG] [net.neoforged.fml.config.ConfigTracker/CONFIG]: Config file create-server.toml for create tracking
[30Aug2025 03:51:23.942] [modloading-worker-0/DEBUG] [net.neoforged.fml.javafmlmod.AutomaticEventSubscriber/LOADING]: Attempting to inject @EventBusSubscriber classes into the eventbus for create
[30Aug2025 03:51:23.942] [modloading-worker-0/DEBUG] [net.neoforged.fml.javafmlmod.AutomaticEventSubscriber/LOADING]: Scanning class com.simibubi.create.foundation.blockEntity.behaviour.ValueSettingsInputHandler for @SubscribeEvent-annotated methods
[30Aug2025 03:51:23.942] [modloading-worker-0/DEBUG] [net.neoforged.fml.javafmlmod.AutomaticEventSubscriber/]: Subscribing @EventBusSubscriber class Lcom/simibubi/create/foundation/blockEntity/behaviour/ValueSettingsInputHandler; to the game event bus
[30Aug2025 03:51:23.942] [modloading-worker-0/DEBUG] [net.neoforged.fml.javafmlmod.AutomaticEventSubscriber/LOADING]: Scanning class com.simibubi.create.foundation.blockEntity.behaviour.edgeInteraction.EdgeInteractionHandler for @SubscribeEvent-annotated methods
[30Aug2025 03:51:23.943] [modloading-worker-0/DEBUG] [net.neoforged.fml.javafmlmod.AutomaticEventSubscriber/]: Subscribing @EventBusSubscriber class Lcom/simibubi/create/foundation/blockEntity/behaviour/edgeInteraction/EdgeInteractionHandler; to the game event bus
[30Aug2025 03:51:23.943] [modloading-worker-0/DEBUG] [net.neoforged.fml.javafmlmod.AutomaticEventSubscriber/LOADING]: Scanning class com.simibubi.create.foundation.block.ItemUseOverrides for @SubscribeEvent-annotated methods
[30Aug2025 03:51:23.943] [modloading-worker-0/DEBUG] [net.neoforged.fml.javafmlmod.AutomaticEventSubscriber/]: Subscribing @EventBusSubscriber class Lcom/simibubi/create/foundation/block/ItemUseOverrides; to the game event bus
[30Aug2025 03:51:23.943] [modloading-worker-0/DEBUG] [net.neoforged.fml.javafmlmod.AutomaticEventSubscriber/LOADING]: Scanning class com.simibubi.create.foundation.events.CommonEvents for @SubscribeEvent-annotated methods
[30Aug2025 03:51:23.944] [modloading-worker-0/DEBUG] [net.neoforged.fml.javafmlmod.AutomaticEventSubscriber/]: Subscribing @EventBusSubscriber class Lcom/simibubi/create/foundation/events/CommonEvents; to the game event bus
[30Aug2025 03:51:23.946] [modloading-worker-0/DEBUG] [net.neoforged.fml.javafmlmod.AutomaticEventSubscriber/LOADING]: Scanning class com.simibubi.create.foundation.events.ClientEvents$ModBusEvents for @SubscribeEvent-annotated methods
[30Aug2025 03:51:23.947] [modloading-worker-0/DEBUG] [net.neoforged.fml.javafmlmod.AutomaticEventSubscriber/]: Subscribing @EventBusSubscriber class Lcom/simibubi/create/foundation/events/ClientEvents$ModBusEvents; to the mod event bus of mod create
[30Aug2025 03:51:23.947] [modloading-worker-0/DEBUG] [net.neoforged.fml.javafmlmod.AutomaticEventSubscriber/LOADING]: Scanning class com.simibubi.create.foundation.events.ClientEvents for @SubscribeEvent-annotated methods
[30Aug2025 03:51:23.949] [modloading-worker-0/DEBUG] [net.neoforged.fml.javafmlmod.AutomaticEventSubscriber/]: Subscribing @EventBusSubscriber class Lcom/simibubi/create/foundation/events/ClientEvents; to the game event bus
[30Aug2025 03:51:23.950] [modloading-worker-0/DEBUG] [net.neoforged.fml.javafmlmod.AutomaticEventSubscriber/LOADING]: Scanning class com.simibubi.create.foundation.events.CommonEvents$ModBusEvents for @SubscribeEvent-annotated methods
[30Aug2025 03:51:23.952] [modloading-worker-0/DEBUG] [net.neoforged.fml.javafmlmod.AutomaticEventSubscriber/]: Subscribing @EventBusSubscriber class Lcom/simibubi/create/foundation/events/CommonEvents$ModBusEvents; to the mod event bus of mod create
[30Aug2025 03:51:23.952] [modloading-worker-0/DEBUG] [net.neoforged.fml.javafmlmod.AutomaticEventSubscriber/LOADING]: Scanning class com.simibubi.create.foundation.events.InputEvents for @SubscribeEvent-annotated methods
[30Aug2025 03:51:23.952] [modloading-worker-0/DEBUG] [net.neoforged.fml.javafmlmod.AutomaticEventSubscriber/]: Subscribing @EventBusSubscriber class Lcom/simibubi/create/foundation/events/InputEvents; to the game event bus
[30Aug2025 03:51:23.954] [modloading-worker-0/DEBUG] [net.neoforged.fml.javafmlmod.AutomaticEventSubscriber/LOADING]: Scanning class com.simibubi.create.foundation.render.RenderTypes$Shaders for @SubscribeEvent-annotated methods
[30Aug2025 03:51:23.954] [modloading-worker-0/DEBUG] [net.neoforged.fml.javafmlmod.AutomaticEventSubscriber/]: Subscribing @EventBusSubscriber class Lcom/simibubi/create/foundation/render/RenderTypes$Shaders; to the mod event bus of mod create
[30Aug2025 03:51:23.954] [modloading-worker-0/DEBUG] [net.neoforged.fml.javafmlmod.AutomaticEventSubscriber/LOADING]: Scanning class com.simibubi.create.content.trains.track.TrackBlockItem for @SubscribeEvent-annotated methods
[30Aug2025 03:51:23.955] [modloading-worker-0/DEBUG] [net.neoforged.fml.javafmlmod.AutomaticEventSubscriber/]: Subscribing @EventBusSubscriber class Lcom/simibubi/create/content/trains/track/TrackBlockItem; to the game event bus
[30Aug2025 03:51:23.957] [modloading-worker-0/DEBUG] [net.neoforged.fml.javafmlmod.AutomaticEventSubscriber/LOADING]: Scanning class com.simibubi.create.content.trains.track.TrackBlockOutline for @SubscribeEvent-annotated methods
[30Aug2025 03:51:23.959] [modloading-worker-0/DEBUG] [net.neoforged.fml.javafmlmod.AutomaticEventSubscriber/]: Subscribing @EventBusSubscriber class Lcom/simibubi/create/content/trains/track/TrackBlockOutline; to the game event bus
[30Aug2025 03:51:23.960] [modloading-worker-0/DEBUG] [net.neoforged.fml.javafmlmod.AutomaticEventSubscriber/LOADING]: Scanning class com.simibubi.create.content.trains.schedule.ScheduleItemEntityInteraction for @SubscribeEvent-annotated methods
[30Aug2025 03:51:23.961] [modloading-worker-0/DEBUG] [net.neoforged.fml.javafmlmod.AutomaticEventSubscriber/]: Subscribing @EventBusSubscriber class Lcom/simibubi/create/content/trains/schedule/ScheduleItemEntityInteraction; to the game event bus
[30Aug2025 03:51:23.961] [modloading-worker-0/DEBUG] [net.neoforged.fml.javafmlmod.AutomaticEventSubscriber/LOADING]: Scanning class com.simibubi.create.content.processing.burner.BlazeBurnerHandler for @SubscribeEvent-annotated methods
[30Aug2025 03:51:23.961] [modloading-worker-0/DEBUG] [net.neoforged.fml.javafmlmod.AutomaticEventSubscriber/]: Subscribing @EventBusSubscriber class Lcom/simibubi/create/content/processing/burner/BlazeBurnerHandler; to the game event bus
[30Aug2025 03:51:23.962] [modloading-worker-0/DEBUG] [net.neoforged.fml.javafmlmod.AutomaticEventSubscriber/LOADING]: Scanning class com.simibubi.create.content.equipment.wrench.WrenchEventHandler for @SubscribeEvent-annotated methods
[30Aug2025 03:51:23.962] [modloading-worker-0/DEBUG] [net.neoforged.fml.javafmlmod.AutomaticEventSubscriber/]: Subscribing @EventBusSubscriber class Lcom/simibubi/create/content/equipment/wrench/WrenchEventHandler; to the game event bus
[30Aug2025 03:51:23.963] [modloading-worker-0/DEBUG] [net.neoforged.fml.javafmlmod.AutomaticEventSubscriber/LOADING]: Scanning class com.simibubi.create.content.equipment.extendoGrip.ExtendoGripItem for @SubscribeEvent-annotated methods
[30Aug2025 03:51:23.963] [modloading-worker-0/DEBUG] [net.neoforged.fml.javafmlmod.AutomaticEventSubscriber/]: Subscribing @EventBusSubscriber class Lcom/simibubi/create/content/equipment/extendoGrip/ExtendoGripItem; to the game event bus
[30Aug2025 03:51:23.965] [modloading-worker-0/DEBUG] [net.neoforged.fml.javafmlmod.AutomaticEventSubscriber/LOADING]: Scanning class com.simibubi.create.content.equipment.extendoGrip.ExtendoGripRenderHandler for @SubscribeEvent-annotated methods
[30Aug2025 03:51:23.965] [modloading-worker-0/DEBUG] [net.neoforged.fml.javafmlmod.AutomaticEventSubscriber/]: Subscribing @EventBusSubscriber class Lcom/simibubi/create/content/equipment/extendoGrip/ExtendoGripRenderHandler; to the game event bus
[30Aug2025 03:51:23.966] [modloading-worker-0/DEBUG] [net.neoforged.fml.javafmlmod.AutomaticEventSubscriber/LOADING]: Scanning class com.simibubi.create.content.equipment.zapper.ZapperInteractionHandler for @SubscribeEvent-annotated methods
[30Aug2025 03:51:23.966] [modloading-worker-0/DEBUG] [net.neoforged.fml.javafmlmod.AutomaticEventSubscriber/]: Subscribing @EventBusSubscriber class Lcom/simibubi/create/content/equipment/zapper/ZapperInteractionHandler; to the game event bus
[30Aug2025 03:51:23.966] [modloading-worker-0/DEBUG] [net.neoforged.fml.javafmlmod.AutomaticEventSubscriber/LOADING]: Scanning class com.simibubi.create.content.equipment.symmetryWand.SymmetryHandler for @SubscribeEvent-annotated methods
[30Aug2025 03:51:23.967] [modloading-worker-0/DEBUG] [net.neoforged.fml.javafmlmod.AutomaticEventSubscriber/]: Subscribing @EventBusSubscriber class Lcom/simibubi/create/content/equipment/symmetryWand/SymmetryHandler; to the game event bus
[30Aug2025 03:51:23.967] [modloading-worker-0/DEBUG] [net.neoforged.fml.javafmlmod.AutomaticEventSubscriber/LOADING]: Scanning class com.simibubi.create.content.equipment.armor.CardboardArmorHandlerClient for @SubscribeEvent-annotated methods
[30Aug2025 03:51:23.968] [modloading-worker-0/DEBUG] [net.neoforged.fml.javafmlmod.AutomaticEventSubscriber/]: Subscribing @EventBusSubscriber class Lcom/simibubi/create/content/equipment/armor/CardboardArmorHandlerClient; to the game event bus
[30Aug2025 03:51:23.969] [modloading-worker-0/DEBUG] [net.neoforged.fml.javafmlmod.AutomaticEventSubscriber/LOADING]: Scanning class com.simibubi.create.content.equipment.armor.NetheriteBacktankFirstPersonRenderer for @SubscribeEvent-annotated methods
[30Aug2025 03:51:23.969] [modloading-worker-0/DEBUG] [net.neoforged.fml.javafmlmod.AutomaticEventSubscriber/]: Subscribing @EventBusSubscriber class Lcom/simibubi/create/content/equipment/armor/NetheriteBacktankFirstPersonRenderer; to the game event bus
[30Aug2025 03:51:23.969] [modloading-worker-0/DEBUG] [net.neoforged.fml.javafmlmod.AutomaticEventSubscriber/LOADING]: Scanning class com.simibubi.create.content.equipment.armor.NetheriteDivingHandler for @SubscribeEvent-annotated methods
[30Aug2025 03:51:23.969] [modloading-worker-0/DEBUG] [net.neoforged.fml.javafmlmod.AutomaticEventSubscriber/]: Subscribing @EventBusSubscriber class Lcom/simibubi/create/content/equipment/armor/NetheriteDivingHandler; to the game event bus
[30Aug2025 03:51:23.970] [modloading-worker-0/DEBUG] [net.neoforged.fml.javafmlmod.AutomaticEventSubscriber/LOADING]: Scanning class com.simibubi.create.content.equipment.armor.DivingHelmetItem for @SubscribeEvent-annotated methods
[30Aug2025 03:51:23.970] [modloading-worker-0/DEBUG] [net.neoforged.fml.javafmlmod.AutomaticEventSubscriber/]: Subscribing @EventBusSubscriber class Lcom/simibubi/create/content/equipment/armor/DivingHelmetItem; to the game event bus
[30Aug2025 03:51:23.970] [modloading-worker-0/DEBUG] [net.neoforged.fml.javafmlmod.AutomaticEventSubscriber/LOADING]: Scanning class com.simibubi.create.content.equipment.armor.CardboardArmorHandler for @SubscribeEvent-annotated methods
[30Aug2025 03:51:23.970] [modloading-worker-0/DEBUG] [net.neoforged.fml.javafmlmod.AutomaticEventSubscriber/]: Subscribing @EventBusSubscriber class Lcom/simibubi/create/content/equipment/armor/CardboardArmorHandler; to the game event bus
[30Aug2025 03:51:23.971] [modloading-worker-0/DEBUG] [net.neoforged.fml.javafmlmod.AutomaticEventSubscriber/LOADING]: Scanning class com.simibubi.create.content.equipment.armor.DivingBootsItem for @SubscribeEvent-annotated methods
[30Aug2025 03:51:23.971] [modloading-worker-0/DEBUG] [net.neoforged.fml.javafmlmod.AutomaticEventSubscriber/]: Subscribing @EventBusSubscriber class Lcom/simibubi/create/content/equipment/armor/DivingBootsItem; to the game event bus
[30Aug2025 03:51:23.971] [modloading-worker-0/DEBUG] [net.neoforged.fml.javafmlmod.AutomaticEventSubscriber/LOADING]: Scanning class com.simibubi.create.content.equipment.clipboard.ClipboardValueSettingsHandler for @SubscribeEvent-annotated methods
[30Aug2025 03:51:23.972] [modloading-worker-0/DEBUG] [net.neoforged.fml.javafmlmod.AutomaticEventSubscriber/]: Subscribing @EventBusSubscriber class Lcom/simibubi/create/content/equipment/clipboard/ClipboardValueSettingsHandler; to the game event bus
[30Aug2025 03:51:23.972] [modloading-worker-0/DEBUG] [net.neoforged.fml.javafmlmod.AutomaticEventSubscriber/LOADING]: Scanning class com.simibubi.create.content.equipment.tool.CardboardSwordItem for @SubscribeEvent-annotated methods
[30Aug2025 03:51:23.972] [modloading-worker-0/DEBUG] [net.neoforged.fml.javafmlmod.AutomaticEventSubscriber/]: Subscribing @EventBusSubscriber class Lcom/simibubi/create/content/equipment/tool/CardboardSwordItem; to the game event bus
[30Aug2025 03:51:23.973] [modloading-worker-0/DEBUG] [net.neoforged.fml.javafmlmod.AutomaticEventSubscriber/LOADING]: Scanning class com.simibubi.create.content.equipment.bell.HauntedBellPulser for @SubscribeEvent-annotated methods
[30Aug2025 03:51:23.973] [modloading-worker-0/DEBUG] [net.neoforged.fml.javafmlmod.AutomaticEventSubscriber/]: Subscribing @EventBusSubscriber class Lcom/simibubi/create/content/equipment/bell/HauntedBellPulser; to the game event bus
[30Aug2025 03:51:23.973] [modloading-worker-0/DEBUG] [net.neoforged.fml.javafmlmod.AutomaticEventSubscriber/LOADING]: Scanning class com.simibubi.create.content.kinetics.crusher.CrushingWheelBlockEntity for @SubscribeEvent-annotated methods
[30Aug2025 03:51:23.973] [modloading-worker-0/DEBUG] [net.neoforged.fml.javafmlmod.AutomaticEventSubscriber/]: Subscribing @EventBusSubscriber class Lcom/simibubi/create/content/kinetics/crusher/CrushingWheelBlockEntity; to the game event bus
[30Aug2025 03:51:23.976] [modloading-worker-0/DEBUG] [net.neoforged.fml.javafmlmod.AutomaticEventSubscriber/LOADING]: Scanning class com.simibubi.create.content.kinetics.crank.ValveHandleBlock for @SubscribeEvent-annotated methods
[30Aug2025 03:51:23.976] [modloading-worker-0/DEBUG] [net.neoforged.fml.javafmlmod.AutomaticEventSubscriber/]: Subscribing @EventBusSubscriber class Lcom/simibubi/create/content/kinetics/crank/ValveHandleBlock; to the game event bus
[30Aug2025 03:51:23.977] [modloading-worker-0/DEBUG] [net.neoforged.fml.javafmlmod.AutomaticEventSubscriber/LOADING]: Scanning class com.simibubi.create.content.kinetics.deployer.ManualApplicationRecipe for @SubscribeEvent-annotated methods
[30Aug2025 03:51:23.978] [modloading-worker-0/DEBUG] [net.neoforged.fml.javafmlmod.AutomaticEventSubscriber/]: Subscribing @EventBusSubscriber class Lcom/simibubi/create/content/kinetics/deployer/ManualApplicationRecipe; to the game event bus
[30Aug2025 03:51:23.979] [modloading-worker-0/DEBUG] [net.neoforged.fml.javafmlmod.AutomaticEventSubscriber/LOADING]: Scanning class com.simibubi.create.content.kinetics.deployer.DeployerFakePlayer for @SubscribeEvent-annotated methods
[30Aug2025 03:51:23.987] [modloading-worker-0/DEBUG] [net.neoforged.fml.javafmlmod.AutomaticEventSubscriber/]: Subscribing @EventBusSubscriber class Lcom/simibubi/create/content/kinetics/deployer/DeployerFakePlayer; to the game event bus
[30Aug2025 03:51:24.001] [modloading-worker-0/DEBUG] [net.neoforged.fml.javafmlmod.AutomaticEventSubscriber/LOADING]: Scanning class com.simibubi.create.content.kinetics.mechanicalArm.ArmInteractionPointHandler for @SubscribeEvent-annotated methods
[30Aug2025 03:51:24.003] [modloading-worker-0/DEBUG] [net.neoforged.fml.javafmlmod.AutomaticEventSubscriber/]: Subscribing @EventBusSubscriber class Lcom/simibubi/create/content/kinetics/mechanicalArm/ArmInteractionPointHandler; to the game event bus
[30Aug2025 03:51:24.003] [modloading-worker-0/DEBUG] [net.neoforged.fml.javafmlmod.AutomaticEventSubscriber/LOADING]: Scanning class com.simibubi.create.content.kinetics.chainConveyor.ChainConveyorInteractionHandler for @SubscribeEvent-annotated methods
[30Aug2025 03:51:24.003] [modloading-worker-0/DEBUG] [net.neoforged.fml.javafmlmod.AutomaticEventSubscriber/]: Subscribing @EventBusSubscriber class Lcom/simibubi/create/content/kinetics/chainConveyor/ChainConveyorInteractionHandler; to the game event bus
[30Aug2025 03:51:24.004] [modloading-worker-0/DEBUG] [net.neoforged.fml.javafmlmod.AutomaticEventSubscriber/LOADING]: Scanning class com.simibubi.create.content.kinetics.chainConveyor.ChainConveyorConnectionHandler for @SubscribeEvent-annotated methods
[30Aug2025 03:51:24.004] [modloading-worker-0/DEBUG] [net.neoforged.fml.javafmlmod.AutomaticEventSubscriber/]: Subscribing @EventBusSubscriber class Lcom/simibubi/create/content/kinetics/chainConveyor/ChainConveyorConnectionHandler; to the game event bus
[30Aug2025 03:51:24.004] [modloading-worker-0/DEBUG] [net.neoforged.fml.javafmlmod.AutomaticEventSubscriber/LOADING]: Scanning class com.simibubi.create.content.logistics.box.PackageClientInteractionHandler for @SubscribeEvent-annotated methods
[30Aug2025 03:51:24.004] [modloading-worker-0/DEBUG] [net.neoforged.fml.javafmlmod.AutomaticEventSubscriber/]: Subscribing @EventBusSubscriber class Lcom/simibubi/create/content/logistics/box/PackageClientInteractionHandler; to the game event bus
[30Aug2025 03:51:24.005] [modloading-worker-0/DEBUG] [net.neoforged.fml.javafmlmod.AutomaticEventSubscriber/LOADING]: Scanning class com.simibubi.create.content.logistics.funnel.FunnelItem for @SubscribeEvent-annotated methods
[30Aug2025 03:51:24.005] [modloading-worker-0/DEBUG] [net.neoforged.fml.javafmlmod.AutomaticEventSubscriber/]: Subscribing @EventBusSubscriber class Lcom/simibubi/create/content/logistics/funnel/FunnelItem; to the game event bus
[30Aug2025 03:51:24.005] [modloading-worker-0/DEBUG] [net.neoforged.fml.javafmlmod.AutomaticEventSubscriber/LOADING]: Scanning class com.simibubi.create.content.logistics.itemHatch.ItemHatchHandler for @SubscribeEvent-annotated methods
[30Aug2025 03:51:24.005] [modloading-worker-0/DEBUG] [net.neoforged.fml.javafmlmod.AutomaticEventSubscriber/]: Subscribing @EventBusSubscriber class Lcom/simibubi/create/content/logistics/itemHatch/ItemHatchHandler; to the game event bus
[30Aug2025 03:51:24.005] [modloading-worker-0/DEBUG] [net.neoforged.fml.javafmlmod.AutomaticEventSubscriber/LOADING]: Scanning class com.simibubi.create.content.logistics.depot.EjectorTargetHandler for @SubscribeEvent-annotated methods
[30Aug2025 03:51:24.005] [modloading-worker-0/DEBUG] [net.neoforged.fml.javafmlmod.AutomaticEventSubscriber/]: Subscribing @EventBusSubscriber class Lcom/simibubi/create/content/logistics/depot/EjectorTargetHandler; to the game event bus
[30Aug2025 03:51:24.005] [modloading-worker-0/DEBUG] [net.neoforged.fml.javafmlmod.AutomaticEventSubscriber/LOADING]: Scanning class com.simibubi.create.content.logistics.stockTicker.StockTickerInteractionHandler for @SubscribeEvent-annotated methods
[30Aug2025 03:51:24.005] [modloading-worker-0/DEBUG] [net.neoforged.fml.javafmlmod.AutomaticEventSubscriber/]: Subscribing @EventBusSubscriber class Lcom/simibubi/create/content/logistics/stockTicker/StockTickerInteractionHandler; to the game event bus
[30Aug2025 03:51:24.005] [modloading-worker-0/DEBUG] [net.neoforged.fml.javafmlmod.AutomaticEventSubscriber/LOADING]: Scanning class com.simibubi.create.content.contraptions.mounted.MinecartContraptionItem for @SubscribeEvent-annotated methods
[30Aug2025 03:51:24.007] [modloading-worker-0/DEBUG] [net.neoforged.fml.javafmlmod.AutomaticEventSubscriber/]: Subscribing @EventBusSubscriber class Lcom/simibubi/create/content/contraptions/mounted/MinecartContraptionItem; to the game event bus
[30Aug2025 03:51:24.007] [modloading-worker-0/DEBUG] [net.neoforged.fml.javafmlmod.AutomaticEventSubscriber/LOADING]: Scanning class com.simibubi.create.content.contraptions.render.ContraptionRenderInfoManager for @SubscribeEvent-annotated methods
[30Aug2025 03:51:24.007] [modloading-worker-0/DEBUG] [net.neoforged.fml.javafmlmod.AutomaticEventSubscriber/]: Subscribing @EventBusSubscriber class Lcom/simibubi/create/content/contraptions/render/ContraptionRenderInfoManager; to the game event bus
[30Aug2025 03:51:24.007] [modloading-worker-0/DEBUG] [net.neoforged.fml.javafmlmod.AutomaticEventSubscriber/LOADING]: Scanning class com.simibubi.create.content.contraptions.ContraptionHandlerClient for @SubscribeEvent-annotated methods
[30Aug2025 03:51:24.009] [modloading-worker-0/DEBUG] [net.neoforged.fml.javafmlmod.AutomaticEventSubscriber/]: Subscribing @EventBusSubscriber class Lcom/simibubi/create/content/contraptions/ContraptionHandlerClient; to the game event bus
[30Aug2025 03:51:24.009] [modloading-worker-0/DEBUG] [net.neoforged.fml.javafmlmod.AutomaticEventSubscriber/LOADING]: Scanning class com.simibubi.create.content.contraptions.minecart.MinecartCouplingItem for @SubscribeEvent-annotated methods
[30Aug2025 03:51:24.009] [modloading-worker-0/DEBUG] [net.neoforged.fml.javafmlmod.AutomaticEventSubscriber/]: Subscribing @EventBusSubscriber class Lcom/simibubi/create/content/contraptions/minecart/MinecartCouplingItem; to the game event bus
[30Aug2025 03:51:24.010] [modloading-worker-0/DEBUG] [net.neoforged.fml.javafmlmod.AutomaticEventSubscriber/LOADING]: Scanning class com.simibubi.create.content.contraptions.minecart.CouplingHandler for @SubscribeEvent-annotated methods
[30Aug2025 03:51:24.010] [modloading-worker-0/DEBUG] [net.neoforged.fml.javafmlmod.AutomaticEventSubscriber/]: Subscribing @EventBusSubscriber class Lcom/simibubi/create/content/contraptions/minecart/CouplingHandler; to the game event bus
[30Aug2025 03:51:24.010] [modloading-worker-0/DEBUG] [net.neoforged.fml.javafmlmod.AutomaticEventSubscriber/LOADING]: Scanning class com.simibubi.create.content.contraptions.glue.SuperGlueHandler for @SubscribeEvent-annotated methods
[30Aug2025 03:51:24.010] [modloading-worker-0/DEBUG] [net.neoforged.fml.javafmlmod.AutomaticEventSubscriber/]: Subscribing @EventBusSubscriber class Lcom/simibubi/create/content/contraptions/glue/SuperGlueHandler; to the game event bus
[30Aug2025 03:51:24.010] [modloading-worker-0/DEBUG] [net.neoforged.fml.javafmlmod.AutomaticEventSubscriber/LOADING]: Scanning class com.simibubi.create.content.contraptions.glue.SuperGlueItem for @SubscribeEvent-annotated methods
[30Aug2025 03:51:24.010] [modloading-worker-0/DEBUG] [net.neoforged.fml.javafmlmod.AutomaticEventSubscriber/]: Subscribing @EventBusSubscriber class Lcom/simibubi/create/content/contraptions/glue/SuperGlueItem; to the game event bus
[30Aug2025 03:51:24.010] [modloading-worker-0/DEBUG] [net.neoforged.fml.javafmlmod.AutomaticEventSubscriber/LOADING]: Scanning class com.simibubi.create.content.redstone.displayLink.ClickToLinkBlockItem for @SubscribeEvent-annotated methods
[30Aug2025 03:51:24.012] [modloading-worker-0/DEBUG] [net.neoforged.fml.javafmlmod.AutomaticEventSubscriber/]: Subscribing @EventBusSubscriber class Lcom/simibubi/create/content/redstone/displayLink/ClickToLinkBlockItem; to the game event bus
[30Aug2025 03:51:24.012] [modloading-worker-0/DEBUG] [net.neoforged.fml.javafmlmod.AutomaticEventSubscriber/LOADING]: Scanning class com.simibubi.create.content.redstone.link.LinkHandler for @SubscribeEvent-annotated methods
[30Aug2025 03:51:24.012] [modloading-worker-0/DEBUG] [net.neoforged.fml.javafmlmod.AutomaticEventSubscriber/]: Subscribing @EventBusSubscriber class Lcom/simibubi/create/content/redstone/link/LinkHandler; to the game event bus
[30Aug2025 03:51:24.012] [modloading-worker-0/DEBUG] [net.neoforged.fml.javafmlmod.AutomaticEventSubscriber/LOADING]: Scanning class com.simibubi.create.content.fluids.FluidBottleItemHook for @SubscribeEvent-annotated methods
[30Aug2025 03:51:24.012] [modloading-worker-0/DEBUG] [net.neoforged.fml.javafmlmod.AutomaticEventSubscriber/]: Subscribing @EventBusSubscriber class Lcom/simibubi/create/content/fluids/FluidBottleItemHook; to the game event bus
[30Aug2025 03:51:24.012] [modloading-worker-0/DEBUG] [net.neoforged.fml.javafmlmod.AutomaticEventSubscriber/LOADING]: Scanning class com.simibubi.create.content.fluids.FluidReactions for @SubscribeEvent-annotated methods
[30Aug2025 03:51:24.013] [modloading-worker-0/DEBUG] [net.neoforged.fml.javafmlmod.AutomaticEventSubscriber/]: Subscribing @EventBusSubscriber class Lcom/simibubi/create/content/fluids/FluidReactions; to the game event bus
[30Aug2025 03:51:24.014] [modloading-worker-0/DEBUG] [net.neoforged.fml.javafmlmod.AutomaticEventSubscriber/LOADING]: Scanning class com.simibubi.create.AllKeys for @SubscribeEvent-annotated methods
[30Aug2025 03:51:24.014] [modloading-worker-0/DEBUG] [net.neoforged.fml.javafmlmod.AutomaticEventSubscriber/]: Subscribing @EventBusSubscriber class Lcom/simibubi/create/AllKeys; to the mod event bus of mod create
[30Aug2025 03:51:24.014] [modloading-worker-0/DEBUG] [net.neoforged.fml.javafmlmod.AutomaticEventSubscriber/LOADING]: Scanning class com.simibubi.create.compat.trainmap.TrainMapEvents for @SubscribeEvent-annotated methods
[30Aug2025 03:51:24.016] [modloading-worker-0/DEBUG] [net.neoforged.fml.javafmlmod.AutomaticEventSubscriber/]: Subscribing @EventBusSubscriber class Lcom/simibubi/create/compat/trainmap/TrainMapEvents; to the game event bus
[30Aug2025 03:51:24.016] [modloading-worker-0/DEBUG] [net.neoforged.fml.javafmlmod.AutomaticEventSubscriber/LOADING]: Scanning class com.simibubi.create.impl.registry.CreateRegistriesImpl for @SubscribeEvent-annotated methods
[30Aug2025 03:51:24.016] [modloading-worker-0/DEBUG] [net.neoforged.fml.javafmlmod.AutomaticEventSubscriber/]: Subscribing @EventBusSubscriber class Lcom/simibubi/create/impl/registry/CreateRegistriesImpl; to the mod event bus of mod create
[30Aug2025 03:51:24.017] [modloading-worker-0/DEBUG] [net.neoforged.fml.javafmlmod.AutomaticEventSubscriber/LOADING]: Scanning class com.simibubi.create.infrastructure.RemapHelper for @SubscribeEvent-annotated methods
[30Aug2025 03:51:24.018] [modloading-worker-0/DEBUG] [net.neoforged.fml.javafmlmod.AutomaticEventSubscriber/]: Subscribing @EventBusSubscriber class Lcom/simibubi/create/infrastructure/RemapHelper; to the mod event bus of mod create
[30Aug2025 03:51:24.018] [modloading-worker-0/DEBUG] [net.neoforged.fml.javafmlmod.AutomaticEventSubscriber/LOADING]: Scanning class com.simibubi.create.infrastructure.gametest.CreateGameTests for @SubscribeEvent-annotated methods
[30Aug2025 03:51:24.021] [modloading-worker-0/DEBUG] [net.neoforged.fml.javafmlmod.AutomaticEventSubscriber/]: Subscribing @EventBusSubscriber class Lcom/simibubi/create/infrastructure/gametest/CreateGameTests; to the mod event bus of mod create
[30Aug2025 03:51:24.021] [modloading-worker-0/DEBUG] [net.neoforged.fml.javafmlmod.AutomaticEventSubscriber/LOADING]: Scanning class com.simibubi.create.infrastructure.gui.OpenCreateMenuButton$OpenConfigButtonHandler for @SubscribeEvent-annotated methods
[30Aug2025 03:51:24.023] [modloading-worker-0/DEBUG] [net.neoforged.fml.javafmlmod.AutomaticEventSubscriber/]: Subscribing @EventBusSubscriber class Lcom/simibubi/create/infrastructure/gui/OpenCreateMenuButton$OpenConfigButtonHandler; to the game event bus
[30Aug2025 03:51:24.023] [modloading-worker-0/DEBUG] [net.neoforged.fml.javafmlmod.AutomaticEventSubscriber/LOADING]: Scanning class com.simibubi.create.infrastructure.config.AllConfigs for @SubscribeEvent-annotated methods
[30Aug2025 03:51:24.023] [modloading-worker-0/DEBUG] [net.neoforged.fml.javafmlmod.AutomaticEventSubscriber/]: Subscribing @EventBusSubscriber class Lcom/simibubi/create/infrastructure/config/AllConfigs; to the mod event bus of mod create
[30Aug2025 03:51:24.025] [modloading-worker-0/INFO] [Create Deco/]: Registering items for Create Deco
[30Aug2025 03:51:24.039] [modloading-worker-0/INFO] [Create Deco/]: Registering blocks for Create Deco
[30Aug2025 03:51:24.086] [modloading-worker-0/DEBUG] [net.neoforged.fml.javafmlmod.AutomaticEventSubscriber/LOADING]: Attempting to inject @EventBusSubscriber classes into the eventbus for createdeco
[30Aug2025 03:51:24.098] [modloading-sync-worker/DEBUG] [net.neoforged.neoforge.registries.GameData/REGISTRIES]: Unfreezing registries
[30Aug2025 03:51:24.824] [modloading-sync-worker/DEBUG] [mixin/]: Mixing client.HumanoidModelMixin from create.mixins.json into net.minecraft.client.model.HumanoidModel
[30Aug2025 03:51:24.827] [modloading-sync-worker/DEBUG] [mixin/]: create.mixins.json:client.HumanoidModelMixin from mod create->@Inject::create$afterSetupAnim(Lnet/minecraft/world/entity/LivingEntity;FFFFFLorg/spongepowered/asm/mixin/injection/callback/CallbackInfo;)V doesn't use it's CallbackInfo
[30Aug2025 03:51:24.827] [modloading-sync-worker/DEBUG] [mixin/]: create.mixins.json:client.HumanoidModelMixin from mod create->@Inject::create$afterSetupAnim(Lnet/minecraft/world/entity/LivingEntity;FFFFFLorg/spongepowered/asm/mixin/injection/callback/CallbackInfo;)V has 0 override(s) in child classes
[30Aug2025 03:51:24.827] [modloading-sync-worker/DEBUG] [mixin/]: create.mixins.json:client.HumanoidModelMixin from mod create->@Inject::create$afterSetupAnim(Lnet/minecraft/world/entity/LivingEntity;FFFFFLorg/spongepowered/asm/mixin/injection/callback/CallbackInfo;)V won't be passed a CallbackInfo as a result
[30Aug2025 03:51:24.827] [modloading-sync-worker/DEBUG] [mixin/]: create.mixins.json:client.HumanoidModelMixin from mod create->@Inject::create$afterSetupAnim(Lnet/minecraft/world/entity/LivingEntity;FFFFFLorg/spongepowered/asm/mixin/injection/callback/CallbackInfo;)V doesn't use it's CallbackInfo
[30Aug2025 03:51:24.827] [modloading-sync-worker/DEBUG] [mixin/]: create.mixins.json:client.HumanoidModelMixin from mod create->@Inject::create$afterSetupAnim(Lnet/minecraft/world/entity/LivingEntity;FFFFFLorg/spongepowered/asm/mixin/injection/callback/CallbackInfo;)V has 0 override(s) in child classes
[30Aug2025 03:51:24.827] [modloading-sync-worker/DEBUG] [mixin/]: create.mixins.json:client.HumanoidModelMixin from mod create->@Inject::create$afterSetupAnim(Lnet/minecraft/world/entity/LivingEntity;FFFFFLorg/spongepowered/asm/mixin/injection/callback/CallbackInfo;)V won't be passed a CallbackInfo as a result
[30Aug2025 03:51:24.827] [modloading-sync-worker/DEBUG] [mixin/]: create.mixins.json:client.HumanoidModelMixin from mod create->@Inject::create$beforeSetupAnim(Lnet/minecraft/world/entity/LivingEntity;FFFFFLorg/spongepowered/asm/mixin/injection/callback/CallbackInfo;)V doesn't use it's CallbackInfo
[30Aug2025 03:51:24.827] [modloading-sync-worker/DEBUG] [mixin/]: create.mixins.json:client.HumanoidModelMixin from mod create->@Inject::create$beforeSetupAnim(Lnet/minecraft/world/entity/LivingEntity;FFFFFLorg/spongepowered/asm/mixin/injection/callback/CallbackInfo;)V has 0 override(s) in child classes
[30Aug2025 03:51:24.827] [modloading-sync-worker/DEBUG] [mixin/]: create.mixins.json:client.HumanoidModelMixin from mod create->@Inject::create$beforeSetupAnim(Lnet/minecraft/world/entity/LivingEntity;FFFFFLorg/spongepowered/asm/mixin/injection/callback/CallbackInfo;)V won't be passed a CallbackInfo as a result
[30Aug2025 03:51:24.827] [modloading-sync-worker/DEBUG] [mixin/]: create.mixins.json:client.HumanoidModelMixin from mod create->@Inject::create$beforeSetupAnim(Lnet/minecraft/world/entity/LivingEntity;FFFFFLorg/spongepowered/asm/mixin/injection/callback/CallbackInfo;)V doesn't use it's CallbackInfo
[30Aug2025 03:51:24.827] [modloading-sync-worker/DEBUG] [mixin/]: create.mixins.json:client.HumanoidModelMixin from mod create->@Inject::create$beforeSetupAnim(Lnet/minecraft/world/entity/LivingEntity;FFFFFLorg/spongepowered/asm/mixin/injection/callback/CallbackInfo;)V has 0 override(s) in child classes
[30Aug2025 03:51:24.827] [modloading-sync-worker/DEBUG] [mixin/]: create.mixins.json:client.HumanoidModelMixin from mod create->@Inject::create$beforeSetupAnim(Lnet/minecraft/world/entity/LivingEntity;FFFFFLorg/spongepowered/asm/mixin/injection/callback/CallbackInfo;)V won't be passed a CallbackInfo as a result
[30Aug2025 03:51:24.829] [modloading-sync-worker/DEBUG] [mixin/]: Mixing accessor.AgeableListModelAccessor from create.mixins.json into net.minecraft.client.model.AgeableListModel
[30Aug2025 03:51:24.841] [modloading-sync-worker/DEBUG] [mixin/]: Mixing accessor.ItemModelGeneratorsAccessor from create.mixins.json into net.minecraft.data.models.ItemModelGenerators
[30Aug2025 03:51:24.841] [modloading-sync-worker/DEBUG] [mixin/]: Renaming @Accessor method create$getGENERATED_TRIM_MODELS()Ljava/util/List; to getGENERATED_TRIM_MODELS$create_$md$2dc29e$0 in create.mixins.json:accessor.ItemModelGeneratorsAccessor from mod create
[30Aug2025 03:51:24.887] [modloading-sync-worker/DEBUG] [mixin/]: Mixing accessor.FontAccessor from create.mixins.json into net.minecraft.client.gui.Font
[30Aug2025 03:51:25.098] [modloading-sync-worker/DEBUG] [net.neoforged.neoforge.registries.GameData/REGISTRIES]: Freezing registries
[30Aug2025 03:51:26.072] [modloading-sync-worker/DEBUG] [net.neoforged.neoforge.registries.GameData/REGISTRIES]: All registries frozen
[30Aug2025 03:51:26.074] [modloading-sync-worker/DEBUG] [net.neoforged.fml.config.ConfigTracker/CONFIG]: Loading configs type CLIENT
[30Aug2025 03:51:26.080] [modloading-sync-worker/DEBUG] [net.neoforged.fml.config.ConfigTracker/CONFIG]: Loaded TOML config file C:\Users\micha\Documents\Blocks & Bogeys 1.21.1\CreateDeco\runs\client\config\flywheel-client.toml
[30Aug2025 03:51:26.086] [modloading-sync-worker/DEBUG] [net.neoforged.fml.config.ConfigTracker/CONFIG]: Watching TOML config file C:\Users\micha\Documents\Blocks & Bogeys 1.21.1\CreateDeco\runs\client\config\flywheel-client.toml for changes
[30Aug2025 03:51:26.088] [modloading-sync-worker/DEBUG] [net.neoforged.neoforge.common.NeoForgeConfig/FORGEMOD]: Loaded NeoForge config file neoforge-client.toml
[30Aug2025 03:51:26.088] [modloading-sync-worker/DEBUG] [net.neoforged.fml.config.ConfigTracker/CONFIG]: Loaded TOML config file C:\Users\micha\Documents\Blocks & Bogeys 1.21.1\CreateDeco\runs\client\config\neoforge-client.toml
[30Aug2025 03:51:26.089] [modloading-sync-worker/DEBUG] [net.neoforged.fml.config.ConfigTracker/CONFIG]: Watching TOML config file C:\Users\micha\Documents\Blocks & Bogeys 1.21.1\CreateDeco\runs\client\config\neoforge-client.toml for changes
[30Aug2025 03:51:26.089] [modloading-sync-worker/DEBUG] [net.neoforged.fml.config.ConfigTracker/CONFIG]: Loaded TOML config file C:\Users\micha\Documents\Blocks & Bogeys 1.21.1\CreateDeco\runs\client\config\ponder-client.toml
[30Aug2025 03:51:26.090] [modloading-sync-worker/DEBUG] [net.neoforged.fml.config.ConfigTracker/CONFIG]: Watching TOML config file C:\Users\micha\Documents\Blocks & Bogeys 1.21.1\CreateDeco\runs\client\config\ponder-client.toml for changes
[30Aug2025 03:51:26.092] [modloading-sync-worker/DEBUG] [net.neoforged.fml.config.ConfigTracker/CONFIG]: Loaded TOML config file C:\Users\micha\Documents\Blocks & Bogeys 1.21.1\CreateDeco\runs\client\config\create-client.toml
[30Aug2025 03:51:26.092] [modloading-sync-worker/DEBUG] [net.neoforged.fml.config.ConfigTracker/CONFIG]: Watching TOML config file C:\Users\micha\Documents\Blocks & Bogeys 1.21.1\CreateDeco\runs\client\config\create-client.toml for changes
[30Aug2025 03:51:26.092] [modloading-sync-worker/DEBUG] [net.neoforged.fml.config.ConfigTracker/CONFIG]: Loading configs type COMMON
[30Aug2025 03:51:26.092] [modloading-sync-worker/DEBUG] [net.neoforged.neoforge.common.NeoForgeConfig/FORGEMOD]: Loaded NeoForge config file neoforge-common.toml
[30Aug2025 03:51:26.093] [modloading-sync-worker/DEBUG] [net.neoforged.fml.config.ConfigTracker/CONFIG]: Loaded TOML config file C:\Users\micha\Documents\Blocks & Bogeys 1.21.1\CreateDeco\runs\client\config\neoforge-common.toml
[30Aug2025 03:51:26.093] [modloading-sync-worker/DEBUG] [net.neoforged.fml.config.ConfigTracker/CONFIG]: Watching TOML config file C:\Users\micha\Documents\Blocks & Bogeys 1.21.1\CreateDeco\runs\client\config\neoforge-common.toml for changes
[30Aug2025 03:51:26.093] [modloading-sync-worker/DEBUG] [net.neoforged.fml.config.ConfigTracker/CONFIG]: Loaded TOML config file C:\Users\micha\Documents\Blocks & Bogeys 1.21.1\CreateDeco\runs\client\config\create-common.toml
[30Aug2025 03:51:26.094] [modloading-sync-worker/DEBUG] [net.neoforged.fml.config.ConfigTracker/CONFIG]: Watching TOML config file C:\Users\micha\Documents\Blocks & Bogeys 1.21.1\CreateDeco\runs\client\config\create-common.toml for changes
[30Aug2025 03:51:26.206] [Render thread/DEBUG] [mixin/]: Mixing accessor.EntityRenderDispatcherAccessor from create.mixins.json into net.minecraft.client.renderer.entity.EntityRenderDispatcher
[30Aug2025 03:51:26.237] [Render thread/DEBUG] [mixin/]: Mixing client.accessor.ParticleEngineAccessor from ponder.mixins.json into net.minecraft.client.particle.ParticleEngine
[30Aug2025 03:51:26.237] [Render thread/DEBUG] [mixin/]: ponder.mixins.json:client.accessor.ParticleEngineAccessor from mod ponder: Class version 65 required is higher than the class version supported by the current version of Mixin (JAVA_17 supports class version 61)
[30Aug2025 03:51:26.285] [Render thread/DEBUG] [mixin/]: Mixing client.CameraMixin from create.mixins.json into net.minecraft.client.Camera
[30Aug2025 03:51:26.290] [Render thread/DEBUG] [mixin/]: Mixing client.accessor.BufferBuilderAccessor from ponder-common.mixins.json into com.mojang.blaze3d.vertex.BufferBuilder
[30Aug2025 03:51:26.290] [Render thread/DEBUG] [mixin/]: ponder-common.mixins.json:client.accessor.BufferBuilderAccessor from mod ponder: Class version 65 required is higher than the class version supported by the current version of Mixin (JAVA_17 supports class version 61)
[30Aug2025 03:51:26.303] [Render thread/DEBUG] [mixin/]: Mixing accessor.GuiAccessor from create.mixins.json into net.minecraft.client.gui.Gui
[30Aug2025 03:51:26.336] [Render thread/INFO] [net.neoforged.neoforge.gametest.GameTestHooks/]: Enabled Gametest Namespaces: []
[30Aug2025 03:51:26.343] [Render thread/DEBUG] [mixin/]: Mixing accessor.GameTestHelperAccessor from create.mixins.json into net.minecraft.gametest.framework.GameTestHelper
[30Aug2025 03:51:26.375] [Render thread/DEBUG] [mixin/]: Mixing client.PlayerRendererMixin from create.mixins.json into net.minecraft.client.renderer.entity.player.PlayerRenderer
[30Aug2025 03:51:26.378] [Render thread/DEBUG] [mixin/]: create.mixins.json:client.PlayerRendererMixin from mod create->@Inject::create$onGetArmPose(Lnet/minecraft/client/player/AbstractClientPlayer;Lnet/minecraft/world/InteractionHand;Lorg/spongepowered/asm/mixin/injection/callback/CallbackInfoReturnable;)V does use it's CallbackInfoReturnable
[30Aug2025 03:51:26.386] [Render thread/DEBUG] [mixin/]: Mixing accessor.HumanoidArmorLayerAccessor from create.mixins.json into net.minecraft.client.renderer.entity.layers.HumanoidArmorLayer
[30Aug2025 03:51:26.387] [Render thread/DEBUG] [mixin/]: Renaming @Accessor method create$getArmorLocationCache()Ljava/util/Map; to getArmorLocationCache$create_$md$2dc29e$0 in create.mixins.json:accessor.HumanoidArmorLayerAccessor from mod create
[30Aug2025 03:51:26.387] [Render thread/DEBUG] [mixin/]: Mixing client.HumanoidArmorLayerMixin from create.mixins.json into net.minecraft.client.renderer.entity.layers.HumanoidArmorLayer
[30Aug2025 03:51:26.388] [Render thread/DEBUG] [mixin/]: create.mixins.json:client.HumanoidArmorLayerMixin from mod create->@Inject::create$onRenderArmorPiece(Lcom/mojang/blaze3d/vertex/PoseStack;Lnet/minecraft/client/renderer/MultiBufferSource;Lnet/minecraft/world/entity/LivingEntity;Lnet/minecraft/world/entity/EquipmentSlot;ILnet/minecraft/client/model/HumanoidModel;FFFFFFLorg/spongepowered/asm/mixin/injection/callback/CallbackInfo;)V does use it's CallbackInfo
[30Aug2025 03:51:26.465] [Render thread/DEBUG] [mixin/]: Mixing ModelPartAccessor from flywheel.impl.mixins.json into net.minecraft.client.model.geom.ModelPart
[30Aug2025 03:51:26.522] [Render thread/INFO] [net.minecraft.server.packs.resources.ReloadableResourceManager/]: Reloading ResourceManager: vanilla, mod_resources, mod/flywheel, mod/ponder, mod/create, mod/createdeco, mod/neoforge
[30Aug2025 03:51:26.541] [Worker-Main-1/DEBUG] [mixin/]: Mixing accessor.FluidInteractionRegistryAccessor from create.mixins.json into net.neoforged.neoforge.fluids.FluidInteractionRegistry
[30Aug2025 03:51:26.541] [Worker-Main-1/DEBUG] [mixin/]: Renaming @Accessor method getInteractions()Ljava/util/Map; to getInteractions$create_$md$2dc29e$0 in create.mixins.json:accessor.FluidInteractionRegistryAccessor from mod create
[30Aug2025 03:51:26.552] [Worker-Main-1/INFO] [Create Deco/]: Create Deco initializing...
[30Aug2025 03:51:26.627] [Render thread/DEBUG] [net.neoforged.fml.DeferredWorkQueue/LOADING]: Dispatching synchronous work for work queue Common setup: 2 jobs
[30Aug2025 03:51:26.642] [Worker-Main-3/INFO] [net.minecraft.client.gui.font.providers.UnihexProvider/]: Found unifont_all_no_pua-15.1.05.hex, loading
[30Aug2025 03:51:26.642] [Worker-Main-12/INFO] [net.minecraft.client.gui.font.providers.UnihexProvider/]: Found unifont_jp_patch-15.1.05.hex, loading
[30Aug2025 03:51:26.697] [Worker-Main-5/ERROR] [net.minecraft.Util/]: Invalid path in pack: createdeco:textures/block/palettes/decals/BLANK_decal_dont_use.png, ignoring
[30Aug2025 03:51:26.718] [Render thread/DEBUG] [net.neoforged.fml.DeferredWorkQueue/LOADING]: Synchronous work queue completed in 88.22 ms
[30Aug2025 03:51:26.770] [Render thread/DEBUG] [Ponder/]: Loaded net.createmod.catnip.platform.NeoForgeClientHooksHelper@35d4fecf for service interface net.createmod.catnip.platform.services.ModClientHooksHelper
[30Aug2025 03:51:28.838] [Worker-Main-1/INFO] [PonderIndex/]: Registering Ponder Scenes took 64.86 ms
[30Aug2025 03:51:28.843] [Worker-Main-1/INFO] [PonderIndex/]: Registering Ponder Tags took 4.327 ms
[30Aug2025 03:51:28.858] [Render thread/DEBUG] [net.neoforged.fml.DeferredWorkQueue/LOADING]: Dispatching synchronous work for work queue Complete loading of 6 mods: 1 jobs
[30Aug2025 03:51:28.872] [Render thread/DEBUG] [net.neoforged.fml.DeferredWorkQueue/LOADING]: Synchronous work queue completed in 13.77 ms
[30Aug2025 03:51:28.947] [Render thread/WARN] [net.minecraft.client.sounds.SoundEngine/]: Missing sound for event: minecraft:item.goat_horn.play
[30Aug2025 03:51:28.947] [Render thread/WARN] [net.minecraft.client.sounds.SoundEngine/]: Missing sound for event: minecraft:entity.goat.screaming.horn_break
[30Aug2025 03:51:28.986] [Render thread/INFO] [com.mojang.blaze3d.audio.Library/]: OpenAL initialized on device OpenAL Soft on ZOWIE XL LCD (NVIDIA High Definition Audio)
[30Aug2025 03:51:28.987] [Render thread/INFO] [net.minecraft.client.sounds.SoundEngine/SOUNDS]: Sound engine started
[30Aug2025 03:51:29.056] [Render thread/INFO] [net.minecraft.client.renderer.texture.TextureAtlas/]: Created: 2048x2048x4 minecraft:textures/atlas/blocks.png-atlas
[30Aug2025 03:51:29.065] [Render thread/INFO] [net.minecraft.client.renderer.texture.TextureAtlas/]: Created: 256x256x4 minecraft:textures/atlas/signs.png-atlas
[30Aug2025 03:51:29.065] [Render thread/INFO] [net.minecraft.client.renderer.texture.TextureAtlas/]: Created: 512x512x4 minecraft:textures/atlas/shield_patterns.png-atlas
[30Aug2025 03:51:29.068] [Render thread/INFO] [net.minecraft.client.renderer.texture.TextureAtlas/]: Created: 512x512x4 minecraft:textures/atlas/banner_patterns.png-atlas
[30Aug2025 03:51:29.068] [Render thread/INFO] [net.minecraft.client.renderer.texture.TextureAtlas/]: Created: 2048x1024x4 minecraft:textures/atlas/armor_trims.png-atlas
[30Aug2025 03:51:29.071] [Render thread/INFO] [net.minecraft.client.renderer.texture.TextureAtlas/]: Created: 128x64x4 minecraft:textures/atlas/decorated_pot.png-atlas
[30Aug2025 03:51:29.071] [Render thread/INFO] [net.minecraft.client.renderer.texture.TextureAtlas/]: Created: 256x256x4 minecraft:textures/atlas/chest.png-atlas
[30Aug2025 03:51:29.072] [Render thread/INFO] [net.minecraft.client.renderer.texture.TextureAtlas/]: Created: 512x256x4 minecraft:textures/atlas/beds.png-atlas
[30Aug2025 03:51:29.072] [Render thread/INFO] [net.minecraft.client.renderer.texture.TextureAtlas/]: Created: 512x256x4 minecraft:textures/atlas/shulker_boxes.png-atlas
[30Aug2025 03:51:29.121] [Render thread/INFO] [net.minecraft.client.renderer.texture.TextureAtlas/]: Created: 512x256x0 minecraft:textures/atlas/particles.png-atlas
[30Aug2025 03:51:29.122] [Render thread/INFO] [net.minecraft.client.renderer.texture.TextureAtlas/]: Created: 512x256x0 minecraft:textures/atlas/paintings.png-atlas
[30Aug2025 03:51:29.123] [Render thread/INFO] [net.minecraft.client.renderer.texture.TextureAtlas/]: Created: 256x128x0 minecraft:textures/atlas/mob_effects.png-atlas
[30Aug2025 03:51:29.123] [Render thread/INFO] [net.minecraft.client.renderer.texture.TextureAtlas/]: Created: 64x64x0 minecraft:textures/atlas/map_decorations.png-atlas
[30Aug2025 03:51:29.124] [Render thread/INFO] [net.minecraft.client.renderer.texture.TextureAtlas/]: Created: 1024x512x0 minecraft:textures/atlas/gui.png-atlas
[30Aug2025 03:51:29.141] [Render thread/WARN] [net.minecraft.client.renderer.ShaderInstance/]: Shader rendertype_entity_translucent_emissive could not find sampler named Sampler2 in the specified shader program.
[30Aug2025 03:51:29.205] [Render thread/INFO] [flywheel/backend/shaders/]: Loaded 77 shader sources in 17.088 ms
[30Aug2025 03:51:29.227] [Render thread/INFO] [com.simibubi.create.Create/]: Loaded 58 train hat configurations.
[30Aug2025 03:51:29.227] [Render thread/INFO] [net.neoforged.neoforge.client.entity.animation.json.AnimationLoader/]: Loaded 0 entity animations
[30Aug2025 03:51:33.357] [Render thread/INFO] [com.simibubi.create.Create/]: Created 157 recipes which will be injected into the game
[30Aug2025 03:51:33.360] [Render thread/INFO] [com.simibubi.create.Create/]: Created 0 tags which will be injected into the game
[30Aug2025 03:51:34.216] [Render thread/ERROR] [net.minecraft.world.item.crafting.RecipeManager/]: Parsing error loading recipe createdeco:placard
com.google.gson.JsonParseException: No key id in MapLike[{"item":"create:placard"}]
	at MC-BOOTSTRAP/datafixerupper@8.0.16/com.mojang.serialization.DataResult$Error.getOrThrow(DataResult.java:287) ~[datafixerupper-8.0.16.jar%23125!/:?]
	at TRANSFORMER/minecraft@1.21.1/net.minecraft.world.item.crafting.RecipeManager.apply(RecipeManager.java:60) ~[neoforge-21.1.193.jar%23195!/:?]
	at TRANSFORMER/minecraft@1.21.1/net.minecraft.world.item.crafting.RecipeManager.apply(RecipeManager.java:36) ~[neoforge-21.1.193.jar%23195!/:?]
	at TRANSFORMER/minecraft@1.21.1/net.minecraft.server.packs.resources.SimplePreparableReloadListener.lambda$reload$1(SimplePreparableReloadListener.java:19) ~[neoforge-21.1.193.jar%23195!/:?]
	at java.base/java.util.concurrent.CompletableFuture$UniAccept.tryFire(CompletableFuture.java:718) ~[?:?]
	at java.base/java.util.concurrent.CompletableFuture$Completion.run(CompletableFuture.java:482) ~[?:?]
	at TRANSFORMER/minecraft@1.21.1/net.minecraft.server.packs.resources.SimpleReloadInstance.lambda$new$3(SimpleReloadInstance.java:86) ~[neoforge-21.1.193.jar%23195!/:?]
	at TRANSFORMER/minecraft@1.21.1/net.minecraft.util.thread.BlockableEventLoop.doRunTask(BlockableEventLoop.java:151) ~[neoforge-21.1.193.jar%23195!/:?]
	at TRANSFORMER/minecraft@1.21.1/net.minecraft.util.thread.ReentrantBlockableEventLoop.doRunTask(ReentrantBlockableEventLoop.java:24) ~[neoforge-21.1.193.jar%23195!/:?]
	at TRANSFORMER/minecraft@1.21.1/net.minecraft.util.thread.BlockableEventLoop.pollTask(BlockableEventLoop.java:122) ~[neoforge-21.1.193.jar%23195!/:?]
	at TRANSFORMER/minecraft@1.21.1/net.minecraft.util.thread.BlockableEventLoop.managedBlock(BlockableEventLoop.java:135) ~[neoforge-21.1.193.jar%23195!/:?]
	at TRANSFORMER/minecraft@1.21.1/net.minecraft.client.gui.screens.worldselection.WorldOpenFlows.loadWorldDataBlocking(WorldOpenFlows.java:201) ~[neoforge-21.1.193.jar%23195!/:?]
	at TRANSFORMER/minecraft@1.21.1/net.minecraft.client.gui.screens.worldselection.WorldOpenFlows.loadWorldStem(WorldOpenFlows.java:142) ~[neoforge-21.1.193.jar%23195!/:?]
	at TRANSFORMER/minecraft@1.21.1/net.minecraft.client.gui.screens.worldselection.WorldOpenFlows.openWorldLoadLevelStem(WorldOpenFlows.java:345) ~[neoforge-21.1.193.jar%23195!/:?]
	at TRANSFORMER/minecraft@1.21.1/net.minecraft.client.gui.screens.worldselection.WorldOpenFlows.openWorldCheckVersionCompatibility(WorldOpenFlows.java:334) ~[neoforge-21.1.193.jar%23195!/:?]
	at TRANSFORMER/minecraft@1.21.1/net.minecraft.client.gui.screens.worldselection.WorldOpenFlows.openWorldLoadLevelData(WorldOpenFlows.java:296) ~[neoforge-21.1.193.jar%23195!/:?]
	at TRANSFORMER/minecraft@1.21.1/net.minecraft.client.gui.screens.worldselection.WorldOpenFlows.openWorld(WorldOpenFlows.java:261) ~[neoforge-21.1.193.jar%23195!/:?]
	at TRANSFORMER/minecraft@1.21.1/net.minecraft.client.gui.screens.worldselection.WorldSelectionList$WorldListEntry.joinWorld(WorldSelectionList.java:516) ~[neoforge-21.1.193.jar%23195!/:?]
	at TRANSFORMER/minecraft@1.21.1/net.minecraft.client.gui.screens.worldselection.WorldSelectionList$WorldListEntry.mouseClicked(WorldSelectionList.java:499) ~[neoforge-21.1.193.jar%23195!/:?]
	at TRANSFORMER/minecraft@1.21.1/net.minecraft.client.gui.components.AbstractSelectionList.mouseClicked(AbstractSelectionList.java:303) ~[neoforge-21.1.193.jar%23195!/:?]
	at TRANSFORMER/minecraft@1.21.1/net.minecraft.client.gui.components.events.ContainerEventHandler.mouseClicked(ContainerEventHandler.java:52) ~[neoforge-21.1.193.jar%23195!/:?]
	at TRANSFORMER/minecraft@1.21.1/net.minecraft.client.MouseHandler.lambda$onPress$0(MouseHandler.java:103) ~[neoforge-21.1.193.jar%23195!/:?]
	at TRANSFORMER/minecraft@1.21.1/net.minecraft.client.gui.screens.Screen.wrapScreenError(Screen.java:471) ~[neoforge-21.1.193.jar%23195!/:?]
	at TRANSFORMER/minecraft@1.21.1/net.minecraft.client.MouseHandler.onPress(MouseHandler.java:100) ~[neoforge-21.1.193.jar%23195!/:?]
	at TRANSFORMER/minecraft@1.21.1/net.minecraft.client.MouseHandler.lambda$setup$4(MouseHandler.java:212) ~[neoforge-21.1.193.jar%23195!/:?]
	at TRANSFORMER/minecraft@1.21.1/net.minecraft.util.thread.BlockableEventLoop.execute(BlockableEventLoop.java:98) ~[neoforge-21.1.193.jar%23195!/:?]
	at TRANSFORMER/minecraft@1.21.1/net.minecraft.client.MouseHandler.lambda$setup$5(MouseHandler.java:212) ~[neoforge-21.1.193.jar%23195!/:?]
	at MC-BOOTSTRAP/org.lwjgl.glfw@3.3.3+5/org.lwjgl.glfw.GLFWMouseButtonCallbackI.callback(GLFWMouseButtonCallbackI.java:43) ~[lwjgl-glfw-3.3.3.jar%23177!/:build 5]
	at MC-BOOTSTRAP/org.lwjgl@3.3.3+5/org.lwjgl.system.JNI.invokeV(Native Method) ~[lwjgl-3.3.3.jar%23188!/:build 5]
	at MC-BOOTSTRAP/org.lwjgl.glfw@3.3.3+5/org.lwjgl.glfw.GLFW.glfwWaitEventsTimeout(GLFW.java:3509) ~[lwjgl-glfw-3.3.3.jar%23177!/:build 5]
	at TRANSFORMER/minecraft@1.21.1/com.mojang.blaze3d.systems.RenderSystem.limitDisplayFPS(RenderSystem.java:162) ~[neoforge-21.1.193.jar%23195!/:?]
	at TRANSFORMER/minecraft@1.21.1/net.minecraft.client.Minecraft.runTick(Minecraft.java:1226) ~[neoforge-21.1.193.jar%23195!/:?]
	at TRANSFORMER/minecraft@1.21.1/net.minecraft.client.Minecraft.run(Minecraft.java:813) ~[neoforge-21.1.193.jar%23195!/:?]
	at TRANSFORMER/minecraft@1.21.1/net.minecraft.client.main.Main.main(Main.java:230) ~[neoforge-21.1.193.jar%23195!/:?]
	at java.base/jdk.internal.reflect.DirectMethodHandleAccessor.invoke(DirectMethodHandleAccessor.java:103) ~[?:?]
	at java.base/java.lang.reflect.Method.invoke(Method.java:580) ~[?:?]
	at MC-BOOTSTRAP/fml_loader@4.0.41/net.neoforged.fml.loading.targets.CommonLaunchHandler.runTarget(CommonLaunchHandler.java:136) ~[loader-4.0.41.jar%23150!/:4.0]
	at MC-BOOTSTRAP/fml_loader@4.0.41/net.neoforged.fml.loading.targets.CommonLaunchHandler.clientService(CommonLaunchHandler.java:124) ~[loader-4.0.41.jar%23150!/:4.0]
	at MC-BOOTSTRAP/fml_loader@4.0.41/net.neoforged.fml.loading.targets.NeoForgeClientDevLaunchHandler.runService(NeoForgeClientDevLaunchHandler.java:23) ~[loader-4.0.41.jar%23150!/:4.0]
	at MC-BOOTSTRAP/fml_loader@4.0.41/net.neoforged.fml.loading.targets.CommonLaunchHandler.lambda$launchService$4(CommonLaunchHandler.java:118) ~[loader-4.0.41.jar%23150!/:4.0]
	at MC-BOOTSTRAP/cpw.mods.modlauncher@11.0.5/cpw.mods.modlauncher.LaunchServiceHandlerDecorator.launch(LaunchServiceHandlerDecorator.java:30) [modlauncher-11.0.5.jar%23132!/:?]
	at MC-BOOTSTRAP/cpw.mods.modlauncher@11.0.5/cpw.mods.modlauncher.LaunchServiceHandler.launch(LaunchServiceHandler.java:53) [modlauncher-11.0.5.jar%23132!/:?]
	at MC-BOOTSTRAP/cpw.mods.modlauncher@11.0.5/cpw.mods.modlauncher.LaunchServiceHandler.launch(LaunchServiceHandler.java:71) [modlauncher-11.0.5.jar%23132!/:?]
	at MC-BOOTSTRAP/cpw.mods.modlauncher@11.0.5/cpw.mods.modlauncher.Launcher.run(Launcher.java:103) [modlauncher-11.0.5.jar%23132!/:?]
	at MC-BOOTSTRAP/cpw.mods.modlauncher@11.0.5/cpw.mods.modlauncher.Launcher.main(Launcher.java:74) [modlauncher-11.0.5.jar%23132!/:?]
	at MC-BOOTSTRAP/cpw.mods.modlauncher@11.0.5/cpw.mods.modlauncher.BootstrapLaunchConsumer.accept(BootstrapLaunchConsumer.java:26) [modlauncher-11.0.5.jar%23132!/:?]
	at MC-BOOTSTRAP/cpw.mods.modlauncher@11.0.5/cpw.mods.modlauncher.BootstrapLaunchConsumer.accept(BootstrapLaunchConsumer.java:23) [modlauncher-11.0.5.jar%23132!/:?]
	at cpw.mods.bootstraplauncher@2.0.2/cpw.mods.bootstraplauncher.BootstrapLauncher.run(BootstrapLauncher.java:210) [bootstraplauncher-2.0.2.jar:?]
	at cpw.mods.bootstraplauncher@2.0.2/cpw.mods.bootstraplauncher.BootstrapLauncher.main(BootstrapLauncher.java:69) [bootstraplauncher-2.0.2.jar:?]
[30Aug2025 03:51:34.240] [Render thread/ERROR] [net.minecraft.world.item.crafting.RecipeManager/]: Parsing error loading recipe createdeco:compacting/industrial_iron_ingot
com.google.gson.JsonParseException: Failed to parse either. First: No key amount in MapLike[{"item":"createdeco:industrial_iron_ingot"}]; No key id in MapLike[{"item":"createdeco:industrial_iron_ingot"}]; Second: Failed to parse either. First: No key id in MapLike[{"item":"createdeco:industrial_iron_ingot"}]; Second: Failed to parse either. First: Not a JSON object: "createdeco:industrial_iron_ingot"; Second: Compat cannot be deserialized
	at MC-BOOTSTRAP/datafixerupper@8.0.16/com.mojang.serialization.DataResult$Error.getOrThrow(DataResult.java:287) ~[datafixerupper-8.0.16.jar%23125!/:?]
	at TRANSFORMER/minecraft@1.21.1/net.minecraft.world.item.crafting.RecipeManager.apply(RecipeManager.java:60) ~[neoforge-21.1.193.jar%23195!/:?]
	at TRANSFORMER/minecraft@1.21.1/net.minecraft.world.item.crafting.RecipeManager.apply(RecipeManager.java:36) ~[neoforge-21.1.193.jar%23195!/:?]
	at TRANSFORMER/minecraft@1.21.1/net.minecraft.server.packs.resources.SimplePreparableReloadListener.lambda$reload$1(SimplePreparableReloadListener.java:19) ~[neoforge-21.1.193.jar%23195!/:?]
	at java.base/java.util.concurrent.CompletableFuture$UniAccept.tryFire(CompletableFuture.java:718) ~[?:?]
	at java.base/java.util.concurrent.CompletableFuture$Completion.run(CompletableFuture.java:482) ~[?:?]
	at TRANSFORMER/minecraft@1.21.1/net.minecraft.server.packs.resources.SimpleReloadInstance.lambda$new$3(SimpleReloadInstance.java:86) ~[neoforge-21.1.193.jar%23195!/:?]
	at TRANSFORMER/minecraft@1.21.1/net.minecraft.util.thread.BlockableEventLoop.doRunTask(BlockableEventLoop.java:151) ~[neoforge-21.1.193.jar%23195!/:?]
	at TRANSFORMER/minecraft@1.21.1/net.minecraft.util.thread.ReentrantBlockableEventLoop.doRunTask(ReentrantBlockableEventLoop.java:24) ~[neoforge-21.1.193.jar%23195!/:?]
	at TRANSFORMER/minecraft@1.21.1/net.minecraft.util.thread.BlockableEventLoop.pollTask(BlockableEventLoop.java:122) ~[neoforge-21.1.193.jar%23195!/:?]
	at TRANSFORMER/minecraft@1.21.1/net.minecraft.util.thread.BlockableEventLoop.managedBlock(BlockableEventLoop.java:135) ~[neoforge-21.1.193.jar%23195!/:?]
	at TRANSFORMER/minecraft@1.21.1/net.minecraft.client.gui.screens.worldselection.WorldOpenFlows.loadWorldDataBlocking(WorldOpenFlows.java:201) ~[neoforge-21.1.193.jar%23195!/:?]
	at TRANSFORMER/minecraft@1.21.1/net.minecraft.client.gui.screens.worldselection.WorldOpenFlows.loadWorldStem(WorldOpenFlows.java:142) ~[neoforge-21.1.193.jar%23195!/:?]
	at TRANSFORMER/minecraft@1.21.1/net.minecraft.client.gui.screens.worldselection.WorldOpenFlows.openWorldLoadLevelStem(WorldOpenFlows.java:345) ~[neoforge-21.1.193.jar%23195!/:?]
	at TRANSFORMER/minecraft@1.21.1/net.minecraft.client.gui.screens.worldselection.WorldOpenFlows.openWorldCheckVersionCompatibility(WorldOpenFlows.java:334) ~[neoforge-21.1.193.jar%23195!/:?]
	at TRANSFORMER/minecraft@1.21.1/net.minecraft.client.gui.screens.worldselection.WorldOpenFlows.openWorldLoadLevelData(WorldOpenFlows.java:296) ~[neoforge-21.1.193.jar%23195!/:?]
	at TRANSFORMER/minecraft@1.21.1/net.minecraft.client.gui.screens.worldselection.WorldOpenFlows.openWorld(WorldOpenFlows.java:261) ~[neoforge-21.1.193.jar%23195!/:?]
	at TRANSFORMER/minecraft@1.21.1/net.minecraft.client.gui.screens.worldselection.WorldSelectionList$WorldListEntry.joinWorld(WorldSelectionList.java:516) ~[neoforge-21.1.193.jar%23195!/:?]
	at TRANSFORMER/minecraft@1.21.1/net.minecraft.client.gui.screens.worldselection.WorldSelectionList$WorldListEntry.mouseClicked(WorldSelectionList.java:499) ~[neoforge-21.1.193.jar%23195!/:?]
	at TRANSFORMER/minecraft@1.21.1/net.minecraft.client.gui.components.AbstractSelectionList.mouseClicked(AbstractSelectionList.java:303) ~[neoforge-21.1.193.jar%23195!/:?]
	at TRANSFORMER/minecraft@1.21.1/net.minecraft.client.gui.components.events.ContainerEventHandler.mouseClicked(ContainerEventHandler.java:52) ~[neoforge-21.1.193.jar%23195!/:?]
	at TRANSFORMER/minecraft@1.21.1/net.minecraft.client.MouseHandler.lambda$onPress$0(MouseHandler.java:103) ~[neoforge-21.1.193.jar%23195!/:?]
	at TRANSFORMER/minecraft@1.21.1/net.minecraft.client.gui.screens.Screen.wrapScreenError(Screen.java:471) ~[neoforge-21.1.193.jar%23195!/:?]
	at TRANSFORMER/minecraft@1.21.1/net.minecraft.client.MouseHandler.onPress(MouseHandler.java:100) ~[neoforge-21.1.193.jar%23195!/:?]
	at TRANSFORMER/minecraft@1.21.1/net.minecraft.client.MouseHandler.lambda$setup$4(MouseHandler.java:212) ~[neoforge-21.1.193.jar%23195!/:?]
	at TRANSFORMER/minecraft@1.21.1/net.minecraft.util.thread.BlockableEventLoop.execute(BlockableEventLoop.java:98) ~[neoforge-21.1.193.jar%23195!/:?]
	at TRANSFORMER/minecraft@1.21.1/net.minecraft.client.MouseHandler.lambda$setup$5(MouseHandler.java:212) ~[neoforge-21.1.193.jar%23195!/:?]
	at MC-BOOTSTRAP/org.lwjgl.glfw@3.3.3+5/org.lwjgl.glfw.GLFWMouseButtonCallbackI.callback(GLFWMouseButtonCallbackI.java:43) ~[lwjgl-glfw-3.3.3.jar%23177!/:build 5]
	at MC-BOOTSTRAP/org.lwjgl@3.3.3+5/org.lwjgl.system.JNI.invokeV(Native Method) ~[lwjgl-3.3.3.jar%23188!/:build 5]
	at MC-BOOTSTRAP/org.lwjgl.glfw@3.3.3+5/org.lwjgl.glfw.GLFW.glfwWaitEventsTimeout(GLFW.java:3509) ~[lwjgl-glfw-3.3.3.jar%23177!/:build 5]
	at TRANSFORMER/minecraft@1.21.1/com.mojang.blaze3d.systems.RenderSystem.limitDisplayFPS(RenderSystem.java:162) ~[neoforge-21.1.193.jar%23195!/:?]
	at TRANSFORMER/minecraft@1.21.1/net.minecraft.client.Minecraft.runTick(Minecraft.java:1226) ~[neoforge-21.1.193.jar%23195!/:?]
	at TRANSFORMER/minecraft@1.21.1/net.minecraft.client.Minecraft.run(Minecraft.java:813) ~[neoforge-21.1.193.jar%23195!/:?]
	at TRANSFORMER/minecraft@1.21.1/net.minecraft.client.main.Main.main(Main.java:230) ~[neoforge-21.1.193.jar%23195!/:?]
	at java.base/jdk.internal.reflect.DirectMethodHandleAccessor.invoke(DirectMethodHandleAccessor.java:103) ~[?:?]
	at java.base/java.lang.reflect.Method.invoke(Method.java:580) ~[?:?]
	at MC-BOOTSTRAP/fml_loader@4.0.41/net.neoforged.fml.loading.targets.CommonLaunchHandler.runTarget(CommonLaunchHandler.java:136) ~[loader-4.0.41.jar%23150!/:4.0]
	at MC-BOOTSTRAP/fml_loader@4.0.41/net.neoforged.fml.loading.targets.CommonLaunchHandler.clientService(CommonLaunchHandler.java:124) ~[loader-4.0.41.jar%23150!/:4.0]
	at MC-BOOTSTRAP/fml_loader@4.0.41/net.neoforged.fml.loading.targets.NeoForgeClientDevLaunchHandler.runService(NeoForgeClientDevLaunchHandler.java:23) ~[loader-4.0.41.jar%23150!/:4.0]
	at MC-BOOTSTRAP/fml_loader@4.0.41/net.neoforged.fml.loading.targets.CommonLaunchHandler.lambda$launchService$4(CommonLaunchHandler.java:118) ~[loader-4.0.41.jar%23150!/:4.0]
	at MC-BOOTSTRAP/cpw.mods.modlauncher@11.0.5/cpw.mods.modlauncher.LaunchServiceHandlerDecorator.launch(LaunchServiceHandlerDecorator.java:30) [modlauncher-11.0.5.jar%23132!/:?]
	at MC-BOOTSTRAP/cpw.mods.modlauncher@11.0.5/cpw.mods.modlauncher.LaunchServiceHandler.launch(LaunchServiceHandler.java:53) [modlauncher-11.0.5.jar%23132!/:?]
	at MC-BOOTSTRAP/cpw.mods.modlauncher@11.0.5/cpw.mods.modlauncher.LaunchServiceHandler.launch(LaunchServiceHandler.java:71) [modlauncher-11.0.5.jar%23132!/:?]
	at MC-BOOTSTRAP/cpw.mods.modlauncher@11.0.5/cpw.mods.modlauncher.Launcher.run(Launcher.java:103) [modlauncher-11.0.5.jar%23132!/:?]
	at MC-BOOTSTRAP/cpw.mods.modlauncher@11.0.5/cpw.mods.modlauncher.Launcher.main(Launcher.java:74) [modlauncher-11.0.5.jar%23132!/:?]
	at MC-BOOTSTRAP/cpw.mods.modlauncher@11.0.5/cpw.mods.modlauncher.BootstrapLaunchConsumer.accept(BootstrapLaunchConsumer.java:26) [modlauncher-11.0.5.jar%23132!/:?]
	at MC-BOOTSTRAP/cpw.mods.modlauncher@11.0.5/cpw.mods.modlauncher.BootstrapLaunchConsumer.accept(BootstrapLaunchConsumer.java:23) [modlauncher-11.0.5.jar%23132!/:?]
	at cpw.mods.bootstraplauncher@2.0.2/cpw.mods.bootstraplauncher.BootstrapLauncher.run(BootstrapLauncher.java:210) [bootstraplauncher-2.0.2.jar:?]
	at cpw.mods.bootstraplauncher@2.0.2/cpw.mods.bootstraplauncher.BootstrapLauncher.main(BootstrapLauncher.java:69) [bootstraplauncher-2.0.2.jar:?]
[30Aug2025 03:51:34.257] [Render thread/ERROR] [net.minecraft.world.item.crafting.RecipeManager/]: Parsing error loading recipe createdeco:pressing/coins/gold_coin
com.google.gson.JsonParseException: Failed to parse either. First: No key amount in MapLike[{"item":"createdeco:gold_coin"}]; No key id in MapLike[{"item":"createdeco:gold_coin"}]; Second: Failed to parse either. First: No key id in MapLike[{"item":"createdeco:gold_coin"}]; Second: Failed to parse either. First: Not a JSON object: "createdeco:gold_coin"; Second: Compat cannot be deserialized
	at MC-BOOTSTRAP/datafixerupper@8.0.16/com.mojang.serialization.DataResult$Error.getOrThrow(DataResult.java:287) ~[datafixerupper-8.0.16.jar%23125!/:?]
	at TRANSFORMER/minecraft@1.21.1/net.minecraft.world.item.crafting.RecipeManager.apply(RecipeManager.java:60) ~[neoforge-21.1.193.jar%23195!/:?]
	at TRANSFORMER/minecraft@1.21.1/net.minecraft.world.item.crafting.RecipeManager.apply(RecipeManager.java:36) ~[neoforge-21.1.193.jar%23195!/:?]
	at TRANSFORMER/minecraft@1.21.1/net.minecraft.server.packs.resources.SimplePreparableReloadListener.lambda$reload$1(SimplePreparableReloadListener.java:19) ~[neoforge-21.1.193.jar%23195!/:?]
	at java.base/java.util.concurrent.CompletableFuture$UniAccept.tryFire(CompletableFuture.java:718) ~[?:?]
	at java.base/java.util.concurrent.CompletableFuture$Completion.run(CompletableFuture.java:482) ~[?:?]
	at TRANSFORMER/minecraft@1.21.1/net.minecraft.server.packs.resources.SimpleReloadInstance.lambda$new$3(SimpleReloadInstance.java:86) ~[neoforge-21.1.193.jar%23195!/:?]
	at TRANSFORMER/minecraft@1.21.1/net.minecraft.util.thread.BlockableEventLoop.doRunTask(BlockableEventLoop.java:151) ~[neoforge-21.1.193.jar%23195!/:?]
	at TRANSFORMER/minecraft@1.21.1/net.minecraft.util.thread.ReentrantBlockableEventLoop.doRunTask(ReentrantBlockableEventLoop.java:24) ~[neoforge-21.1.193.jar%23195!/:?]
	at TRANSFORMER/minecraft@1.21.1/net.minecraft.util.thread.BlockableEventLoop.pollTask(BlockableEventLoop.java:122) ~[neoforge-21.1.193.jar%23195!/:?]
	at TRANSFORMER/minecraft@1.21.1/net.minecraft.util.thread.BlockableEventLoop.managedBlock(BlockableEventLoop.java:135) ~[neoforge-21.1.193.jar%23195!/:?]
	at TRANSFORMER/minecraft@1.21.1/net.minecraft.client.gui.screens.worldselection.WorldOpenFlows.loadWorldDataBlocking(WorldOpenFlows.java:201) ~[neoforge-21.1.193.jar%23195!/:?]
	at TRANSFORMER/minecraft@1.21.1/net.minecraft.client.gui.screens.worldselection.WorldOpenFlows.loadWorldStem(WorldOpenFlows.java:142) ~[neoforge-21.1.193.jar%23195!/:?]
	at TRANSFORMER/minecraft@1.21.1/net.minecraft.client.gui.screens.worldselection.WorldOpenFlows.openWorldLoadLevelStem(WorldOpenFlows.java:345) ~[neoforge-21.1.193.jar%23195!/:?]
	at TRANSFORMER/minecraft@1.21.1/net.minecraft.client.gui.screens.worldselection.WorldOpenFlows.openWorldCheckVersionCompatibility(WorldOpenFlows.java:334) ~[neoforge-21.1.193.jar%23195!/:?]
	at TRANSFORMER/minecraft@1.21.1/net.minecraft.client.gui.screens.worldselection.WorldOpenFlows.openWorldLoadLevelData(WorldOpenFlows.java:296) ~[neoforge-21.1.193.jar%23195!/:?]
	at TRANSFORMER/minecraft@1.21.1/net.minecraft.client.gui.screens.worldselection.WorldOpenFlows.openWorld(WorldOpenFlows.java:261) ~[neoforge-21.1.193.jar%23195!/:?]
	at TRANSFORMER/minecraft@1.21.1/net.minecraft.client.gui.screens.worldselection.WorldSelectionList$WorldListEntry.joinWorld(WorldSelectionList.java:516) ~[neoforge-21.1.193.jar%23195!/:?]
	at TRANSFORMER/minecraft@1.21.1/net.minecraft.client.gui.screens.worldselection.WorldSelectionList$WorldListEntry.mouseClicked(WorldSelectionList.java:499) ~[neoforge-21.1.193.jar%23195!/:?]
	at TRANSFORMER/minecraft@1.21.1/net.minecraft.client.gui.components.AbstractSelectionList.mouseClicked(AbstractSelectionList.java:303) ~[neoforge-21.1.193.jar%23195!/:?]
	at TRANSFORMER/minecraft@1.21.1/net.minecraft.client.gui.components.events.ContainerEventHandler.mouseClicked(ContainerEventHandler.java:52) ~[neoforge-21.1.193.jar%23195!/:?]
	at TRANSFORMER/minecraft@1.21.1/net.minecraft.client.MouseHandler.lambda$onPress$0(MouseHandler.java:103) ~[neoforge-21.1.193.jar%23195!/:?]
	at TRANSFORMER/minecraft@1.21.1/net.minecraft.client.gui.screens.Screen.wrapScreenError(Screen.java:471) ~[neoforge-21.1.193.jar%23195!/:?]
	at TRANSFORMER/minecraft@1.21.1/net.minecraft.client.MouseHandler.onPress(MouseHandler.java:100) ~[neoforge-21.1.193.jar%23195!/:?]
	at TRANSFORMER/minecraft@1.21.1/net.minecraft.client.MouseHandler.lambda$setup$4(MouseHandler.java:212) ~[neoforge-21.1.193.jar%23195!/:?]
	at TRANSFORMER/minecraft@1.21.1/net.minecraft.util.thread.BlockableEventLoop.execute(BlockableEventLoop.java:98) ~[neoforge-21.1.193.jar%23195!/:?]
	at TRANSFORMER/minecraft@1.21.1/net.minecraft.client.MouseHandler.lambda$setup$5(MouseHandler.java:212) ~[neoforge-21.1.193.jar%23195!/:?]
	at MC-BOOTSTRAP/org.lwjgl.glfw@3.3.3+5/org.lwjgl.glfw.GLFWMouseButtonCallbackI.callback(GLFWMouseButtonCallbackI.java:43) ~[lwjgl-glfw-3.3.3.jar%23177!/:build 5]
	at MC-BOOTSTRAP/org.lwjgl@3.3.3+5/org.lwjgl.system.JNI.invokeV(Native Method) ~[lwjgl-3.3.3.jar%23188!/:build 5]
	at MC-BOOTSTRAP/org.lwjgl.glfw@3.3.3+5/org.lwjgl.glfw.GLFW.glfwWaitEventsTimeout(GLFW.java:3509) ~[lwjgl-glfw-3.3.3.jar%23177!/:build 5]
	at TRANSFORMER/minecraft@1.21.1/com.mojang.blaze3d.systems.RenderSystem.limitDisplayFPS(RenderSystem.java:162) ~[neoforge-21.1.193.jar%23195!/:?]
	at TRANSFORMER/minecraft@1.21.1/net.minecraft.client.Minecraft.runTick(Minecraft.java:1226) ~[neoforge-21.1.193.jar%23195!/:?]
	at TRANSFORMER/minecraft@1.21.1/net.minecraft.client.Minecraft.run(Minecraft.java:813) ~[neoforge-21.1.193.jar%23195!/:?]
	at TRANSFORMER/minecraft@1.21.1/net.minecraft.client.main.Main.main(Main.java:230) ~[neoforge-21.1.193.jar%23195!/:?]
	at java.base/jdk.internal.reflect.DirectMethodHandleAccessor.invoke(DirectMethodHandleAccessor.java:103) ~[?:?]
	at java.base/java.lang.reflect.Method.invoke(Method.java:580) ~[?:?]
	at MC-BOOTSTRAP/fml_loader@4.0.41/net.neoforged.fml.loading.targets.CommonLaunchHandler.runTarget(CommonLaunchHandler.java:136) ~[loader-4.0.41.jar%23150!/:4.0]
	at MC-BOOTSTRAP/fml_loader@4.0.41/net.neoforged.fml.loading.targets.CommonLaunchHandler.clientService(CommonLaunchHandler.java:124) ~[loader-4.0.41.jar%23150!/:4.0]
	at MC-BOOTSTRAP/fml_loader@4.0.41/net.neoforged.fml.loading.targets.NeoForgeClientDevLaunchHandler.runService(NeoForgeClientDevLaunchHandler.java:23) ~[loader-4.0.41.jar%23150!/:4.0]
	at MC-BOOTSTRAP/fml_loader@4.0.41/net.neoforged.fml.loading.targets.CommonLaunchHandler.lambda$launchService$4(CommonLaunchHandler.java:118) ~[loader-4.0.41.jar%23150!/:4.0]
	at MC-BOOTSTRAP/cpw.mods.modlauncher@11.0.5/cpw.mods.modlauncher.LaunchServiceHandlerDecorator.launch(LaunchServiceHandlerDecorator.java:30) [modlauncher-11.0.5.jar%23132!/:?]
	at MC-BOOTSTRAP/cpw.mods.modlauncher@11.0.5/cpw.mods.modlauncher.LaunchServiceHandler.launch(LaunchServiceHandler.java:53) [modlauncher-11.0.5.jar%23132!/:?]
	at MC-BOOTSTRAP/cpw.mods.modlauncher@11.0.5/cpw.mods.modlauncher.LaunchServiceHandler.launch(LaunchServiceHandler.java:71) [modlauncher-11.0.5.jar%23132!/:?]
	at MC-BOOTSTRAP/cpw.mods.modlauncher@11.0.5/cpw.mods.modlauncher.Launcher.run(Launcher.java:103) [modlauncher-11.0.5.jar%23132!/:?]
	at MC-BOOTSTRAP/cpw.mods.modlauncher@11.0.5/cpw.mods.modlauncher.Launcher.main(Launcher.java:74) [modlauncher-11.0.5.jar%23132!/:?]
	at MC-BOOTSTRAP/cpw.mods.modlauncher@11.0.5/cpw.mods.modlauncher.BootstrapLaunchConsumer.accept(BootstrapLaunchConsumer.java:26) [modlauncher-11.0.5.jar%23132!/:?]
	at MC-BOOTSTRAP/cpw.mods.modlauncher@11.0.5/cpw.mods.modlauncher.BootstrapLaunchConsumer.accept(BootstrapLaunchConsumer.java:23) [modlauncher-11.0.5.jar%23132!/:?]
	at cpw.mods.bootstraplauncher@2.0.2/cpw.mods.bootstraplauncher.BootstrapLauncher.run(BootstrapLauncher.java:210) [bootstraplauncher-2.0.2.jar:?]
	at cpw.mods.bootstraplauncher@2.0.2/cpw.mods.bootstraplauncher.BootstrapLauncher.main(BootstrapLauncher.java:69) [bootstraplauncher-2.0.2.jar:?]
[30Aug2025 03:51:34.262] [Render thread/ERROR] [net.minecraft.world.item.crafting.RecipeManager/]: Parsing error loading recipe createdeco:pressing/coins/brass_coin
com.google.gson.JsonParseException: Failed to parse either. First: No key amount in MapLike[{"item":"createdeco:brass_coin"}]; No key id in MapLike[{"item":"createdeco:brass_coin"}]; Second: Failed to parse either. First: No key id in MapLike[{"item":"createdeco:brass_coin"}]; Second: Failed to parse either. First: Not a JSON object: "createdeco:brass_coin"; Second: Compat cannot be deserialized
	at MC-BOOTSTRAP/datafixerupper@8.0.16/com.mojang.serialization.DataResult$Error.getOrThrow(DataResult.java:287) ~[datafixerupper-8.0.16.jar%23125!/:?]
	at TRANSFORMER/minecraft@1.21.1/net.minecraft.world.item.crafting.RecipeManager.apply(RecipeManager.java:60) ~[neoforge-21.1.193.jar%23195!/:?]
	at TRANSFORMER/minecraft@1.21.1/net.minecraft.world.item.crafting.RecipeManager.apply(RecipeManager.java:36) ~[neoforge-21.1.193.jar%23195!/:?]
	at TRANSFORMER/minecraft@1.21.1/net.minecraft.server.packs.resources.SimplePreparableReloadListener.lambda$reload$1(SimplePreparableReloadListener.java:19) ~[neoforge-21.1.193.jar%23195!/:?]
	at java.base/java.util.concurrent.CompletableFuture$UniAccept.tryFire(CompletableFuture.java:718) ~[?:?]
	at java.base/java.util.concurrent.CompletableFuture$Completion.run(CompletableFuture.java:482) ~[?:?]
	at TRANSFORMER/minecraft@1.21.1/net.minecraft.server.packs.resources.SimpleReloadInstance.lambda$new$3(SimpleReloadInstance.java:86) ~[neoforge-21.1.193.jar%23195!/:?]
	at TRANSFORMER/minecraft@1.21.1/net.minecraft.util.thread.BlockableEventLoop.doRunTask(BlockableEventLoop.java:151) ~[neoforge-21.1.193.jar%23195!/:?]
	at TRANSFORMER/minecraft@1.21.1/net.minecraft.util.thread.ReentrantBlockableEventLoop.doRunTask(ReentrantBlockableEventLoop.java:24) ~[neoforge-21.1.193.jar%23195!/:?]
	at TRANSFORMER/minecraft@1.21.1/net.minecraft.util.thread.BlockableEventLoop.pollTask(BlockableEventLoop.java:122) ~[neoforge-21.1.193.jar%23195!/:?]
	at TRANSFORMER/minecraft@1.21.1/net.minecraft.util.thread.BlockableEventLoop.managedBlock(BlockableEventLoop.java:135) ~[neoforge-21.1.193.jar%23195!/:?]
	at TRANSFORMER/minecraft@1.21.1/net.minecraft.client.gui.screens.worldselection.WorldOpenFlows.loadWorldDataBlocking(WorldOpenFlows.java:201) ~[neoforge-21.1.193.jar%23195!/:?]
	at TRANSFORMER/minecraft@1.21.1/net.minecraft.client.gui.screens.worldselection.WorldOpenFlows.loadWorldStem(WorldOpenFlows.java:142) ~[neoforge-21.1.193.jar%23195!/:?]
	at TRANSFORMER/minecraft@1.21.1/net.minecraft.client.gui.screens.worldselection.WorldOpenFlows.openWorldLoadLevelStem(WorldOpenFlows.java:345) ~[neoforge-21.1.193.jar%23195!/:?]
	at TRANSFORMER/minecraft@1.21.1/net.minecraft.client.gui.screens.worldselection.WorldOpenFlows.openWorldCheckVersionCompatibility(WorldOpenFlows.java:334) ~[neoforge-21.1.193.jar%23195!/:?]
	at TRANSFORMER/minecraft@1.21.1/net.minecraft.client.gui.screens.worldselection.WorldOpenFlows.openWorldLoadLevelData(WorldOpenFlows.java:296) ~[neoforge-21.1.193.jar%23195!/:?]
	at TRANSFORMER/minecraft@1.21.1/net.minecraft.client.gui.screens.worldselection.WorldOpenFlows.openWorld(WorldOpenFlows.java:261) ~[neoforge-21.1.193.jar%23195!/:?]
	at TRANSFORMER/minecraft@1.21.1/net.minecraft.client.gui.screens.worldselection.WorldSelectionList$WorldListEntry.joinWorld(WorldSelectionList.java:516) ~[neoforge-21.1.193.jar%23195!/:?]
	at TRANSFORMER/minecraft@1.21.1/net.minecraft.client.gui.screens.worldselection.WorldSelectionList$WorldListEntry.mouseClicked(WorldSelectionList.java:499) ~[neoforge-21.1.193.jar%23195!/:?]
	at TRANSFORMER/minecraft@1.21.1/net.minecraft.client.gui.components.AbstractSelectionList.mouseClicked(AbstractSelectionList.java:303) ~[neoforge-21.1.193.jar%23195!/:?]
	at TRANSFORMER/minecraft@1.21.1/net.minecraft.client.gui.components.events.ContainerEventHandler.mouseClicked(ContainerEventHandler.java:52) ~[neoforge-21.1.193.jar%23195!/:?]
	at TRANSFORMER/minecraft@1.21.1/net.minecraft.client.MouseHandler.lambda$onPress$0(MouseHandler.java:103) ~[neoforge-21.1.193.jar%23195!/:?]
	at TRANSFORMER/minecraft@1.21.1/net.minecraft.client.gui.screens.Screen.wrapScreenError(Screen.java:471) ~[neoforge-21.1.193.jar%23195!/:?]
	at TRANSFORMER/minecraft@1.21.1/net.minecraft.client.MouseHandler.onPress(MouseHandler.java:100) ~[neoforge-21.1.193.jar%23195!/:?]
	at TRANSFORMER/minecraft@1.21.1/net.minecraft.client.MouseHandler.lambda$setup$4(MouseHandler.java:212) ~[neoforge-21.1.193.jar%23195!/:?]
	at TRANSFORMER/minecraft@1.21.1/net.minecraft.util.thread.BlockableEventLoop.execute(BlockableEventLoop.java:98) ~[neoforge-21.1.193.jar%23195!/:?]
	at TRANSFORMER/minecraft@1.21.1/net.minecraft.client.MouseHandler.lambda$setup$5(MouseHandler.java:212) ~[neoforge-21.1.193.jar%23195!/:?]
	at MC-BOOTSTRAP/org.lwjgl.glfw@3.3.3+5/org.lwjgl.glfw.GLFWMouseButtonCallbackI.callback(GLFWMouseButtonCallbackI.java:43) ~[lwjgl-glfw-3.3.3.jar%23177!/:build 5]
	at MC-BOOTSTRAP/org.lwjgl@3.3.3+5/org.lwjgl.system.JNI.invokeV(Native Method) ~[lwjgl-3.3.3.jar%23188!/:build 5]
	at MC-BOOTSTRAP/org.lwjgl.glfw@3.3.3+5/org.lwjgl.glfw.GLFW.glfwWaitEventsTimeout(GLFW.java:3509) ~[lwjgl-glfw-3.3.3.jar%23177!/:build 5]
	at TRANSFORMER/minecraft@1.21.1/com.mojang.blaze3d.systems.RenderSystem.limitDisplayFPS(RenderSystem.java:162) ~[neoforge-21.1.193.jar%23195!/:?]
	at TRANSFORMER/minecraft@1.21.1/net.minecraft.client.Minecraft.runTick(Minecraft.java:1226) ~[neoforge-21.1.193.jar%23195!/:?]
	at TRANSFORMER/minecraft@1.21.1/net.minecraft.client.Minecraft.run(Minecraft.java:813) ~[neoforge-21.1.193.jar%23195!/:?]
	at TRANSFORMER/minecraft@1.21.1/net.minecraft.client.main.Main.main(Main.java:230) ~[neoforge-21.1.193.jar%23195!/:?]
	at java.base/jdk.internal.reflect.DirectMethodHandleAccessor.invoke(DirectMethodHandleAccessor.java:103) ~[?:?]
	at java.base/java.lang.reflect.Method.invoke(Method.java:580) ~[?:?]
	at MC-BOOTSTRAP/fml_loader@4.0.41/net.neoforged.fml.loading.targets.CommonLaunchHandler.runTarget(CommonLaunchHandler.java:136) ~[loader-4.0.41.jar%23150!/:4.0]
	at MC-BOOTSTRAP/fml_loader@4.0.41/net.neoforged.fml.loading.targets.CommonLaunchHandler.clientService(CommonLaunchHandler.java:124) ~[loader-4.0.41.jar%23150!/:4.0]
	at MC-BOOTSTRAP/fml_loader@4.0.41/net.neoforged.fml.loading.targets.NeoForgeClientDevLaunchHandler.runService(NeoForgeClientDevLaunchHandler.java:23) ~[loader-4.0.41.jar%23150!/:4.0]
	at MC-BOOTSTRAP/fml_loader@4.0.41/net.neoforged.fml.loading.targets.CommonLaunchHandler.lambda$launchService$4(CommonLaunchHandler.java:118) ~[loader-4.0.41.jar%23150!/:4.0]
	at MC-BOOTSTRAP/cpw.mods.modlauncher@11.0.5/cpw.mods.modlauncher.LaunchServiceHandlerDecorator.launch(LaunchServiceHandlerDecorator.java:30) [modlauncher-11.0.5.jar%23132!/:?]
	at MC-BOOTSTRAP/cpw.mods.modlauncher@11.0.5/cpw.mods.modlauncher.LaunchServiceHandler.launch(LaunchServiceHandler.java:53) [modlauncher-11.0.5.jar%23132!/:?]
	at MC-BOOTSTRAP/cpw.mods.modlauncher@11.0.5/cpw.mods.modlauncher.LaunchServiceHandler.launch(LaunchServiceHandler.java:71) [modlauncher-11.0.5.jar%23132!/:?]
	at MC-BOOTSTRAP/cpw.mods.modlauncher@11.0.5/cpw.mods.modlauncher.Launcher.run(Launcher.java:103) [modlauncher-11.0.5.jar%23132!/:?]
	at MC-BOOTSTRAP/cpw.mods.modlauncher@11.0.5/cpw.mods.modlauncher.Launcher.main(Launcher.java:74) [modlauncher-11.0.5.jar%23132!/:?]
	at MC-BOOTSTRAP/cpw.mods.modlauncher@11.0.5/cpw.mods.modlauncher.BootstrapLaunchConsumer.accept(BootstrapLaunchConsumer.java:26) [modlauncher-11.0.5.jar%23132!/:?]
	at MC-BOOTSTRAP/cpw.mods.modlauncher@11.0.5/cpw.mods.modlauncher.BootstrapLaunchConsumer.accept(BootstrapLaunchConsumer.java:23) [modlauncher-11.0.5.jar%23132!/:?]
	at cpw.mods.bootstraplauncher@2.0.2/cpw.mods.bootstraplauncher.BootstrapLauncher.run(BootstrapLauncher.java:210) [bootstraplauncher-2.0.2.jar:?]
	at cpw.mods.bootstraplauncher@2.0.2/cpw.mods.bootstraplauncher.BootstrapLauncher.main(BootstrapLauncher.java:69) [bootstraplauncher-2.0.2.jar:?]
[30Aug2025 03:51:34.269] [Render thread/ERROR] [net.minecraft.world.item.crafting.RecipeManager/]: Parsing error loading recipe createdeco:pressing/coins/iron_coin
com.google.gson.JsonParseException: Failed to parse either. First: No key amount in MapLike[{"item":"createdeco:iron_coin"}]; No key id in MapLike[{"item":"createdeco:iron_coin"}]; Second: Failed to parse either. First: No key id in MapLike[{"item":"createdeco:iron_coin"}]; Second: Failed to parse either. First: Not a JSON object: "createdeco:iron_coin"; Second: Compat cannot be deserialized
	at MC-BOOTSTRAP/datafixerupper@8.0.16/com.mojang.serialization.DataResult$Error.getOrThrow(DataResult.java:287) ~[datafixerupper-8.0.16.jar%23125!/:?]
	at TRANSFORMER/minecraft@1.21.1/net.minecraft.world.item.crafting.RecipeManager.apply(RecipeManager.java:60) ~[neoforge-21.1.193.jar%23195!/:?]
	at TRANSFORMER/minecraft@1.21.1/net.minecraft.world.item.crafting.RecipeManager.apply(RecipeManager.java:36) ~[neoforge-21.1.193.jar%23195!/:?]
	at TRANSFORMER/minecraft@1.21.1/net.minecraft.server.packs.resources.SimplePreparableReloadListener.lambda$reload$1(SimplePreparableReloadListener.java:19) ~[neoforge-21.1.193.jar%23195!/:?]
	at java.base/java.util.concurrent.CompletableFuture$UniAccept.tryFire(CompletableFuture.java:718) ~[?:?]
	at java.base/java.util.concurrent.CompletableFuture$Completion.run(CompletableFuture.java:482) ~[?:?]
	at TRANSFORMER/minecraft@1.21.1/net.minecraft.server.packs.resources.SimpleReloadInstance.lambda$new$3(SimpleReloadInstance.java:86) ~[neoforge-21.1.193.jar%23195!/:?]
	at TRANSFORMER/minecraft@1.21.1/net.minecraft.util.thread.BlockableEventLoop.doRunTask(BlockableEventLoop.java:151) ~[neoforge-21.1.193.jar%23195!/:?]
	at TRANSFORMER/minecraft@1.21.1/net.minecraft.util.thread.ReentrantBlockableEventLoop.doRunTask(ReentrantBlockableEventLoop.java:24) ~[neoforge-21.1.193.jar%23195!/:?]
	at TRANSFORMER/minecraft@1.21.1/net.minecraft.util.thread.BlockableEventLoop.pollTask(BlockableEventLoop.java:122) ~[neoforge-21.1.193.jar%23195!/:?]
	at TRANSFORMER/minecraft@1.21.1/net.minecraft.util.thread.BlockableEventLoop.managedBlock(BlockableEventLoop.java:135) ~[neoforge-21.1.193.jar%23195!/:?]
	at TRANSFORMER/minecraft@1.21.1/net.minecraft.client.gui.screens.worldselection.WorldOpenFlows.loadWorldDataBlocking(WorldOpenFlows.java:201) ~[neoforge-21.1.193.jar%23195!/:?]
	at TRANSFORMER/minecraft@1.21.1/net.minecraft.client.gui.screens.worldselection.WorldOpenFlows.loadWorldStem(WorldOpenFlows.java:142) ~[neoforge-21.1.193.jar%23195!/:?]
	at TRANSFORMER/minecraft@1.21.1/net.minecraft.client.gui.screens.worldselection.WorldOpenFlows.openWorldLoadLevelStem(WorldOpenFlows.java:345) ~[neoforge-21.1.193.jar%23195!/:?]
	at TRANSFORMER/minecraft@1.21.1/net.minecraft.client.gui.screens.worldselection.WorldOpenFlows.openWorldCheckVersionCompatibility(WorldOpenFlows.java:334) ~[neoforge-21.1.193.jar%23195!/:?]
	at TRANSFORMER/minecraft@1.21.1/net.minecraft.client.gui.screens.worldselection.WorldOpenFlows.openWorldLoadLevelData(WorldOpenFlows.java:296) ~[neoforge-21.1.193.jar%23195!/:?]
	at TRANSFORMER/minecraft@1.21.1/net.minecraft.client.gui.screens.worldselection.WorldOpenFlows.openWorld(WorldOpenFlows.java:261) ~[neoforge-21.1.193.jar%23195!/:?]
	at TRANSFORMER/minecraft@1.21.1/net.minecraft.client.gui.screens.worldselection.WorldSelectionList$WorldListEntry.joinWorld(WorldSelectionList.java:516) ~[neoforge-21.1.193.jar%23195!/:?]
	at TRANSFORMER/minecraft@1.21.1/net.minecraft.client.gui.screens.worldselection.WorldSelectionList$WorldListEntry.mouseClicked(WorldSelectionList.java:499) ~[neoforge-21.1.193.jar%23195!/:?]
	at TRANSFORMER/minecraft@1.21.1/net.minecraft.client.gui.components.AbstractSelectionList.mouseClicked(AbstractSelectionList.java:303) ~[neoforge-21.1.193.jar%23195!/:?]
	at TRANSFORMER/minecraft@1.21.1/net.minecraft.client.gui.components.events.ContainerEventHandler.mouseClicked(ContainerEventHandler.java:52) ~[neoforge-21.1.193.jar%23195!/:?]
	at TRANSFORMER/minecraft@1.21.1/net.minecraft.client.MouseHandler.lambda$onPress$0(MouseHandler.java:103) ~[neoforge-21.1.193.jar%23195!/:?]
	at TRANSFORMER/minecraft@1.21.1/net.minecraft.client.gui.screens.Screen.wrapScreenError(Screen.java:471) ~[neoforge-21.1.193.jar%23195!/:?]
	at TRANSFORMER/minecraft@1.21.1/net.minecraft.client.MouseHandler.onPress(MouseHandler.java:100) ~[neoforge-21.1.193.jar%23195!/:?]
	at TRANSFORMER/minecraft@1.21.1/net.minecraft.client.MouseHandler.lambda$setup$4(MouseHandler.java:212) ~[neoforge-21.1.193.jar%23195!/:?]
	at TRANSFORMER/minecraft@1.21.1/net.minecraft.util.thread.BlockableEventLoop.execute(BlockableEventLoop.java:98) ~[neoforge-21.1.193.jar%23195!/:?]
	at TRANSFORMER/minecraft@1.21.1/net.minecraft.client.MouseHandler.lambda$setup$5(MouseHandler.java:212) ~[neoforge-21.1.193.jar%23195!/:?]
	at MC-BOOTSTRAP/org.lwjgl.glfw@3.3.3+5/org.lwjgl.glfw.GLFWMouseButtonCallbackI.callback(GLFWMouseButtonCallbackI.java:43) ~[lwjgl-glfw-3.3.3.jar%23177!/:build 5]
	at MC-BOOTSTRAP/org.lwjgl@3.3.3+5/org.lwjgl.system.JNI.invokeV(Native Method) ~[lwjgl-3.3.3.jar%23188!/:build 5]
	at MC-BOOTSTRAP/org.lwjgl.glfw@3.3.3+5/org.lwjgl.glfw.GLFW.glfwWaitEventsTimeout(GLFW.java:3509) ~[lwjgl-glfw-3.3.3.jar%23177!/:build 5]
	at TRANSFORMER/minecraft@1.21.1/com.mojang.blaze3d.systems.RenderSystem.limitDisplayFPS(RenderSystem.java:162) ~[neoforge-21.1.193.jar%23195!/:?]
	at TRANSFORMER/minecraft@1.21.1/net.minecraft.client.Minecraft.runTick(Minecraft.java:1226) ~[neoforge-21.1.193.jar%23195!/:?]
	at TRANSFORMER/minecraft@1.21.1/net.minecraft.client.Minecraft.run(Minecraft.java:813) ~[neoforge-21.1.193.jar%23195!/:?]
	at TRANSFORMER/minecraft@1.21.1/net.minecraft.client.main.Main.main(Main.java:230) ~[neoforge-21.1.193.jar%23195!/:?]
	at java.base/jdk.internal.reflect.DirectMethodHandleAccessor.invoke(DirectMethodHandleAccessor.java:103) ~[?:?]
	at java.base/java.lang.reflect.Method.invoke(Method.java:580) ~[?:?]
	at MC-BOOTSTRAP/fml_loader@4.0.41/net.neoforged.fml.loading.targets.CommonLaunchHandler.runTarget(CommonLaunchHandler.java:136) ~[loader-4.0.41.jar%23150!/:4.0]
	at MC-BOOTSTRAP/fml_loader@4.0.41/net.neoforged.fml.loading.targets.CommonLaunchHandler.clientService(CommonLaunchHandler.java:124) ~[loader-4.0.41.jar%23150!/:4.0]
	at MC-BOOTSTRAP/fml_loader@4.0.41/net.neoforged.fml.loading.targets.NeoForgeClientDevLaunchHandler.runService(NeoForgeClientDevLaunchHandler.java:23) ~[loader-4.0.41.jar%23150!/:4.0]
	at MC-BOOTSTRAP/fml_loader@4.0.41/net.neoforged.fml.loading.targets.CommonLaunchHandler.lambda$launchService$4(CommonLaunchHandler.java:118) ~[loader-4.0.41.jar%23150!/:4.0]
	at MC-BOOTSTRAP/cpw.mods.modlauncher@11.0.5/cpw.mods.modlauncher.LaunchServiceHandlerDecorator.launch(LaunchServiceHandlerDecorator.java:30) [modlauncher-11.0.5.jar%23132!/:?]
	at MC-BOOTSTRAP/cpw.mods.modlauncher@11.0.5/cpw.mods.modlauncher.LaunchServiceHandler.launch(LaunchServiceHandler.java:53) [modlauncher-11.0.5.jar%23132!/:?]
	at MC-BOOTSTRAP/cpw.mods.modlauncher@11.0.5/cpw.mods.modlauncher.LaunchServiceHandler.launch(LaunchServiceHandler.java:71) [modlauncher-11.0.5.jar%23132!/:?]
	at MC-BOOTSTRAP/cpw.mods.modlauncher@11.0.5/cpw.mods.modlauncher.Launcher.run(Launcher.java:103) [modlauncher-11.0.5.jar%23132!/:?]
	at MC-BOOTSTRAP/cpw.mods.modlauncher@11.0.5/cpw.mods.modlauncher.Launcher.main(Launcher.java:74) [modlauncher-11.0.5.jar%23132!/:?]
	at MC-BOOTSTRAP/cpw.mods.modlauncher@11.0.5/cpw.mods.modlauncher.BootstrapLaunchConsumer.accept(BootstrapLaunchConsumer.java:26) [modlauncher-11.0.5.jar%23132!/:?]
	at MC-BOOTSTRAP/cpw.mods.modlauncher@11.0.5/cpw.mods.modlauncher.BootstrapLaunchConsumer.accept(BootstrapLaunchConsumer.java:23) [modlauncher-11.0.5.jar%23132!/:?]
	at cpw.mods.bootstraplauncher@2.0.2/cpw.mods.bootstraplauncher.BootstrapLauncher.run(BootstrapLauncher.java:210) [bootstraplauncher-2.0.2.jar:?]
	at cpw.mods.bootstraplauncher@2.0.2/cpw.mods.bootstraplauncher.BootstrapLauncher.main(BootstrapLauncher.java:69) [bootstraplauncher-2.0.2.jar:?]
[30Aug2025 03:51:34.277] [Render thread/ERROR] [net.minecraft.world.item.crafting.RecipeManager/]: Parsing error loading recipe createdeco:pressing/coins/copper_coin
com.google.gson.JsonParseException: Failed to parse either. First: No key amount in MapLike[{"item":"createdeco:copper_coin"}]; No key id in MapLike[{"item":"createdeco:copper_coin"}]; Second: Failed to parse either. First: No key id in MapLike[{"item":"createdeco:copper_coin"}]; Second: Failed to parse either. First: Not a JSON object: "createdeco:copper_coin"; Second: Compat cannot be deserialized
	at MC-BOOTSTRAP/datafixerupper@8.0.16/com.mojang.serialization.DataResult$Error.getOrThrow(DataResult.java:287) ~[datafixerupper-8.0.16.jar%23125!/:?]
	at TRANSFORMER/minecraft@1.21.1/net.minecraft.world.item.crafting.RecipeManager.apply(RecipeManager.java:60) ~[neoforge-21.1.193.jar%23195!/:?]
	at TRANSFORMER/minecraft@1.21.1/net.minecraft.world.item.crafting.RecipeManager.apply(RecipeManager.java:36) ~[neoforge-21.1.193.jar%23195!/:?]
	at TRANSFORMER/minecraft@1.21.1/net.minecraft.server.packs.resources.SimplePreparableReloadListener.lambda$reload$1(SimplePreparableReloadListener.java:19) ~[neoforge-21.1.193.jar%23195!/:?]
	at java.base/java.util.concurrent.CompletableFuture$UniAccept.tryFire(CompletableFuture.java:718) ~[?:?]
	at java.base/java.util.concurrent.CompletableFuture$Completion.run(CompletableFuture.java:482) ~[?:?]
	at TRANSFORMER/minecraft@1.21.1/net.minecraft.server.packs.resources.SimpleReloadInstance.lambda$new$3(SimpleReloadInstance.java:86) ~[neoforge-21.1.193.jar%23195!/:?]
	at TRANSFORMER/minecraft@1.21.1/net.minecraft.util.thread.BlockableEventLoop.doRunTask(BlockableEventLoop.java:151) ~[neoforge-21.1.193.jar%23195!/:?]
	at TRANSFORMER/minecraft@1.21.1/net.minecraft.util.thread.ReentrantBlockableEventLoop.doRunTask(ReentrantBlockableEventLoop.java:24) ~[neoforge-21.1.193.jar%23195!/:?]
	at TRANSFORMER/minecraft@1.21.1/net.minecraft.util.thread.BlockableEventLoop.pollTask(BlockableEventLoop.java:122) ~[neoforge-21.1.193.jar%23195!/:?]
	at TRANSFORMER/minecraft@1.21.1/net.minecraft.util.thread.BlockableEventLoop.managedBlock(BlockableEventLoop.java:135) ~[neoforge-21.1.193.jar%23195!/:?]
	at TRANSFORMER/minecraft@1.21.1/net.minecraft.client.gui.screens.worldselection.WorldOpenFlows.loadWorldDataBlocking(WorldOpenFlows.java:201) ~[neoforge-21.1.193.jar%23195!/:?]
	at TRANSFORMER/minecraft@1.21.1/net.minecraft.client.gui.screens.worldselection.WorldOpenFlows.loadWorldStem(WorldOpenFlows.java:142) ~[neoforge-21.1.193.jar%23195!/:?]
	at TRANSFORMER/minecraft@1.21.1/net.minecraft.client.gui.screens.worldselection.WorldOpenFlows.openWorldLoadLevelStem(WorldOpenFlows.java:345) ~[neoforge-21.1.193.jar%23195!/:?]
	at TRANSFORMER/minecraft@1.21.1/net.minecraft.client.gui.screens.worldselection.WorldOpenFlows.openWorldCheckVersionCompatibility(WorldOpenFlows.java:334) ~[neoforge-21.1.193.jar%23195!/:?]
	at TRANSFORMER/minecraft@1.21.1/net.minecraft.client.gui.screens.worldselection.WorldOpenFlows.openWorldLoadLevelData(WorldOpenFlows.java:296) ~[neoforge-21.1.193.jar%23195!/:?]
	at TRANSFORMER/minecraft@1.21.1/net.minecraft.client.gui.screens.worldselection.WorldOpenFlows.openWorld(WorldOpenFlows.java:261) ~[neoforge-21.1.193.jar%23195!/:?]
	at TRANSFORMER/minecraft@1.21.1/net.minecraft.client.gui.screens.worldselection.WorldSelectionList$WorldListEntry.joinWorld(WorldSelectionList.java:516) ~[neoforge-21.1.193.jar%23195!/:?]
	at TRANSFORMER/minecraft@1.21.1/net.minecraft.client.gui.screens.worldselection.WorldSelectionList$WorldListEntry.mouseClicked(WorldSelectionList.java:499) ~[neoforge-21.1.193.jar%23195!/:?]
	at TRANSFORMER/minecraft@1.21.1/net.minecraft.client.gui.components.AbstractSelectionList.mouseClicked(AbstractSelectionList.java:303) ~[neoforge-21.1.193.jar%23195!/:?]
	at TRANSFORMER/minecraft@1.21.1/net.minecraft.client.gui.components.events.ContainerEventHandler.mouseClicked(ContainerEventHandler.java:52) ~[neoforge-21.1.193.jar%23195!/:?]
	at TRANSFORMER/minecraft@1.21.1/net.minecraft.client.MouseHandler.lambda$onPress$0(MouseHandler.java:103) ~[neoforge-21.1.193.jar%23195!/:?]
	at TRANSFORMER/minecraft@1.21.1/net.minecraft.client.gui.screens.Screen.wrapScreenError(Screen.java:471) ~[neoforge-21.1.193.jar%23195!/:?]
	at TRANSFORMER/minecraft@1.21.1/net.minecraft.client.MouseHandler.onPress(MouseHandler.java:100) ~[neoforge-21.1.193.jar%23195!/:?]
	at TRANSFORMER/minecraft@1.21.1/net.minecraft.client.MouseHandler.lambda$setup$4(MouseHandler.java:212) ~[neoforge-21.1.193.jar%23195!/:?]
	at TRANSFORMER/minecraft@1.21.1/net.minecraft.util.thread.BlockableEventLoop.execute(BlockableEventLoop.java:98) ~[neoforge-21.1.193.jar%23195!/:?]
	at TRANSFORMER/minecraft@1.21.1/net.minecraft.client.MouseHandler.lambda$setup$5(MouseHandler.java:212) ~[neoforge-21.1.193.jar%23195!/:?]
	at MC-BOOTSTRAP/org.lwjgl.glfw@3.3.3+5/org.lwjgl.glfw.GLFWMouseButtonCallbackI.callback(GLFWMouseButtonCallbackI.java:43) ~[lwjgl-glfw-3.3.3.jar%23177!/:build 5]
	at MC-BOOTSTRAP/org.lwjgl@3.3.3+5/org.lwjgl.system.JNI.invokeV(Native Method) ~[lwjgl-3.3.3.jar%23188!/:build 5]
	at MC-BOOTSTRAP/org.lwjgl.glfw@3.3.3+5/org.lwjgl.glfw.GLFW.glfwWaitEventsTimeout(GLFW.java:3509) ~[lwjgl-glfw-3.3.3.jar%23177!/:build 5]
	at TRANSFORMER/minecraft@1.21.1/com.mojang.blaze3d.systems.RenderSystem.limitDisplayFPS(RenderSystem.java:162) ~[neoforge-21.1.193.jar%23195!/:?]
	at TRANSFORMER/minecraft@1.21.1/net.minecraft.client.Minecraft.runTick(Minecraft.java:1226) ~[neoforge-21.1.193.jar%23195!/:?]
	at TRANSFORMER/minecraft@1.21.1/net.minecraft.client.Minecraft.run(Minecraft.java:813) ~[neoforge-21.1.193.jar%23195!/:?]
	at TRANSFORMER/minecraft@1.21.1/net.minecraft.client.main.Main.main(Main.java:230) ~[neoforge-21.1.193.jar%23195!/:?]
	at java.base/jdk.internal.reflect.DirectMethodHandleAccessor.invoke(DirectMethodHandleAccessor.java:103) ~[?:?]
	at java.base/java.lang.reflect.Method.invoke(Method.java:580) ~[?:?]
	at MC-BOOTSTRAP/fml_loader@4.0.41/net.neoforged.fml.loading.targets.CommonLaunchHandler.runTarget(CommonLaunchHandler.java:136) ~[loader-4.0.41.jar%23150!/:4.0]
	at MC-BOOTSTRAP/fml_loader@4.0.41/net.neoforged.fml.loading.targets.CommonLaunchHandler.clientService(CommonLaunchHandler.java:124) ~[loader-4.0.41.jar%23150!/:4.0]
	at MC-BOOTSTRAP/fml_loader@4.0.41/net.neoforged.fml.loading.targets.NeoForgeClientDevLaunchHandler.runService(NeoForgeClientDevLaunchHandler.java:23) ~[loader-4.0.41.jar%23150!/:4.0]
	at MC-BOOTSTRAP/fml_loader@4.0.41/net.neoforged.fml.loading.targets.CommonLaunchHandler.lambda$launchService$4(CommonLaunchHandler.java:118) ~[loader-4.0.41.jar%23150!/:4.0]
	at MC-BOOTSTRAP/cpw.mods.modlauncher@11.0.5/cpw.mods.modlauncher.LaunchServiceHandlerDecorator.launch(LaunchServiceHandlerDecorator.java:30) [modlauncher-11.0.5.jar%23132!/:?]
	at MC-BOOTSTRAP/cpw.mods.modlauncher@11.0.5/cpw.mods.modlauncher.LaunchServiceHandler.launch(LaunchServiceHandler.java:53) [modlauncher-11.0.5.jar%23132!/:?]
	at MC-BOOTSTRAP/cpw.mods.modlauncher@11.0.5/cpw.mods.modlauncher.LaunchServiceHandler.launch(LaunchServiceHandler.java:71) [modlauncher-11.0.5.jar%23132!/:?]
	at MC-BOOTSTRAP/cpw.mods.modlauncher@11.0.5/cpw.mods.modlauncher.Launcher.run(Launcher.java:103) [modlauncher-11.0.5.jar%23132!/:?]
	at MC-BOOTSTRAP/cpw.mods.modlauncher@11.0.5/cpw.mods.modlauncher.Launcher.main(Launcher.java:74) [modlauncher-11.0.5.jar%23132!/:?]
	at MC-BOOTSTRAP/cpw.mods.modlauncher@11.0.5/cpw.mods.modlauncher.BootstrapLaunchConsumer.accept(BootstrapLaunchConsumer.java:26) [modlauncher-11.0.5.jar%23132!/:?]
	at MC-BOOTSTRAP/cpw.mods.modlauncher@11.0.5/cpw.mods.modlauncher.BootstrapLaunchConsumer.accept(BootstrapLaunchConsumer.java:23) [modlauncher-11.0.5.jar%23132!/:?]
	at cpw.mods.bootstraplauncher@2.0.2/cpw.mods.bootstraplauncher.BootstrapLauncher.run(BootstrapLauncher.java:210) [bootstraplauncher-2.0.2.jar:?]
	at cpw.mods.bootstraplauncher@2.0.2/cpw.mods.bootstraplauncher.BootstrapLauncher.main(BootstrapLauncher.java:69) [bootstraplauncher-2.0.2.jar:?]
[30Aug2025 03:51:34.309] [Render thread/ERROR] [net.minecraft.world.item.crafting.RecipeManager/]: Parsing error loading recipe createdeco:pressing/industrial_iron_sheet
com.google.gson.JsonParseException: Failed to parse either. First: No key amount in MapLike[{"item":"createdeco:industrial_iron_sheet"}]; No key id in MapLike[{"item":"createdeco:industrial_iron_sheet"}]; Second: Failed to parse either. First: No key id in MapLike[{"item":"createdeco:industrial_iron_sheet"}]; Second: Failed to parse either. First: Not a JSON object: "createdeco:industrial_iron_sheet"; Second: Compat cannot be deserialized
	at MC-BOOTSTRAP/datafixerupper@8.0.16/com.mojang.serialization.DataResult$Error.getOrThrow(DataResult.java:287) ~[datafixerupper-8.0.16.jar%23125!/:?]
	at TRANSFORMER/minecraft@1.21.1/net.minecraft.world.item.crafting.RecipeManager.apply(RecipeManager.java:60) ~[neoforge-21.1.193.jar%23195!/:?]
	at TRANSFORMER/minecraft@1.21.1/net.minecraft.world.item.crafting.RecipeManager.apply(RecipeManager.java:36) ~[neoforge-21.1.193.jar%23195!/:?]
	at TRANSFORMER/minecraft@1.21.1/net.minecraft.server.packs.resources.SimplePreparableReloadListener.lambda$reload$1(SimplePreparableReloadListener.java:19) ~[neoforge-21.1.193.jar%23195!/:?]
	at java.base/java.util.concurrent.CompletableFuture$UniAccept.tryFire(CompletableFuture.java:718) ~[?:?]
	at java.base/java.util.concurrent.CompletableFuture$Completion.run(CompletableFuture.java:482) ~[?:?]
	at TRANSFORMER/minecraft@1.21.1/net.minecraft.server.packs.resources.SimpleReloadInstance.lambda$new$3(SimpleReloadInstance.java:86) ~[neoforge-21.1.193.jar%23195!/:?]
	at TRANSFORMER/minecraft@1.21.1/net.minecraft.util.thread.BlockableEventLoop.doRunTask(BlockableEventLoop.java:151) ~[neoforge-21.1.193.jar%23195!/:?]
	at TRANSFORMER/minecraft@1.21.1/net.minecraft.util.thread.ReentrantBlockableEventLoop.doRunTask(ReentrantBlockableEventLoop.java:24) ~[neoforge-21.1.193.jar%23195!/:?]
	at TRANSFORMER/minecraft@1.21.1/net.minecraft.util.thread.BlockableEventLoop.pollTask(BlockableEventLoop.java:122) ~[neoforge-21.1.193.jar%23195!/:?]
	at TRANSFORMER/minecraft@1.21.1/net.minecraft.util.thread.BlockableEventLoop.managedBlock(BlockableEventLoop.java:135) ~[neoforge-21.1.193.jar%23195!/:?]
	at TRANSFORMER/minecraft@1.21.1/net.minecraft.client.gui.screens.worldselection.WorldOpenFlows.loadWorldDataBlocking(WorldOpenFlows.java:201) ~[neoforge-21.1.193.jar%23195!/:?]
	at TRANSFORMER/minecraft@1.21.1/net.minecraft.client.gui.screens.worldselection.WorldOpenFlows.loadWorldStem(WorldOpenFlows.java:142) ~[neoforge-21.1.193.jar%23195!/:?]
	at TRANSFORMER/minecraft@1.21.1/net.minecraft.client.gui.screens.worldselection.WorldOpenFlows.openWorldLoadLevelStem(WorldOpenFlows.java:345) ~[neoforge-21.1.193.jar%23195!/:?]
	at TRANSFORMER/minecraft@1.21.1/net.minecraft.client.gui.screens.worldselection.WorldOpenFlows.openWorldCheckVersionCompatibility(WorldOpenFlows.java:334) ~[neoforge-21.1.193.jar%23195!/:?]
	at TRANSFORMER/minecraft@1.21.1/net.minecraft.client.gui.screens.worldselection.WorldOpenFlows.openWorldLoadLevelData(WorldOpenFlows.java:296) ~[neoforge-21.1.193.jar%23195!/:?]
	at TRANSFORMER/minecraft@1.21.1/net.minecraft.client.gui.screens.worldselection.WorldOpenFlows.openWorld(WorldOpenFlows.java:261) ~[neoforge-21.1.193.jar%23195!/:?]
	at TRANSFORMER/minecraft@1.21.1/net.minecraft.client.gui.screens.worldselection.WorldSelectionList$WorldListEntry.joinWorld(WorldSelectionList.java:516) ~[neoforge-21.1.193.jar%23195!/:?]
	at TRANSFORMER/minecraft@1.21.1/net.minecraft.client.gui.screens.worldselection.WorldSelectionList$WorldListEntry.mouseClicked(WorldSelectionList.java:499) ~[neoforge-21.1.193.jar%23195!/:?]
	at TRANSFORMER/minecraft@1.21.1/net.minecraft.client.gui.components.AbstractSelectionList.mouseClicked(AbstractSelectionList.java:303) ~[neoforge-21.1.193.jar%23195!/:?]
	at TRANSFORMER/minecraft@1.21.1/net.minecraft.client.gui.components.events.ContainerEventHandler.mouseClicked(ContainerEventHandler.java:52) ~[neoforge-21.1.193.jar%23195!/:?]
	at TRANSFORMER/minecraft@1.21.1/net.minecraft.client.MouseHandler.lambda$onPress$0(MouseHandler.java:103) ~[neoforge-21.1.193.jar%23195!/:?]
	at TRANSFORMER/minecraft@1.21.1/net.minecraft.client.gui.screens.Screen.wrapScreenError(Screen.java:471) ~[neoforge-21.1.193.jar%23195!/:?]
	at TRANSFORMER/minecraft@1.21.1/net.minecraft.client.MouseHandler.onPress(MouseHandler.java:100) ~[neoforge-21.1.193.jar%23195!/:?]
	at TRANSFORMER/minecraft@1.21.1/net.minecraft.client.MouseHandler.lambda$setup$4(MouseHandler.java:212) ~[neoforge-21.1.193.jar%23195!/:?]
	at TRANSFORMER/minecraft@1.21.1/net.minecraft.util.thread.BlockableEventLoop.execute(BlockableEventLoop.java:98) ~[neoforge-21.1.193.jar%23195!/:?]
	at TRANSFORMER/minecraft@1.21.1/net.minecraft.client.MouseHandler.lambda$setup$5(MouseHandler.java:212) ~[neoforge-21.1.193.jar%23195!/:?]
	at MC-BOOTSTRAP/org.lwjgl.glfw@3.3.3+5/org.lwjgl.glfw.GLFWMouseButtonCallbackI.callback(GLFWMouseButtonCallbackI.java:43) ~[lwjgl-glfw-3.3.3.jar%23177!/:build 5]
	at MC-BOOTSTRAP/org.lwjgl@3.3.3+5/org.lwjgl.system.JNI.invokeV(Native Method) ~[lwjgl-3.3.3.jar%23188!/:build 5]
	at MC-BOOTSTRAP/org.lwjgl.glfw@3.3.3+5/org.lwjgl.glfw.GLFW.glfwWaitEventsTimeout(GLFW.java:3509) ~[lwjgl-glfw-3.3.3.jar%23177!/:build 5]
	at TRANSFORMER/minecraft@1.21.1/com.mojang.blaze3d.systems.RenderSystem.limitDisplayFPS(RenderSystem.java:162) ~[neoforge-21.1.193.jar%23195!/:?]
	at TRANSFORMER/minecraft@1.21.1/net.minecraft.client.Minecraft.runTick(Minecraft.java:1226) ~[neoforge-21.1.193.jar%23195!/:?]
	at TRANSFORMER/minecraft@1.21.1/net.minecraft.client.Minecraft.run(Minecraft.java:813) ~[neoforge-21.1.193.jar%23195!/:?]
	at TRANSFORMER/minecraft@1.21.1/net.minecraft.client.main.Main.main(Main.java:230) ~[neoforge-21.1.193.jar%23195!/:?]
	at java.base/jdk.internal.reflect.DirectMethodHandleAccessor.invoke(DirectMethodHandleAccessor.java:103) ~[?:?]
	at java.base/java.lang.reflect.Method.invoke(Method.java:580) ~[?:?]
	at MC-BOOTSTRAP/fml_loader@4.0.41/net.neoforged.fml.loading.targets.CommonLaunchHandler.runTarget(CommonLaunchHandler.java:136) ~[loader-4.0.41.jar%23150!/:4.0]
	at MC-BOOTSTRAP/fml_loader@4.0.41/net.neoforged.fml.loading.targets.CommonLaunchHandler.clientService(CommonLaunchHandler.java:124) ~[loader-4.0.41.jar%23150!/:4.0]
	at MC-BOOTSTRAP/fml_loader@4.0.41/net.neoforged.fml.loading.targets.NeoForgeClientDevLaunchHandler.runService(NeoForgeClientDevLaunchHandler.java:23) ~[loader-4.0.41.jar%23150!/:4.0]
	at MC-BOOTSTRAP/fml_loader@4.0.41/net.neoforged.fml.loading.targets.CommonLaunchHandler.lambda$launchService$4(CommonLaunchHandler.java:118) ~[loader-4.0.41.jar%23150!/:4.0]
	at MC-BOOTSTRAP/cpw.mods.modlauncher@11.0.5/cpw.mods.modlauncher.LaunchServiceHandlerDecorator.launch(LaunchServiceHandlerDecorator.java:30) [modlauncher-11.0.5.jar%23132!/:?]
	at MC-BOOTSTRAP/cpw.mods.modlauncher@11.0.5/cpw.mods.modlauncher.LaunchServiceHandler.launch(LaunchServiceHandler.java:53) [modlauncher-11.0.5.jar%23132!/:?]
	at MC-BOOTSTRAP/cpw.mods.modlauncher@11.0.5/cpw.mods.modlauncher.LaunchServiceHandler.launch(LaunchServiceHandler.java:71) [modlauncher-11.0.5.jar%23132!/:?]
	at MC-BOOTSTRAP/cpw.mods.modlauncher@11.0.5/cpw.mods.modlauncher.Launcher.run(Launcher.java:103) [modlauncher-11.0.5.jar%23132!/:?]
	at MC-BOOTSTRAP/cpw.mods.modlauncher@11.0.5/cpw.mods.modlauncher.Launcher.main(Launcher.java:74) [modlauncher-11.0.5.jar%23132!/:?]
	at MC-BOOTSTRAP/cpw.mods.modlauncher@11.0.5/cpw.mods.modlauncher.BootstrapLaunchConsumer.accept(BootstrapLaunchConsumer.java:26) [modlauncher-11.0.5.jar%23132!/:?]
	at MC-BOOTSTRAP/cpw.mods.modlauncher@11.0.5/cpw.mods.modlauncher.BootstrapLaunchConsumer.accept(BootstrapLaunchConsumer.java:23) [modlauncher-11.0.5.jar%23132!/:?]
	at cpw.mods.bootstraplauncher@2.0.2/cpw.mods.bootstraplauncher.BootstrapLauncher.run(BootstrapLauncher.java:210) [bootstraplauncher-2.0.2.jar:?]
	at cpw.mods.bootstraplauncher@2.0.2/cpw.mods.bootstraplauncher.BootstrapLauncher.main(BootstrapLauncher.java:69) [bootstraplauncher-2.0.2.jar:?]
[30Aug2025 03:51:34.317] [Render thread/ERROR] [net.minecraft.world.item.crafting.RecipeManager/]: Parsing error loading recipe createdeco:pressing/coins/industrial_iron_coin
com.google.gson.JsonParseException: Failed to parse either. First: No key amount in MapLike[{"item":"createdeco:industrial_iron_coin"}]; No key id in MapLike[{"item":"createdeco:industrial_iron_coin"}]; Second: Failed to parse either. First: No key id in MapLike[{"item":"createdeco:industrial_iron_coin"}]; Second: Failed to parse either. First: Not a JSON object: "createdeco:industrial_iron_coin"; Second: Compat cannot be deserialized
	at MC-BOOTSTRAP/datafixerupper@8.0.16/com.mojang.serialization.DataResult$Error.getOrThrow(DataResult.java:287) ~[datafixerupper-8.0.16.jar%23125!/:?]
	at TRANSFORMER/minecraft@1.21.1/net.minecraft.world.item.crafting.RecipeManager.apply(RecipeManager.java:60) ~[neoforge-21.1.193.jar%23195!/:?]
	at TRANSFORMER/minecraft@1.21.1/net.minecraft.world.item.crafting.RecipeManager.apply(RecipeManager.java:36) ~[neoforge-21.1.193.jar%23195!/:?]
	at TRANSFORMER/minecraft@1.21.1/net.minecraft.server.packs.resources.SimplePreparableReloadListener.lambda$reload$1(SimplePreparableReloadListener.java:19) ~[neoforge-21.1.193.jar%23195!/:?]
	at java.base/java.util.concurrent.CompletableFuture$UniAccept.tryFire(CompletableFuture.java:718) ~[?:?]
	at java.base/java.util.concurrent.CompletableFuture$Completion.run(CompletableFuture.java:482) ~[?:?]
	at TRANSFORMER/minecraft@1.21.1/net.minecraft.server.packs.resources.SimpleReloadInstance.lambda$new$3(SimpleReloadInstance.java:86) ~[neoforge-21.1.193.jar%23195!/:?]
	at TRANSFORMER/minecraft@1.21.1/net.minecraft.util.thread.BlockableEventLoop.doRunTask(BlockableEventLoop.java:151) ~[neoforge-21.1.193.jar%23195!/:?]
	at TRANSFORMER/minecraft@1.21.1/net.minecraft.util.thread.ReentrantBlockableEventLoop.doRunTask(ReentrantBlockableEventLoop.java:24) ~[neoforge-21.1.193.jar%23195!/:?]
	at TRANSFORMER/minecraft@1.21.1/net.minecraft.util.thread.BlockableEventLoop.pollTask(BlockableEventLoop.java:122) ~[neoforge-21.1.193.jar%23195!/:?]
	at TRANSFORMER/minecraft@1.21.1/net.minecraft.util.thread.BlockableEventLoop.managedBlock(BlockableEventLoop.java:135) ~[neoforge-21.1.193.jar%23195!/:?]
	at TRANSFORMER/minecraft@1.21.1/net.minecraft.client.gui.screens.worldselection.WorldOpenFlows.loadWorldDataBlocking(WorldOpenFlows.java:201) ~[neoforge-21.1.193.jar%23195!/:?]
	at TRANSFORMER/minecraft@1.21.1/net.minecraft.client.gui.screens.worldselection.WorldOpenFlows.loadWorldStem(WorldOpenFlows.java:142) ~[neoforge-21.1.193.jar%23195!/:?]
	at TRANSFORMER/minecraft@1.21.1/net.minecraft.client.gui.screens.worldselection.WorldOpenFlows.openWorldLoadLevelStem(WorldOpenFlows.java:345) ~[neoforge-21.1.193.jar%23195!/:?]
	at TRANSFORMER/minecraft@1.21.1/net.minecraft.client.gui.screens.worldselection.WorldOpenFlows.openWorldCheckVersionCompatibility(WorldOpenFlows.java:334) ~[neoforge-21.1.193.jar%23195!/:?]
	at TRANSFORMER/minecraft@1.21.1/net.minecraft.client.gui.screens.worldselection.WorldOpenFlows.openWorldLoadLevelData(WorldOpenFlows.java:296) ~[neoforge-21.1.193.jar%23195!/:?]
	at TRANSFORMER/minecraft@1.21.1/net.minecraft.client.gui.screens.worldselection.WorldOpenFlows.openWorld(WorldOpenFlows.java:261) ~[neoforge-21.1.193.jar%23195!/:?]
	at TRANSFORMER/minecraft@1.21.1/net.minecraft.client.gui.screens.worldselection.WorldSelectionList$WorldListEntry.joinWorld(WorldSelectionList.java:516) ~[neoforge-21.1.193.jar%23195!/:?]
	at TRANSFORMER/minecraft@1.21.1/net.minecraft.client.gui.screens.worldselection.WorldSelectionList$WorldListEntry.mouseClicked(WorldSelectionList.java:499) ~[neoforge-21.1.193.jar%23195!/:?]
	at TRANSFORMER/minecraft@1.21.1/net.minecraft.client.gui.components.AbstractSelectionList.mouseClicked(AbstractSelectionList.java:303) ~[neoforge-21.1.193.jar%23195!/:?]
	at TRANSFORMER/minecraft@1.21.1/net.minecraft.client.gui.components.events.ContainerEventHandler.mouseClicked(ContainerEventHandler.java:52) ~[neoforge-21.1.193.jar%23195!/:?]
	at TRANSFORMER/minecraft@1.21.1/net.minecraft.client.MouseHandler.lambda$onPress$0(MouseHandler.java:103) ~[neoforge-21.1.193.jar%23195!/:?]
	at TRANSFORMER/minecraft@1.21.1/net.minecraft.client.gui.screens.Screen.wrapScreenError(Screen.java:471) ~[neoforge-21.1.193.jar%23195!/:?]
	at TRANSFORMER/minecraft@1.21.1/net.minecraft.client.MouseHandler.onPress(MouseHandler.java:100) ~[neoforge-21.1.193.jar%23195!/:?]
	at TRANSFORMER/minecraft@1.21.1/net.minecraft.client.MouseHandler.lambda$setup$4(MouseHandler.java:212) ~[neoforge-21.1.193.jar%23195!/:?]
	at TRANSFORMER/minecraft@1.21.1/net.minecraft.util.thread.BlockableEventLoop.execute(BlockableEventLoop.java:98) ~[neoforge-21.1.193.jar%23195!/:?]
	at TRANSFORMER/minecraft@1.21.1/net.minecraft.client.MouseHandler.lambda$setup$5(MouseHandler.java:212) ~[neoforge-21.1.193.jar%23195!/:?]
	at MC-BOOTSTRAP/org.lwjgl.glfw@3.3.3+5/org.lwjgl.glfw.GLFWMouseButtonCallbackI.callback(GLFWMouseButtonCallbackI.java:43) ~[lwjgl-glfw-3.3.3.jar%23177!/:build 5]
	at MC-BOOTSTRAP/org.lwjgl@3.3.3+5/org.lwjgl.system.JNI.invokeV(Native Method) ~[lwjgl-3.3.3.jar%23188!/:build 5]
	at MC-BOOTSTRAP/org.lwjgl.glfw@3.3.3+5/org.lwjgl.glfw.GLFW.glfwWaitEventsTimeout(GLFW.java:3509) ~[lwjgl-glfw-3.3.3.jar%23177!/:build 5]
	at TRANSFORMER/minecraft@1.21.1/com.mojang.blaze3d.systems.RenderSystem.limitDisplayFPS(RenderSystem.java:162) ~[neoforge-21.1.193.jar%23195!/:?]
	at TRANSFORMER/minecraft@1.21.1/net.minecraft.client.Minecraft.runTick(Minecraft.java:1226) ~[neoforge-21.1.193.jar%23195!/:?]
	at TRANSFORMER/minecraft@1.21.1/net.minecraft.client.Minecraft.run(Minecraft.java:813) ~[neoforge-21.1.193.jar%23195!/:?]
	at TRANSFORMER/minecraft@1.21.1/net.minecraft.client.main.Main.main(Main.java:230) ~[neoforge-21.1.193.jar%23195!/:?]
	at java.base/jdk.internal.reflect.DirectMethodHandleAccessor.invoke(DirectMethodHandleAccessor.java:103) ~[?:?]
	at java.base/java.lang.reflect.Method.invoke(Method.java:580) ~[?:?]
	at MC-BOOTSTRAP/fml_loader@4.0.41/net.neoforged.fml.loading.targets.CommonLaunchHandler.runTarget(CommonLaunchHandler.java:136) ~[loader-4.0.41.jar%23150!/:4.0]
	at MC-BOOTSTRAP/fml_loader@4.0.41/net.neoforged.fml.loading.targets.CommonLaunchHandler.clientService(CommonLaunchHandler.java:124) ~[loader-4.0.41.jar%23150!/:4.0]
	at MC-BOOTSTRAP/fml_loader@4.0.41/net.neoforged.fml.loading.targets.NeoForgeClientDevLaunchHandler.runService(NeoForgeClientDevLaunchHandler.java:23) ~[loader-4.0.41.jar%23150!/:4.0]
	at MC-BOOTSTRAP/fml_loader@4.0.41/net.neoforged.fml.loading.targets.CommonLaunchHandler.lambda$launchService$4(CommonLaunchHandler.java:118) ~[loader-4.0.41.jar%23150!/:4.0]
	at MC-BOOTSTRAP/cpw.mods.modlauncher@11.0.5/cpw.mods.modlauncher.LaunchServiceHandlerDecorator.launch(LaunchServiceHandlerDecorator.java:30) [modlauncher-11.0.5.jar%23132!/:?]
	at MC-BOOTSTRAP/cpw.mods.modlauncher@11.0.5/cpw.mods.modlauncher.LaunchServiceHandler.launch(LaunchServiceHandler.java:53) [modlauncher-11.0.5.jar%23132!/:?]
	at MC-BOOTSTRAP/cpw.mods.modlauncher@11.0.5/cpw.mods.modlauncher.LaunchServiceHandler.launch(LaunchServiceHandler.java:71) [modlauncher-11.0.5.jar%23132!/:?]
	at MC-BOOTSTRAP/cpw.mods.modlauncher@11.0.5/cpw.mods.modlauncher.Launcher.run(Launcher.java:103) [modlauncher-11.0.5.jar%23132!/:?]
	at MC-BOOTSTRAP/cpw.mods.modlauncher@11.0.5/cpw.mods.modlauncher.Launcher.main(Launcher.java:74) [modlauncher-11.0.5.jar%23132!/:?]
	at MC-BOOTSTRAP/cpw.mods.modlauncher@11.0.5/cpw.mods.modlauncher.BootstrapLaunchConsumer.accept(BootstrapLaunchConsumer.java:26) [modlauncher-11.0.5.jar%23132!/:?]
	at MC-BOOTSTRAP/cpw.mods.modlauncher@11.0.5/cpw.mods.modlauncher.BootstrapLaunchConsumer.accept(BootstrapLaunchConsumer.java:23) [modlauncher-11.0.5.jar%23132!/:?]
	at cpw.mods.bootstraplauncher@2.0.2/cpw.mods.bootstraplauncher.BootstrapLauncher.run(BootstrapLauncher.java:210) [bootstraplauncher-2.0.2.jar:?]
	at cpw.mods.bootstraplauncher@2.0.2/cpw.mods.bootstraplauncher.BootstrapLauncher.main(BootstrapLauncher.java:69) [bootstraplauncher-2.0.2.jar:?]
[30Aug2025 03:51:34.319] [Render thread/ERROR] [net.minecraft.world.item.crafting.RecipeManager/]: Parsing error loading recipe createdeco:pressing/zinc_sheet
com.google.gson.JsonParseException: Failed to parse either. First: No key amount in MapLike[{"item":"createdeco:zinc_sheet"}]; No key id in MapLike[{"item":"createdeco:zinc_sheet"}]; Second: Failed to parse either. First: No key id in MapLike[{"item":"createdeco:zinc_sheet"}]; Second: Failed to parse either. First: Not a JSON object: "createdeco:zinc_sheet"; Second: Compat cannot be deserialized
	at MC-BOOTSTRAP/datafixerupper@8.0.16/com.mojang.serialization.DataResult$Error.getOrThrow(DataResult.java:287) ~[datafixerupper-8.0.16.jar%23125!/:?]
	at TRANSFORMER/minecraft@1.21.1/net.minecraft.world.item.crafting.RecipeManager.apply(RecipeManager.java:60) ~[neoforge-21.1.193.jar%23195!/:?]
	at TRANSFORMER/minecraft@1.21.1/net.minecraft.world.item.crafting.RecipeManager.apply(RecipeManager.java:36) ~[neoforge-21.1.193.jar%23195!/:?]
	at TRANSFORMER/minecraft@1.21.1/net.minecraft.server.packs.resources.SimplePreparableReloadListener.lambda$reload$1(SimplePreparableReloadListener.java:19) ~[neoforge-21.1.193.jar%23195!/:?]
	at java.base/java.util.concurrent.CompletableFuture$UniAccept.tryFire(CompletableFuture.java:718) ~[?:?]
	at java.base/java.util.concurrent.CompletableFuture$Completion.run(CompletableFuture.java:482) ~[?:?]
	at TRANSFORMER/minecraft@1.21.1/net.minecraft.server.packs.resources.SimpleReloadInstance.lambda$new$3(SimpleReloadInstance.java:86) ~[neoforge-21.1.193.jar%23195!/:?]
	at TRANSFORMER/minecraft@1.21.1/net.minecraft.util.thread.BlockableEventLoop.doRunTask(BlockableEventLoop.java:151) ~[neoforge-21.1.193.jar%23195!/:?]
	at TRANSFORMER/minecraft@1.21.1/net.minecraft.util.thread.ReentrantBlockableEventLoop.doRunTask(ReentrantBlockableEventLoop.java:24) ~[neoforge-21.1.193.jar%23195!/:?]
	at TRANSFORMER/minecraft@1.21.1/net.minecraft.util.thread.BlockableEventLoop.pollTask(BlockableEventLoop.java:122) ~[neoforge-21.1.193.jar%23195!/:?]
	at TRANSFORMER/minecraft@1.21.1/net.minecraft.util.thread.BlockableEventLoop.managedBlock(BlockableEventLoop.java:135) ~[neoforge-21.1.193.jar%23195!/:?]
	at TRANSFORMER/minecraft@1.21.1/net.minecraft.client.gui.screens.worldselection.WorldOpenFlows.loadWorldDataBlocking(WorldOpenFlows.java:201) ~[neoforge-21.1.193.jar%23195!/:?]
	at TRANSFORMER/minecraft@1.21.1/net.minecraft.client.gui.screens.worldselection.WorldOpenFlows.loadWorldStem(WorldOpenFlows.java:142) ~[neoforge-21.1.193.jar%23195!/:?]
	at TRANSFORMER/minecraft@1.21.1/net.minecraft.client.gui.screens.worldselection.WorldOpenFlows.openWorldLoadLevelStem(WorldOpenFlows.java:345) ~[neoforge-21.1.193.jar%23195!/:?]
	at TRANSFORMER/minecraft@1.21.1/net.minecraft.client.gui.screens.worldselection.WorldOpenFlows.openWorldCheckVersionCompatibility(WorldOpenFlows.java:334) ~[neoforge-21.1.193.jar%23195!/:?]
	at TRANSFORMER/minecraft@1.21.1/net.minecraft.client.gui.screens.worldselection.WorldOpenFlows.openWorldLoadLevelData(WorldOpenFlows.java:296) ~[neoforge-21.1.193.jar%23195!/:?]
	at TRANSFORMER/minecraft@1.21.1/net.minecraft.client.gui.screens.worldselection.WorldOpenFlows.openWorld(WorldOpenFlows.java:261) ~[neoforge-21.1.193.jar%23195!/:?]
	at TRANSFORMER/minecraft@1.21.1/net.minecraft.client.gui.screens.worldselection.WorldSelectionList$WorldListEntry.joinWorld(WorldSelectionList.java:516) ~[neoforge-21.1.193.jar%23195!/:?]
	at TRANSFORMER/minecraft@1.21.1/net.minecraft.client.gui.screens.worldselection.WorldSelectionList$WorldListEntry.mouseClicked(WorldSelectionList.java:499) ~[neoforge-21.1.193.jar%23195!/:?]
	at TRANSFORMER/minecraft@1.21.1/net.minecraft.client.gui.components.AbstractSelectionList.mouseClicked(AbstractSelectionList.java:303) ~[neoforge-21.1.193.jar%23195!/:?]
	at TRANSFORMER/minecraft@1.21.1/net.minecraft.client.gui.components.events.ContainerEventHandler.mouseClicked(ContainerEventHandler.java:52) ~[neoforge-21.1.193.jar%23195!/:?]
	at TRANSFORMER/minecraft@1.21.1/net.minecraft.client.MouseHandler.lambda$onPress$0(MouseHandler.java:103) ~[neoforge-21.1.193.jar%23195!/:?]
	at TRANSFORMER/minecraft@1.21.1/net.minecraft.client.gui.screens.Screen.wrapScreenError(Screen.java:471) ~[neoforge-21.1.193.jar%23195!/:?]
	at TRANSFORMER/minecraft@1.21.1/net.minecraft.client.MouseHandler.onPress(MouseHandler.java:100) ~[neoforge-21.1.193.jar%23195!/:?]
	at TRANSFORMER/minecraft@1.21.1/net.minecraft.client.MouseHandler.lambda$setup$4(MouseHandler.java:212) ~[neoforge-21.1.193.jar%23195!/:?]
	at TRANSFORMER/minecraft@1.21.1/net.minecraft.util.thread.BlockableEventLoop.execute(BlockableEventLoop.java:98) ~[neoforge-21.1.193.jar%23195!/:?]
	at TRANSFORMER/minecraft@1.21.1/net.minecraft.client.MouseHandler.lambda$setup$5(MouseHandler.java:212) ~[neoforge-21.1.193.jar%23195!/:?]
	at MC-BOOTSTRAP/org.lwjgl.glfw@3.3.3+5/org.lwjgl.glfw.GLFWMouseButtonCallbackI.callback(GLFWMouseButtonCallbackI.java:43) ~[lwjgl-glfw-3.3.3.jar%23177!/:build 5]
	at MC-BOOTSTRAP/org.lwjgl@3.3.3+5/org.lwjgl.system.JNI.invokeV(Native Method) ~[lwjgl-3.3.3.jar%23188!/:build 5]
	at MC-BOOTSTRAP/org.lwjgl.glfw@3.3.3+5/org.lwjgl.glfw.GLFW.glfwWaitEventsTimeout(GLFW.java:3509) ~[lwjgl-glfw-3.3.3.jar%23177!/:build 5]
	at TRANSFORMER/minecraft@1.21.1/com.mojang.blaze3d.systems.RenderSystem.limitDisplayFPS(RenderSystem.java:162) ~[neoforge-21.1.193.jar%23195!/:?]
	at TRANSFORMER/minecraft@1.21.1/net.minecraft.client.Minecraft.runTick(Minecraft.java:1226) ~[neoforge-21.1.193.jar%23195!/:?]
	at TRANSFORMER/minecraft@1.21.1/net.minecraft.client.Minecraft.run(Minecraft.java:813) ~[neoforge-21.1.193.jar%23195!/:?]
	at TRANSFORMER/minecraft@1.21.1/net.minecraft.client.main.Main.main(Main.java:230) ~[neoforge-21.1.193.jar%23195!/:?]
	at java.base/jdk.internal.reflect.DirectMethodHandleAccessor.invoke(DirectMethodHandleAccessor.java:103) ~[?:?]
	at java.base/java.lang.reflect.Method.invoke(Method.java:580) ~[?:?]
	at MC-BOOTSTRAP/fml_loader@4.0.41/net.neoforged.fml.loading.targets.CommonLaunchHandler.runTarget(CommonLaunchHandler.java:136) ~[loader-4.0.41.jar%23150!/:4.0]
	at MC-BOOTSTRAP/fml_loader@4.0.41/net.neoforged.fml.loading.targets.CommonLaunchHandler.clientService(CommonLaunchHandler.java:124) ~[loader-4.0.41.jar%23150!/:4.0]
	at MC-BOOTSTRAP/fml_loader@4.0.41/net.neoforged.fml.loading.targets.NeoForgeClientDevLaunchHandler.runService(NeoForgeClientDevLaunchHandler.java:23) ~[loader-4.0.41.jar%23150!/:4.0]
	at MC-BOOTSTRAP/fml_loader@4.0.41/net.neoforged.fml.loading.targets.CommonLaunchHandler.lambda$launchService$4(CommonLaunchHandler.java:118) ~[loader-4.0.41.jar%23150!/:4.0]
	at MC-BOOTSTRAP/cpw.mods.modlauncher@11.0.5/cpw.mods.modlauncher.LaunchServiceHandlerDecorator.launch(LaunchServiceHandlerDecorator.java:30) [modlauncher-11.0.5.jar%23132!/:?]
	at MC-BOOTSTRAP/cpw.mods.modlauncher@11.0.5/cpw.mods.modlauncher.LaunchServiceHandler.launch(LaunchServiceHandler.java:53) [modlauncher-11.0.5.jar%23132!/:?]
	at MC-BOOTSTRAP/cpw.mods.modlauncher@11.0.5/cpw.mods.modlauncher.LaunchServiceHandler.launch(LaunchServiceHandler.java:71) [modlauncher-11.0.5.jar%23132!/:?]
	at MC-BOOTSTRAP/cpw.mods.modlauncher@11.0.5/cpw.mods.modlauncher.Launcher.run(Launcher.java:103) [modlauncher-11.0.5.jar%23132!/:?]
	at MC-BOOTSTRAP/cpw.mods.modlauncher@11.0.5/cpw.mods.modlauncher.Launcher.main(Launcher.java:74) [modlauncher-11.0.5.jar%23132!/:?]
	at MC-BOOTSTRAP/cpw.mods.modlauncher@11.0.5/cpw.mods.modlauncher.BootstrapLaunchConsumer.accept(BootstrapLaunchConsumer.java:26) [modlauncher-11.0.5.jar%23132!/:?]
	at MC-BOOTSTRAP/cpw.mods.modlauncher@11.0.5/cpw.mods.modlauncher.BootstrapLaunchConsumer.accept(BootstrapLaunchConsumer.java:23) [modlauncher-11.0.5.jar%23132!/:?]
	at cpw.mods.bootstraplauncher@2.0.2/cpw.mods.bootstraplauncher.BootstrapLauncher.run(BootstrapLauncher.java:210) [bootstraplauncher-2.0.2.jar:?]
	at cpw.mods.bootstraplauncher@2.0.2/cpw.mods.bootstraplauncher.BootstrapLauncher.main(BootstrapLauncher.java:69) [bootstraplauncher-2.0.2.jar:?]
[30Aug2025 03:51:34.321] [Render thread/ERROR] [net.minecraft.world.item.crafting.RecipeManager/]: Parsing error loading recipe createdeco:pressing/netherite_sheet
com.google.gson.JsonParseException: Failed to parse either. First: No key amount in MapLike[{"item":"createdeco:netherite_sheet"}]; No key id in MapLike[{"item":"createdeco:netherite_sheet"}]; Second: Failed to parse either. First: No key id in MapLike[{"item":"createdeco:netherite_sheet"}]; Second: Failed to parse either. First: Not a JSON object: "createdeco:netherite_sheet"; Second: Compat cannot be deserialized
	at MC-BOOTSTRAP/datafixerupper@8.0.16/com.mojang.serialization.DataResult$Error.getOrThrow(DataResult.java:287) ~[datafixerupper-8.0.16.jar%23125!/:?]
	at TRANSFORMER/minecraft@1.21.1/net.minecraft.world.item.crafting.RecipeManager.apply(RecipeManager.java:60) ~[neoforge-21.1.193.jar%23195!/:?]
	at TRANSFORMER/minecraft@1.21.1/net.minecraft.world.item.crafting.RecipeManager.apply(RecipeManager.java:36) ~[neoforge-21.1.193.jar%23195!/:?]
	at TRANSFORMER/minecraft@1.21.1/net.minecraft.server.packs.resources.SimplePreparableReloadListener.lambda$reload$1(SimplePreparableReloadListener.java:19) ~[neoforge-21.1.193.jar%23195!/:?]
	at java.base/java.util.concurrent.CompletableFuture$UniAccept.tryFire(CompletableFuture.java:718) ~[?:?]
	at java.base/java.util.concurrent.CompletableFuture$Completion.run(CompletableFuture.java:482) ~[?:?]
	at TRANSFORMER/minecraft@1.21.1/net.minecraft.server.packs.resources.SimpleReloadInstance.lambda$new$3(SimpleReloadInstance.java:86) ~[neoforge-21.1.193.jar%23195!/:?]
	at TRANSFORMER/minecraft@1.21.1/net.minecraft.util.thread.BlockableEventLoop.doRunTask(BlockableEventLoop.java:151) ~[neoforge-21.1.193.jar%23195!/:?]
	at TRANSFORMER/minecraft@1.21.1/net.minecraft.util.thread.ReentrantBlockableEventLoop.doRunTask(ReentrantBlockableEventLoop.java:24) ~[neoforge-21.1.193.jar%23195!/:?]
	at TRANSFORMER/minecraft@1.21.1/net.minecraft.util.thread.BlockableEventLoop.pollTask(BlockableEventLoop.java:122) ~[neoforge-21.1.193.jar%23195!/:?]
	at TRANSFORMER/minecraft@1.21.1/net.minecraft.util.thread.BlockableEventLoop.managedBlock(BlockableEventLoop.java:135) ~[neoforge-21.1.193.jar%23195!/:?]
	at TRANSFORMER/minecraft@1.21.1/net.minecraft.client.gui.screens.worldselection.WorldOpenFlows.loadWorldDataBlocking(WorldOpenFlows.java:201) ~[neoforge-21.1.193.jar%23195!/:?]
	at TRANSFORMER/minecraft@1.21.1/net.minecraft.client.gui.screens.worldselection.WorldOpenFlows.loadWorldStem(WorldOpenFlows.java:142) ~[neoforge-21.1.193.jar%23195!/:?]
	at TRANSFORMER/minecraft@1.21.1/net.minecraft.client.gui.screens.worldselection.WorldOpenFlows.openWorldLoadLevelStem(WorldOpenFlows.java:345) ~[neoforge-21.1.193.jar%23195!/:?]
	at TRANSFORMER/minecraft@1.21.1/net.minecraft.client.gui.screens.worldselection.WorldOpenFlows.openWorldCheckVersionCompatibility(WorldOpenFlows.java:334) ~[neoforge-21.1.193.jar%23195!/:?]
	at TRANSFORMER/minecraft@1.21.1/net.minecraft.client.gui.screens.worldselection.WorldOpenFlows.openWorldLoadLevelData(WorldOpenFlows.java:296) ~[neoforge-21.1.193.jar%23195!/:?]
	at TRANSFORMER/minecraft@1.21.1/net.minecraft.client.gui.screens.worldselection.WorldOpenFlows.openWorld(WorldOpenFlows.java:261) ~[neoforge-21.1.193.jar%23195!/:?]
	at TRANSFORMER/minecraft@1.21.1/net.minecraft.client.gui.screens.worldselection.WorldSelectionList$WorldListEntry.joinWorld(WorldSelectionList.java:516) ~[neoforge-21.1.193.jar%23195!/:?]
	at TRANSFORMER/minecraft@1.21.1/net.minecraft.client.gui.screens.worldselection.WorldSelectionList$WorldListEntry.mouseClicked(WorldSelectionList.java:499) ~[neoforge-21.1.193.jar%23195!/:?]
	at TRANSFORMER/minecraft@1.21.1/net.minecraft.client.gui.components.AbstractSelectionList.mouseClicked(AbstractSelectionList.java:303) ~[neoforge-21.1.193.jar%23195!/:?]
	at TRANSFORMER/minecraft@1.21.1/net.minecraft.client.gui.components.events.ContainerEventHandler.mouseClicked(ContainerEventHandler.java:52) ~[neoforge-21.1.193.jar%23195!/:?]
	at TRANSFORMER/minecraft@1.21.1/net.minecraft.client.MouseHandler.lambda$onPress$0(MouseHandler.java:103) ~[neoforge-21.1.193.jar%23195!/:?]
	at TRANSFORMER/minecraft@1.21.1/net.minecraft.client.gui.screens.Screen.wrapScreenError(Screen.java:471) ~[neoforge-21.1.193.jar%23195!/:?]
	at TRANSFORMER/minecraft@1.21.1/net.minecraft.client.MouseHandler.onPress(MouseHandler.java:100) ~[neoforge-21.1.193.jar%23195!/:?]
	at TRANSFORMER/minecraft@1.21.1/net.minecraft.client.MouseHandler.lambda$setup$4(MouseHandler.java:212) ~[neoforge-21.1.193.jar%23195!/:?]
	at TRANSFORMER/minecraft@1.21.1/net.minecraft.util.thread.BlockableEventLoop.execute(BlockableEventLoop.java:98) ~[neoforge-21.1.193.jar%23195!/:?]
	at TRANSFORMER/minecraft@1.21.1/net.minecraft.client.MouseHandler.lambda$setup$5(MouseHandler.java:212) ~[neoforge-21.1.193.jar%23195!/:?]
	at MC-BOOTSTRAP/org.lwjgl.glfw@3.3.3+5/org.lwjgl.glfw.GLFWMouseButtonCallbackI.callback(GLFWMouseButtonCallbackI.java:43) ~[lwjgl-glfw-3.3.3.jar%23177!/:build 5]
	at MC-BOOTSTRAP/org.lwjgl@3.3.3+5/org.lwjgl.system.JNI.invokeV(Native Method) ~[lwjgl-3.3.3.jar%23188!/:build 5]
	at MC-BOOTSTRAP/org.lwjgl.glfw@3.3.3+5/org.lwjgl.glfw.GLFW.glfwWaitEventsTimeout(GLFW.java:3509) ~[lwjgl-glfw-3.3.3.jar%23177!/:build 5]
	at TRANSFORMER/minecraft@1.21.1/com.mojang.blaze3d.systems.RenderSystem.limitDisplayFPS(RenderSystem.java:162) ~[neoforge-21.1.193.jar%23195!/:?]
	at TRANSFORMER/minecraft@1.21.1/net.minecraft.client.Minecraft.runTick(Minecraft.java:1226) ~[neoforge-21.1.193.jar%23195!/:?]
	at TRANSFORMER/minecraft@1.21.1/net.minecraft.client.Minecraft.run(Minecraft.java:813) ~[neoforge-21.1.193.jar%23195!/:?]
	at TRANSFORMER/minecraft@1.21.1/net.minecraft.client.main.Main.main(Main.java:230) ~[neoforge-21.1.193.jar%23195!/:?]
	at java.base/jdk.internal.reflect.DirectMethodHandleAccessor.invoke(DirectMethodHandleAccessor.java:103) ~[?:?]
	at java.base/java.lang.reflect.Method.invoke(Method.java:580) ~[?:?]
	at MC-BOOTSTRAP/fml_loader@4.0.41/net.neoforged.fml.loading.targets.CommonLaunchHandler.runTarget(CommonLaunchHandler.java:136) ~[loader-4.0.41.jar%23150!/:4.0]
	at MC-BOOTSTRAP/fml_loader@4.0.41/net.neoforged.fml.loading.targets.CommonLaunchHandler.clientService(CommonLaunchHandler.java:124) ~[loader-4.0.41.jar%23150!/:4.0]
	at MC-BOOTSTRAP/fml_loader@4.0.41/net.neoforged.fml.loading.targets.NeoForgeClientDevLaunchHandler.runService(NeoForgeClientDevLaunchHandler.java:23) ~[loader-4.0.41.jar%23150!/:4.0]
	at MC-BOOTSTRAP/fml_loader@4.0.41/net.neoforged.fml.loading.targets.CommonLaunchHandler.lambda$launchService$4(CommonLaunchHandler.java:118) ~[loader-4.0.41.jar%23150!/:4.0]
	at MC-BOOTSTRAP/cpw.mods.modlauncher@11.0.5/cpw.mods.modlauncher.LaunchServiceHandlerDecorator.launch(LaunchServiceHandlerDecorator.java:30) [modlauncher-11.0.5.jar%23132!/:?]
	at MC-BOOTSTRAP/cpw.mods.modlauncher@11.0.5/cpw.mods.modlauncher.LaunchServiceHandler.launch(LaunchServiceHandler.java:53) [modlauncher-11.0.5.jar%23132!/:?]
	at MC-BOOTSTRAP/cpw.mods.modlauncher@11.0.5/cpw.mods.modlauncher.LaunchServiceHandler.launch(LaunchServiceHandler.java:71) [modlauncher-11.0.5.jar%23132!/:?]
	at MC-BOOTSTRAP/cpw.mods.modlauncher@11.0.5/cpw.mods.modlauncher.Launcher.run(Launcher.java:103) [modlauncher-11.0.5.jar%23132!/:?]
	at MC-BOOTSTRAP/cpw.mods.modlauncher@11.0.5/cpw.mods.modlauncher.Launcher.main(Launcher.java:74) [modlauncher-11.0.5.jar%23132!/:?]
	at MC-BOOTSTRAP/cpw.mods.modlauncher@11.0.5/cpw.mods.modlauncher.BootstrapLaunchConsumer.accept(BootstrapLaunchConsumer.java:26) [modlauncher-11.0.5.jar%23132!/:?]
	at MC-BOOTSTRAP/cpw.mods.modlauncher@11.0.5/cpw.mods.modlauncher.BootstrapLaunchConsumer.accept(BootstrapLaunchConsumer.java:23) [modlauncher-11.0.5.jar%23132!/:?]
	at cpw.mods.bootstraplauncher@2.0.2/cpw.mods.bootstraplauncher.BootstrapLauncher.run(BootstrapLauncher.java:210) [bootstraplauncher-2.0.2.jar:?]
	at cpw.mods.bootstraplauncher@2.0.2/cpw.mods.bootstraplauncher.BootstrapLauncher.main(BootstrapLauncher.java:69) [bootstraplauncher-2.0.2.jar:?]
[30Aug2025 03:51:34.329] [Render thread/ERROR] [net.minecraft.world.item.crafting.RecipeManager/]: Parsing error loading recipe createdeco:pressing/coins/zinc_coin
com.google.gson.JsonParseException: Failed to parse either. First: No key amount in MapLike[{"item":"createdeco:zinc_coin"}]; No key id in MapLike[{"item":"createdeco:zinc_coin"}]; Second: Failed to parse either. First: No key id in MapLike[{"item":"createdeco:zinc_coin"}]; Second: Failed to parse either. First: Not a JSON object: "createdeco:zinc_coin"; Second: Compat cannot be deserialized
	at MC-BOOTSTRAP/datafixerupper@8.0.16/com.mojang.serialization.DataResult$Error.getOrThrow(DataResult.java:287) ~[datafixerupper-8.0.16.jar%23125!/:?]
	at TRANSFORMER/minecraft@1.21.1/net.minecraft.world.item.crafting.RecipeManager.apply(RecipeManager.java:60) ~[neoforge-21.1.193.jar%23195!/:?]
	at TRANSFORMER/minecraft@1.21.1/net.minecraft.world.item.crafting.RecipeManager.apply(RecipeManager.java:36) ~[neoforge-21.1.193.jar%23195!/:?]
	at TRANSFORMER/minecraft@1.21.1/net.minecraft.server.packs.resources.SimplePreparableReloadListener.lambda$reload$1(SimplePreparableReloadListener.java:19) ~[neoforge-21.1.193.jar%23195!/:?]
	at java.base/java.util.concurrent.CompletableFuture$UniAccept.tryFire(CompletableFuture.java:718) ~[?:?]
	at java.base/java.util.concurrent.CompletableFuture$Completion.run(CompletableFuture.java:482) ~[?:?]
	at TRANSFORMER/minecraft@1.21.1/net.minecraft.server.packs.resources.SimpleReloadInstance.lambda$new$3(SimpleReloadInstance.java:86) ~[neoforge-21.1.193.jar%23195!/:?]
	at TRANSFORMER/minecraft@1.21.1/net.minecraft.util.thread.BlockableEventLoop.doRunTask(BlockableEventLoop.java:151) ~[neoforge-21.1.193.jar%23195!/:?]
	at TRANSFORMER/minecraft@1.21.1/net.minecraft.util.thread.ReentrantBlockableEventLoop.doRunTask(ReentrantBlockableEventLoop.java:24) ~[neoforge-21.1.193.jar%23195!/:?]
	at TRANSFORMER/minecraft@1.21.1/net.minecraft.util.thread.BlockableEventLoop.pollTask(BlockableEventLoop.java:122) ~[neoforge-21.1.193.jar%23195!/:?]
	at TRANSFORMER/minecraft@1.21.1/net.minecraft.util.thread.BlockableEventLoop.managedBlock(BlockableEventLoop.java:135) ~[neoforge-21.1.193.jar%23195!/:?]
	at TRANSFORMER/minecraft@1.21.1/net.minecraft.client.gui.screens.worldselection.WorldOpenFlows.loadWorldDataBlocking(WorldOpenFlows.java:201) ~[neoforge-21.1.193.jar%23195!/:?]
	at TRANSFORMER/minecraft@1.21.1/net.minecraft.client.gui.screens.worldselection.WorldOpenFlows.loadWorldStem(WorldOpenFlows.java:142) ~[neoforge-21.1.193.jar%23195!/:?]
	at TRANSFORMER/minecraft@1.21.1/net.minecraft.client.gui.screens.worldselection.WorldOpenFlows.openWorldLoadLevelStem(WorldOpenFlows.java:345) ~[neoforge-21.1.193.jar%23195!/:?]
	at TRANSFORMER/minecraft@1.21.1/net.minecraft.client.gui.screens.worldselection.WorldOpenFlows.openWorldCheckVersionCompatibility(WorldOpenFlows.java:334) ~[neoforge-21.1.193.jar%23195!/:?]
	at TRANSFORMER/minecraft@1.21.1/net.minecraft.client.gui.screens.worldselection.WorldOpenFlows.openWorldLoadLevelData(WorldOpenFlows.java:296) ~[neoforge-21.1.193.jar%23195!/:?]
	at TRANSFORMER/minecraft@1.21.1/net.minecraft.client.gui.screens.worldselection.WorldOpenFlows.openWorld(WorldOpenFlows.java:261) ~[neoforge-21.1.193.jar%23195!/:?]
	at TRANSFORMER/minecraft@1.21.1/net.minecraft.client.gui.screens.worldselection.WorldSelectionList$WorldListEntry.joinWorld(WorldSelectionList.java:516) ~[neoforge-21.1.193.jar%23195!/:?]
	at TRANSFORMER/minecraft@1.21.1/net.minecraft.client.gui.screens.worldselection.WorldSelectionList$WorldListEntry.mouseClicked(WorldSelectionList.java:499) ~[neoforge-21.1.193.jar%23195!/:?]
	at TRANSFORMER/minecraft@1.21.1/net.minecraft.client.gui.components.AbstractSelectionList.mouseClicked(AbstractSelectionList.java:303) ~[neoforge-21.1.193.jar%23195!/:?]
	at TRANSFORMER/minecraft@1.21.1/net.minecraft.client.gui.components.events.ContainerEventHandler.mouseClicked(ContainerEventHandler.java:52) ~[neoforge-21.1.193.jar%23195!/:?]
	at TRANSFORMER/minecraft@1.21.1/net.minecraft.client.MouseHandler.lambda$onPress$0(MouseHandler.java:103) ~[neoforge-21.1.193.jar%23195!/:?]
	at TRANSFORMER/minecraft@1.21.1/net.minecraft.client.gui.screens.Screen.wrapScreenError(Screen.java:471) ~[neoforge-21.1.193.jar%23195!/:?]
	at TRANSFORMER/minecraft@1.21.1/net.minecraft.client.MouseHandler.onPress(MouseHandler.java:100) ~[neoforge-21.1.193.jar%23195!/:?]
	at TRANSFORMER/minecraft@1.21.1/net.minecraft.client.MouseHandler.lambda$setup$4(MouseHandler.java:212) ~[neoforge-21.1.193.jar%23195!/:?]
	at TRANSFORMER/minecraft@1.21.1/net.minecraft.util.thread.BlockableEventLoop.execute(BlockableEventLoop.java:98) ~[neoforge-21.1.193.jar%23195!/:?]
	at TRANSFORMER/minecraft@1.21.1/net.minecraft.client.MouseHandler.lambda$setup$5(MouseHandler.java:212) ~[neoforge-21.1.193.jar%23195!/:?]
	at MC-BOOTSTRAP/org.lwjgl.glfw@3.3.3+5/org.lwjgl.glfw.GLFWMouseButtonCallbackI.callback(GLFWMouseButtonCallbackI.java:43) ~[lwjgl-glfw-3.3.3.jar%23177!/:build 5]
	at MC-BOOTSTRAP/org.lwjgl@3.3.3+5/org.lwjgl.system.JNI.invokeV(Native Method) ~[lwjgl-3.3.3.jar%23188!/:build 5]
	at MC-BOOTSTRAP/org.lwjgl.glfw@3.3.3+5/org.lwjgl.glfw.GLFW.glfwWaitEventsTimeout(GLFW.java:3509) ~[lwjgl-glfw-3.3.3.jar%23177!/:build 5]
	at TRANSFORMER/minecraft@1.21.1/com.mojang.blaze3d.systems.RenderSystem.limitDisplayFPS(RenderSystem.java:162) ~[neoforge-21.1.193.jar%23195!/:?]
	at TRANSFORMER/minecraft@1.21.1/net.minecraft.client.Minecraft.runTick(Minecraft.java:1226) ~[neoforge-21.1.193.jar%23195!/:?]
	at TRANSFORMER/minecraft@1.21.1/net.minecraft.client.Minecraft.run(Minecraft.java:813) ~[neoforge-21.1.193.jar%23195!/:?]
	at TRANSFORMER/minecraft@1.21.1/net.minecraft.client.main.Main.main(Main.java:230) ~[neoforge-21.1.193.jar%23195!/:?]
	at java.base/jdk.internal.reflect.DirectMethodHandleAccessor.invoke(DirectMethodHandleAccessor.java:103) ~[?:?]
	at java.base/java.lang.reflect.Method.invoke(Method.java:580) ~[?:?]
	at MC-BOOTSTRAP/fml_loader@4.0.41/net.neoforged.fml.loading.targets.CommonLaunchHandler.runTarget(CommonLaunchHandler.java:136) ~[loader-4.0.41.jar%23150!/:4.0]
	at MC-BOOTSTRAP/fml_loader@4.0.41/net.neoforged.fml.loading.targets.CommonLaunchHandler.clientService(CommonLaunchHandler.java:124) ~[loader-4.0.41.jar%23150!/:4.0]
	at MC-BOOTSTRAP/fml_loader@4.0.41/net.neoforged.fml.loading.targets.NeoForgeClientDevLaunchHandler.runService(NeoForgeClientDevLaunchHandler.java:23) ~[loader-4.0.41.jar%23150!/:4.0]
	at MC-BOOTSTRAP/fml_loader@4.0.41/net.neoforged.fml.loading.targets.CommonLaunchHandler.lambda$launchService$4(CommonLaunchHandler.java:118) ~[loader-4.0.41.jar%23150!/:4.0]
	at MC-BOOTSTRAP/cpw.mods.modlauncher@11.0.5/cpw.mods.modlauncher.LaunchServiceHandlerDecorator.launch(LaunchServiceHandlerDecorator.java:30) [modlauncher-11.0.5.jar%23132!/:?]
	at MC-BOOTSTRAP/cpw.mods.modlauncher@11.0.5/cpw.mods.modlauncher.LaunchServiceHandler.launch(LaunchServiceHandler.java:53) [modlauncher-11.0.5.jar%23132!/:?]
	at MC-BOOTSTRAP/cpw.mods.modlauncher@11.0.5/cpw.mods.modlauncher.LaunchServiceHandler.launch(LaunchServiceHandler.java:71) [modlauncher-11.0.5.jar%23132!/:?]
	at MC-BOOTSTRAP/cpw.mods.modlauncher@11.0.5/cpw.mods.modlauncher.Launcher.run(Launcher.java:103) [modlauncher-11.0.5.jar%23132!/:?]
	at MC-BOOTSTRAP/cpw.mods.modlauncher@11.0.5/cpw.mods.modlauncher.Launcher.main(Launcher.java:74) [modlauncher-11.0.5.jar%23132!/:?]
	at MC-BOOTSTRAP/cpw.mods.modlauncher@11.0.5/cpw.mods.modlauncher.BootstrapLaunchConsumer.accept(BootstrapLaunchConsumer.java:26) [modlauncher-11.0.5.jar%23132!/:?]
	at MC-BOOTSTRAP/cpw.mods.modlauncher@11.0.5/cpw.mods.modlauncher.BootstrapLaunchConsumer.accept(BootstrapLaunchConsumer.java:23) [modlauncher-11.0.5.jar%23132!/:?]
	at cpw.mods.bootstraplauncher@2.0.2/cpw.mods.bootstraplauncher.BootstrapLauncher.run(BootstrapLauncher.java:210) [bootstraplauncher-2.0.2.jar:?]
	at cpw.mods.bootstraplauncher@2.0.2/cpw.mods.bootstraplauncher.BootstrapLauncher.main(BootstrapLauncher.java:69) [bootstraplauncher-2.0.2.jar:?]
[30Aug2025 03:51:34.332] [Render thread/ERROR] [net.minecraft.world.item.crafting.RecipeManager/]: Parsing error loading recipe create:industrial_iron_block_from_iron_ingots_stonecutting
com.google.gson.JsonParseException: Failed to parse either. First: No key amount in MapLike[{"item":"create:industrial_iron_block"}]; No key id in MapLike[{"item":"create:industrial_iron_block"}]; Second: Failed to parse either. First: No key id in MapLike[{"item":"create:industrial_iron_block"}]; Second: Failed to parse either. First: Not a JSON object: "create:industrial_iron_block"; Second: Compat cannot be deserialized
	at MC-BOOTSTRAP/datafixerupper@8.0.16/com.mojang.serialization.DataResult$Error.getOrThrow(DataResult.java:287) ~[datafixerupper-8.0.16.jar%23125!/:?]
	at TRANSFORMER/minecraft@1.21.1/net.minecraft.world.item.crafting.RecipeManager.apply(RecipeManager.java:60) ~[neoforge-21.1.193.jar%23195!/:?]
	at TRANSFORMER/minecraft@1.21.1/net.minecraft.world.item.crafting.RecipeManager.apply(RecipeManager.java:36) ~[neoforge-21.1.193.jar%23195!/:?]
	at TRANSFORMER/minecraft@1.21.1/net.minecraft.server.packs.resources.SimplePreparableReloadListener.lambda$reload$1(SimplePreparableReloadListener.java:19) ~[neoforge-21.1.193.jar%23195!/:?]
	at java.base/java.util.concurrent.CompletableFuture$UniAccept.tryFire(CompletableFuture.java:718) ~[?:?]
	at java.base/java.util.concurrent.CompletableFuture$Completion.run(CompletableFuture.java:482) ~[?:?]
	at TRANSFORMER/minecraft@1.21.1/net.minecraft.server.packs.resources.SimpleReloadInstance.lambda$new$3(SimpleReloadInstance.java:86) ~[neoforge-21.1.193.jar%23195!/:?]
	at TRANSFORMER/minecraft@1.21.1/net.minecraft.util.thread.BlockableEventLoop.doRunTask(BlockableEventLoop.java:151) ~[neoforge-21.1.193.jar%23195!/:?]
	at TRANSFORMER/minecraft@1.21.1/net.minecraft.util.thread.ReentrantBlockableEventLoop.doRunTask(ReentrantBlockableEventLoop.java:24) ~[neoforge-21.1.193.jar%23195!/:?]
	at TRANSFORMER/minecraft@1.21.1/net.minecraft.util.thread.BlockableEventLoop.pollTask(BlockableEventLoop.java:122) ~[neoforge-21.1.193.jar%23195!/:?]
	at TRANSFORMER/minecraft@1.21.1/net.minecraft.util.thread.BlockableEventLoop.managedBlock(BlockableEventLoop.java:135) ~[neoforge-21.1.193.jar%23195!/:?]
	at TRANSFORMER/minecraft@1.21.1/net.minecraft.client.gui.screens.worldselection.WorldOpenFlows.loadWorldDataBlocking(WorldOpenFlows.java:201) ~[neoforge-21.1.193.jar%23195!/:?]
	at TRANSFORMER/minecraft@1.21.1/net.minecraft.client.gui.screens.worldselection.WorldOpenFlows.loadWorldStem(WorldOpenFlows.java:142) ~[neoforge-21.1.193.jar%23195!/:?]
	at TRANSFORMER/minecraft@1.21.1/net.minecraft.client.gui.screens.worldselection.WorldOpenFlows.openWorldLoadLevelStem(WorldOpenFlows.java:345) ~[neoforge-21.1.193.jar%23195!/:?]
	at TRANSFORMER/minecraft@1.21.1/net.minecraft.client.gui.screens.worldselection.WorldOpenFlows.openWorldCheckVersionCompatibility(WorldOpenFlows.java:334) ~[neoforge-21.1.193.jar%23195!/:?]
	at TRANSFORMER/minecraft@1.21.1/net.minecraft.client.gui.screens.worldselection.WorldOpenFlows.openWorldLoadLevelData(WorldOpenFlows.java:296) ~[neoforge-21.1.193.jar%23195!/:?]
	at TRANSFORMER/minecraft@1.21.1/net.minecraft.client.gui.screens.worldselection.WorldOpenFlows.openWorld(WorldOpenFlows.java:261) ~[neoforge-21.1.193.jar%23195!/:?]
	at TRANSFORMER/minecraft@1.21.1/net.minecraft.client.gui.screens.worldselection.WorldSelectionList$WorldListEntry.joinWorld(WorldSelectionList.java:516) ~[neoforge-21.1.193.jar%23195!/:?]
	at TRANSFORMER/minecraft@1.21.1/net.minecraft.client.gui.screens.worldselection.WorldSelectionList$WorldListEntry.mouseClicked(WorldSelectionList.java:499) ~[neoforge-21.1.193.jar%23195!/:?]
	at TRANSFORMER/minecraft@1.21.1/net.minecraft.client.gui.components.AbstractSelectionList.mouseClicked(AbstractSelectionList.java:303) ~[neoforge-21.1.193.jar%23195!/:?]
	at TRANSFORMER/minecraft@1.21.1/net.minecraft.client.gui.components.events.ContainerEventHandler.mouseClicked(ContainerEventHandler.java:52) ~[neoforge-21.1.193.jar%23195!/:?]
	at TRANSFORMER/minecraft@1.21.1/net.minecraft.client.MouseHandler.lambda$onPress$0(MouseHandler.java:103) ~[neoforge-21.1.193.jar%23195!/:?]
	at TRANSFORMER/minecraft@1.21.1/net.minecraft.client.gui.screens.Screen.wrapScreenError(Screen.java:471) ~[neoforge-21.1.193.jar%23195!/:?]
	at TRANSFORMER/minecraft@1.21.1/net.minecraft.client.MouseHandler.onPress(MouseHandler.java:100) ~[neoforge-21.1.193.jar%23195!/:?]
	at TRANSFORMER/minecraft@1.21.1/net.minecraft.client.MouseHandler.lambda$setup$4(MouseHandler.java:212) ~[neoforge-21.1.193.jar%23195!/:?]
	at TRANSFORMER/minecraft@1.21.1/net.minecraft.util.thread.BlockableEventLoop.execute(BlockableEventLoop.java:98) ~[neoforge-21.1.193.jar%23195!/:?]
	at TRANSFORMER/minecraft@1.21.1/net.minecraft.client.MouseHandler.lambda$setup$5(MouseHandler.java:212) ~[neoforge-21.1.193.jar%23195!/:?]
	at MC-BOOTSTRAP/org.lwjgl.glfw@3.3.3+5/org.lwjgl.glfw.GLFWMouseButtonCallbackI.callback(GLFWMouseButtonCallbackI.java:43) ~[lwjgl-glfw-3.3.3.jar%23177!/:build 5]
	at MC-BOOTSTRAP/org.lwjgl@3.3.3+5/org.lwjgl.system.JNI.invokeV(Native Method) ~[lwjgl-3.3.3.jar%23188!/:build 5]
	at MC-BOOTSTRAP/org.lwjgl.glfw@3.3.3+5/org.lwjgl.glfw.GLFW.glfwWaitEventsTimeout(GLFW.java:3509) ~[lwjgl-glfw-3.3.3.jar%23177!/:build 5]
	at TRANSFORMER/minecraft@1.21.1/com.mojang.blaze3d.systems.RenderSystem.limitDisplayFPS(RenderSystem.java:162) ~[neoforge-21.1.193.jar%23195!/:?]
	at TRANSFORMER/minecraft@1.21.1/net.minecraft.client.Minecraft.runTick(Minecraft.java:1226) ~[neoforge-21.1.193.jar%23195!/:?]
	at TRANSFORMER/minecraft@1.21.1/net.minecraft.client.Minecraft.run(Minecraft.java:813) ~[neoforge-21.1.193.jar%23195!/:?]
	at TRANSFORMER/minecraft@1.21.1/net.minecraft.client.main.Main.main(Main.java:230) ~[neoforge-21.1.193.jar%23195!/:?]
	at java.base/jdk.internal.reflect.DirectMethodHandleAccessor.invoke(DirectMethodHandleAccessor.java:103) ~[?:?]
	at java.base/java.lang.reflect.Method.invoke(Method.java:580) ~[?:?]
	at MC-BOOTSTRAP/fml_loader@4.0.41/net.neoforged.fml.loading.targets.CommonLaunchHandler.runTarget(CommonLaunchHandler.java:136) ~[loader-4.0.41.jar%23150!/:4.0]
	at MC-BOOTSTRAP/fml_loader@4.0.41/net.neoforged.fml.loading.targets.CommonLaunchHandler.clientService(CommonLaunchHandler.java:124) ~[loader-4.0.41.jar%23150!/:4.0]
	at MC-BOOTSTRAP/fml_loader@4.0.41/net.neoforged.fml.loading.targets.NeoForgeClientDevLaunchHandler.runService(NeoForgeClientDevLaunchHandler.java:23) ~[loader-4.0.41.jar%23150!/:4.0]
	at MC-BOOTSTRAP/fml_loader@4.0.41/net.neoforged.fml.loading.targets.CommonLaunchHandler.lambda$launchService$4(CommonLaunchHandler.java:118) ~[loader-4.0.41.jar%23150!/:4.0]
	at MC-BOOTSTRAP/cpw.mods.modlauncher@11.0.5/cpw.mods.modlauncher.LaunchServiceHandlerDecorator.launch(LaunchServiceHandlerDecorator.java:30) [modlauncher-11.0.5.jar%23132!/:?]
	at MC-BOOTSTRAP/cpw.mods.modlauncher@11.0.5/cpw.mods.modlauncher.LaunchServiceHandler.launch(LaunchServiceHandler.java:53) [modlauncher-11.0.5.jar%23132!/:?]
	at MC-BOOTSTRAP/cpw.mods.modlauncher@11.0.5/cpw.mods.modlauncher.LaunchServiceHandler.launch(LaunchServiceHandler.java:71) [modlauncher-11.0.5.jar%23132!/:?]
	at MC-BOOTSTRAP/cpw.mods.modlauncher@11.0.5/cpw.mods.modlauncher.Launcher.run(Launcher.java:103) [modlauncher-11.0.5.jar%23132!/:?]
	at MC-BOOTSTRAP/cpw.mods.modlauncher@11.0.5/cpw.mods.modlauncher.Launcher.main(Launcher.java:74) [modlauncher-11.0.5.jar%23132!/:?]
	at MC-BOOTSTRAP/cpw.mods.modlauncher@11.0.5/cpw.mods.modlauncher.BootstrapLaunchConsumer.accept(BootstrapLaunchConsumer.java:26) [modlauncher-11.0.5.jar%23132!/:?]
	at MC-BOOTSTRAP/cpw.mods.modlauncher@11.0.5/cpw.mods.modlauncher.BootstrapLaunchConsumer.accept(BootstrapLaunchConsumer.java:23) [modlauncher-11.0.5.jar%23132!/:?]
	at cpw.mods.bootstraplauncher@2.0.2/cpw.mods.bootstraplauncher.BootstrapLauncher.run(BootstrapLauncher.java:210) [bootstraplauncher-2.0.2.jar:?]
	at cpw.mods.bootstraplauncher@2.0.2/cpw.mods.bootstraplauncher.BootstrapLauncher.main(BootstrapLauncher.java:69) [bootstraplauncher-2.0.2.jar:?]
[30Aug2025 03:51:34.334] [Render thread/ERROR] [net.minecraft.world.item.crafting.RecipeManager/]: Parsing error loading recipe createdeco:pressing/coins/netherite_coin
com.google.gson.JsonParseException: Failed to parse either. First: No key amount in MapLike[{"item":"createdeco:netherite_coin"}]; No key id in MapLike[{"item":"createdeco:netherite_coin"}]; Second: Failed to parse either. First: No key id in MapLike[{"item":"createdeco:netherite_coin"}]; Second: Failed to parse either. First: Not a JSON object: "createdeco:netherite_coin"; Second: Compat cannot be deserialized
	at MC-BOOTSTRAP/datafixerupper@8.0.16/com.mojang.serialization.DataResult$Error.getOrThrow(DataResult.java:287) ~[datafixerupper-8.0.16.jar%23125!/:?]
	at TRANSFORMER/minecraft@1.21.1/net.minecraft.world.item.crafting.RecipeManager.apply(RecipeManager.java:60) ~[neoforge-21.1.193.jar%23195!/:?]
	at TRANSFORMER/minecraft@1.21.1/net.minecraft.world.item.crafting.RecipeManager.apply(RecipeManager.java:36) ~[neoforge-21.1.193.jar%23195!/:?]
	at TRANSFORMER/minecraft@1.21.1/net.minecraft.server.packs.resources.SimplePreparableReloadListener.lambda$reload$1(SimplePreparableReloadListener.java:19) ~[neoforge-21.1.193.jar%23195!/:?]
	at java.base/java.util.concurrent.CompletableFuture$UniAccept.tryFire(CompletableFuture.java:718) ~[?:?]
	at java.base/java.util.concurrent.CompletableFuture$Completion.run(CompletableFuture.java:482) ~[?:?]
	at TRANSFORMER/minecraft@1.21.1/net.minecraft.server.packs.resources.SimpleReloadInstance.lambda$new$3(SimpleReloadInstance.java:86) ~[neoforge-21.1.193.jar%23195!/:?]
	at TRANSFORMER/minecraft@1.21.1/net.minecraft.util.thread.BlockableEventLoop.doRunTask(BlockableEventLoop.java:151) ~[neoforge-21.1.193.jar%23195!/:?]
	at TRANSFORMER/minecraft@1.21.1/net.minecraft.util.thread.ReentrantBlockableEventLoop.doRunTask(ReentrantBlockableEventLoop.java:24) ~[neoforge-21.1.193.jar%23195!/:?]
	at TRANSFORMER/minecraft@1.21.1/net.minecraft.util.thread.BlockableEventLoop.pollTask(BlockableEventLoop.java:122) ~[neoforge-21.1.193.jar%23195!/:?]
	at TRANSFORMER/minecraft@1.21.1/net.minecraft.util.thread.BlockableEventLoop.managedBlock(BlockableEventLoop.java:135) ~[neoforge-21.1.193.jar%23195!/:?]
	at TRANSFORMER/minecraft@1.21.1/net.minecraft.client.gui.screens.worldselection.WorldOpenFlows.loadWorldDataBlocking(WorldOpenFlows.java:201) ~[neoforge-21.1.193.jar%23195!/:?]
	at TRANSFORMER/minecraft@1.21.1/net.minecraft.client.gui.screens.worldselection.WorldOpenFlows.loadWorldStem(WorldOpenFlows.java:142) ~[neoforge-21.1.193.jar%23195!/:?]
	at TRANSFORMER/minecraft@1.21.1/net.minecraft.client.gui.screens.worldselection.WorldOpenFlows.openWorldLoadLevelStem(WorldOpenFlows.java:345) ~[neoforge-21.1.193.jar%23195!/:?]
	at TRANSFORMER/minecraft@1.21.1/net.minecraft.client.gui.screens.worldselection.WorldOpenFlows.openWorldCheckVersionCompatibility(WorldOpenFlows.java:334) ~[neoforge-21.1.193.jar%23195!/:?]
	at TRANSFORMER/minecraft@1.21.1/net.minecraft.client.gui.screens.worldselection.WorldOpenFlows.openWorldLoadLevelData(WorldOpenFlows.java:296) ~[neoforge-21.1.193.jar%23195!/:?]
	at TRANSFORMER/minecraft@1.21.1/net.minecraft.client.gui.screens.worldselection.WorldOpenFlows.openWorld(WorldOpenFlows.java:261) ~[neoforge-21.1.193.jar%23195!/:?]
	at TRANSFORMER/minecraft@1.21.1/net.minecraft.client.gui.screens.worldselection.WorldSelectionList$WorldListEntry.joinWorld(WorldSelectionList.java:516) ~[neoforge-21.1.193.jar%23195!/:?]
	at TRANSFORMER/minecraft@1.21.1/net.minecraft.client.gui.screens.worldselection.WorldSelectionList$WorldListEntry.mouseClicked(WorldSelectionList.java:499) ~[neoforge-21.1.193.jar%23195!/:?]
	at TRANSFORMER/minecraft@1.21.1/net.minecraft.client.gui.components.AbstractSelectionList.mouseClicked(AbstractSelectionList.java:303) ~[neoforge-21.1.193.jar%23195!/:?]
	at TRANSFORMER/minecraft@1.21.1/net.minecraft.client.gui.components.events.ContainerEventHandler.mouseClicked(ContainerEventHandler.java:52) ~[neoforge-21.1.193.jar%23195!/:?]
	at TRANSFORMER/minecraft@1.21.1/net.minecraft.client.MouseHandler.lambda$onPress$0(MouseHandler.java:103) ~[neoforge-21.1.193.jar%23195!/:?]
	at TRANSFORMER/minecraft@1.21.1/net.minecraft.client.gui.screens.Screen.wrapScreenError(Screen.java:471) ~[neoforge-21.1.193.jar%23195!/:?]
	at TRANSFORMER/minecraft@1.21.1/net.minecraft.client.MouseHandler.onPress(MouseHandler.java:100) ~[neoforge-21.1.193.jar%23195!/:?]
	at TRANSFORMER/minecraft@1.21.1/net.minecraft.client.MouseHandler.lambda$setup$4(MouseHandler.java:212) ~[neoforge-21.1.193.jar%23195!/:?]
	at TRANSFORMER/minecraft@1.21.1/net.minecraft.util.thread.BlockableEventLoop.execute(BlockableEventLoop.java:98) ~[neoforge-21.1.193.jar%23195!/:?]
	at TRANSFORMER/minecraft@1.21.1/net.minecraft.client.MouseHandler.lambda$setup$5(MouseHandler.java:212) ~[neoforge-21.1.193.jar%23195!/:?]
	at MC-BOOTSTRAP/org.lwjgl.glfw@3.3.3+5/org.lwjgl.glfw.GLFWMouseButtonCallbackI.callback(GLFWMouseButtonCallbackI.java:43) ~[lwjgl-glfw-3.3.3.jar%23177!/:build 5]
	at MC-BOOTSTRAP/org.lwjgl@3.3.3+5/org.lwjgl.system.JNI.invokeV(Native Method) ~[lwjgl-3.3.3.jar%23188!/:build 5]
	at MC-BOOTSTRAP/org.lwjgl.glfw@3.3.3+5/org.lwjgl.glfw.GLFW.glfwWaitEventsTimeout(GLFW.java:3509) ~[lwjgl-glfw-3.3.3.jar%23177!/:build 5]
	at TRANSFORMER/minecraft@1.21.1/com.mojang.blaze3d.systems.RenderSystem.limitDisplayFPS(RenderSystem.java:162) ~[neoforge-21.1.193.jar%23195!/:?]
	at TRANSFORMER/minecraft@1.21.1/net.minecraft.client.Minecraft.runTick(Minecraft.java:1226) ~[neoforge-21.1.193.jar%23195!/:?]
	at TRANSFORMER/minecraft@1.21.1/net.minecraft.client.Minecraft.run(Minecraft.java:813) ~[neoforge-21.1.193.jar%23195!/:?]
	at TRANSFORMER/minecraft@1.21.1/net.minecraft.client.main.Main.main(Main.java:230) ~[neoforge-21.1.193.jar%23195!/:?]
	at java.base/jdk.internal.reflect.DirectMethodHandleAccessor.invoke(DirectMethodHandleAccessor.java:103) ~[?:?]
	at java.base/java.lang.reflect.Method.invoke(Method.java:580) ~[?:?]
	at MC-BOOTSTRAP/fml_loader@4.0.41/net.neoforged.fml.loading.targets.CommonLaunchHandler.runTarget(CommonLaunchHandler.java:136) ~[loader-4.0.41.jar%23150!/:4.0]
	at MC-BOOTSTRAP/fml_loader@4.0.41/net.neoforged.fml.loading.targets.CommonLaunchHandler.clientService(CommonLaunchHandler.java:124) ~[loader-4.0.41.jar%23150!/:4.0]
	at MC-BOOTSTRAP/fml_loader@4.0.41/net.neoforged.fml.loading.targets.NeoForgeClientDevLaunchHandler.runService(NeoForgeClientDevLaunchHandler.java:23) ~[loader-4.0.41.jar%23150!/:4.0]
	at MC-BOOTSTRAP/fml_loader@4.0.41/net.neoforged.fml.loading.targets.CommonLaunchHandler.lambda$launchService$4(CommonLaunchHandler.java:118) ~[loader-4.0.41.jar%23150!/:4.0]
	at MC-BOOTSTRAP/cpw.mods.modlauncher@11.0.5/cpw.mods.modlauncher.LaunchServiceHandlerDecorator.launch(LaunchServiceHandlerDecorator.java:30) [modlauncher-11.0.5.jar%23132!/:?]
	at MC-BOOTSTRAP/cpw.mods.modlauncher@11.0.5/cpw.mods.modlauncher.LaunchServiceHandler.launch(LaunchServiceHandler.java:53) [modlauncher-11.0.5.jar%23132!/:?]
	at MC-BOOTSTRAP/cpw.mods.modlauncher@11.0.5/cpw.mods.modlauncher.LaunchServiceHandler.launch(LaunchServiceHandler.java:71) [modlauncher-11.0.5.jar%23132!/:?]
	at MC-BOOTSTRAP/cpw.mods.modlauncher@11.0.5/cpw.mods.modlauncher.Launcher.run(Launcher.java:103) [modlauncher-11.0.5.jar%23132!/:?]
	at MC-BOOTSTRAP/cpw.mods.modlauncher@11.0.5/cpw.mods.modlauncher.Launcher.main(Launcher.java:74) [modlauncher-11.0.5.jar%23132!/:?]
	at MC-BOOTSTRAP/cpw.mods.modlauncher@11.0.5/cpw.mods.modlauncher.BootstrapLaunchConsumer.accept(BootstrapLaunchConsumer.java:26) [modlauncher-11.0.5.jar%23132!/:?]
	at MC-BOOTSTRAP/cpw.mods.modlauncher@11.0.5/cpw.mods.modlauncher.BootstrapLaunchConsumer.accept(BootstrapLaunchConsumer.java:23) [modlauncher-11.0.5.jar%23132!/:?]
	at cpw.mods.bootstraplauncher@2.0.2/cpw.mods.bootstraplauncher.BootstrapLauncher.run(BootstrapLauncher.java:210) [bootstraplauncher-2.0.2.jar:?]
	at cpw.mods.bootstraplauncher@2.0.2/cpw.mods.bootstraplauncher.BootstrapLauncher.main(BootstrapLauncher.java:69) [bootstraplauncher-2.0.2.jar:?]
[30Aug2025 03:51:34.341] [Render thread/ERROR] [net.minecraft.world.item.crafting.RecipeManager/]: Parsing error loading recipe createdeco:pressing/andesite_sheet
com.google.gson.JsonParseException: Failed to parse either. First: No key amount in MapLike[{"item":"createdeco:andesite_sheet"}]; No key id in MapLike[{"item":"createdeco:andesite_sheet"}]; Second: Failed to parse either. First: No key id in MapLike[{"item":"createdeco:andesite_sheet"}]; Second: Failed to parse either. First: Not a JSON object: "createdeco:andesite_sheet"; Second: Compat cannot be deserialized
	at MC-BOOTSTRAP/datafixerupper@8.0.16/com.mojang.serialization.DataResult$Error.getOrThrow(DataResult.java:287) ~[datafixerupper-8.0.16.jar%23125!/:?]
	at TRANSFORMER/minecraft@1.21.1/net.minecraft.world.item.crafting.RecipeManager.apply(RecipeManager.java:60) ~[neoforge-21.1.193.jar%23195!/:?]
	at TRANSFORMER/minecraft@1.21.1/net.minecraft.world.item.crafting.RecipeManager.apply(RecipeManager.java:36) ~[neoforge-21.1.193.jar%23195!/:?]
	at TRANSFORMER/minecraft@1.21.1/net.minecraft.server.packs.resources.SimplePreparableReloadListener.lambda$reload$1(SimplePreparableReloadListener.java:19) ~[neoforge-21.1.193.jar%23195!/:?]
	at java.base/java.util.concurrent.CompletableFuture$UniAccept.tryFire(CompletableFuture.java:718) ~[?:?]
	at java.base/java.util.concurrent.CompletableFuture$Completion.run(CompletableFuture.java:482) ~[?:?]
	at TRANSFORMER/minecraft@1.21.1/net.minecraft.server.packs.resources.SimpleReloadInstance.lambda$new$3(SimpleReloadInstance.java:86) ~[neoforge-21.1.193.jar%23195!/:?]
	at TRANSFORMER/minecraft@1.21.1/net.minecraft.util.thread.BlockableEventLoop.doRunTask(BlockableEventLoop.java:151) ~[neoforge-21.1.193.jar%23195!/:?]
	at TRANSFORMER/minecraft@1.21.1/net.minecraft.util.thread.ReentrantBlockableEventLoop.doRunTask(ReentrantBlockableEventLoop.java:24) ~[neoforge-21.1.193.jar%23195!/:?]
	at TRANSFORMER/minecraft@1.21.1/net.minecraft.util.thread.BlockableEventLoop.pollTask(BlockableEventLoop.java:122) ~[neoforge-21.1.193.jar%23195!/:?]
	at TRANSFORMER/minecraft@1.21.1/net.minecraft.util.thread.BlockableEventLoop.managedBlock(BlockableEventLoop.java:135) ~[neoforge-21.1.193.jar%23195!/:?]
	at TRANSFORMER/minecraft@1.21.1/net.minecraft.client.gui.screens.worldselection.WorldOpenFlows.loadWorldDataBlocking(WorldOpenFlows.java:201) ~[neoforge-21.1.193.jar%23195!/:?]
	at TRANSFORMER/minecraft@1.21.1/net.minecraft.client.gui.screens.worldselection.WorldOpenFlows.loadWorldStem(WorldOpenFlows.java:142) ~[neoforge-21.1.193.jar%23195!/:?]
	at TRANSFORMER/minecraft@1.21.1/net.minecraft.client.gui.screens.worldselection.WorldOpenFlows.openWorldLoadLevelStem(WorldOpenFlows.java:345) ~[neoforge-21.1.193.jar%23195!/:?]
	at TRANSFORMER/minecraft@1.21.1/net.minecraft.client.gui.screens.worldselection.WorldOpenFlows.openWorldCheckVersionCompatibility(WorldOpenFlows.java:334) ~[neoforge-21.1.193.jar%23195!/:?]
	at TRANSFORMER/minecraft@1.21.1/net.minecraft.client.gui.screens.worldselection.WorldOpenFlows.openWorldLoadLevelData(WorldOpenFlows.java:296) ~[neoforge-21.1.193.jar%23195!/:?]
	at TRANSFORMER/minecraft@1.21.1/net.minecraft.client.gui.screens.worldselection.WorldOpenFlows.openWorld(WorldOpenFlows.java:261) ~[neoforge-21.1.193.jar%23195!/:?]
	at TRANSFORMER/minecraft@1.21.1/net.minecraft.client.gui.screens.worldselection.WorldSelectionList$WorldListEntry.joinWorld(WorldSelectionList.java:516) ~[neoforge-21.1.193.jar%23195!/:?]
	at TRANSFORMER/minecraft@1.21.1/net.minecraft.client.gui.screens.worldselection.WorldSelectionList$WorldListEntry.mouseClicked(WorldSelectionList.java:499) ~[neoforge-21.1.193.jar%23195!/:?]
	at TRANSFORMER/minecraft@1.21.1/net.minecraft.client.gui.components.AbstractSelectionList.mouseClicked(AbstractSelectionList.java:303) ~[neoforge-21.1.193.jar%23195!/:?]
	at TRANSFORMER/minecraft@1.21.1/net.minecraft.client.gui.components.events.ContainerEventHandler.mouseClicked(ContainerEventHandler.java:52) ~[neoforge-21.1.193.jar%23195!/:?]
	at TRANSFORMER/minecraft@1.21.1/net.minecraft.client.MouseHandler.lambda$onPress$0(MouseHandler.java:103) ~[neoforge-21.1.193.jar%23195!/:?]
	at TRANSFORMER/minecraft@1.21.1/net.minecraft.client.gui.screens.Screen.wrapScreenError(Screen.java:471) ~[neoforge-21.1.193.jar%23195!/:?]
	at TRANSFORMER/minecraft@1.21.1/net.minecraft.client.MouseHandler.onPress(MouseHandler.java:100) ~[neoforge-21.1.193.jar%23195!/:?]
	at TRANSFORMER/minecraft@1.21.1/net.minecraft.client.MouseHandler.lambda$setup$4(MouseHandler.java:212) ~[neoforge-21.1.193.jar%23195!/:?]
	at TRANSFORMER/minecraft@1.21.1/net.minecraft.util.thread.BlockableEventLoop.execute(BlockableEventLoop.java:98) ~[neoforge-21.1.193.jar%23195!/:?]
	at TRANSFORMER/minecraft@1.21.1/net.minecraft.client.MouseHandler.lambda$setup$5(MouseHandler.java:212) ~[neoforge-21.1.193.jar%23195!/:?]
	at MC-BOOTSTRAP/org.lwjgl.glfw@3.3.3+5/org.lwjgl.glfw.GLFWMouseButtonCallbackI.callback(GLFWMouseButtonCallbackI.java:43) ~[lwjgl-glfw-3.3.3.jar%23177!/:build 5]
	at MC-BOOTSTRAP/org.lwjgl@3.3.3+5/org.lwjgl.system.JNI.invokeV(Native Method) ~[lwjgl-3.3.3.jar%23188!/:build 5]
	at MC-BOOTSTRAP/org.lwjgl.glfw@3.3.3+5/org.lwjgl.glfw.GLFW.glfwWaitEventsTimeout(GLFW.java:3509) ~[lwjgl-glfw-3.3.3.jar%23177!/:build 5]
	at TRANSFORMER/minecraft@1.21.1/com.mojang.blaze3d.systems.RenderSystem.limitDisplayFPS(RenderSystem.java:162) ~[neoforge-21.1.193.jar%23195!/:?]
	at TRANSFORMER/minecraft@1.21.1/net.minecraft.client.Minecraft.runTick(Minecraft.java:1226) ~[neoforge-21.1.193.jar%23195!/:?]
	at TRANSFORMER/minecraft@1.21.1/net.minecraft.client.Minecraft.run(Minecraft.java:813) ~[neoforge-21.1.193.jar%23195!/:?]
	at TRANSFORMER/minecraft@1.21.1/net.minecraft.client.main.Main.main(Main.java:230) ~[neoforge-21.1.193.jar%23195!/:?]
	at java.base/jdk.internal.reflect.DirectMethodHandleAccessor.invoke(DirectMethodHandleAccessor.java:103) ~[?:?]
	at java.base/java.lang.reflect.Method.invoke(Method.java:580) ~[?:?]
	at MC-BOOTSTRAP/fml_loader@4.0.41/net.neoforged.fml.loading.targets.CommonLaunchHandler.runTarget(CommonLaunchHandler.java:136) ~[loader-4.0.41.jar%23150!/:4.0]
	at MC-BOOTSTRAP/fml_loader@4.0.41/net.neoforged.fml.loading.targets.CommonLaunchHandler.clientService(CommonLaunchHandler.java:124) ~[loader-4.0.41.jar%23150!/:4.0]
	at MC-BOOTSTRAP/fml_loader@4.0.41/net.neoforged.fml.loading.targets.NeoForgeClientDevLaunchHandler.runService(NeoForgeClientDevLaunchHandler.java:23) ~[loader-4.0.41.jar%23150!/:4.0]
	at MC-BOOTSTRAP/fml_loader@4.0.41/net.neoforged.fml.loading.targets.CommonLaunchHandler.lambda$launchService$4(CommonLaunchHandler.java:118) ~[loader-4.0.41.jar%23150!/:4.0]
	at MC-BOOTSTRAP/cpw.mods.modlauncher@11.0.5/cpw.mods.modlauncher.LaunchServiceHandlerDecorator.launch(LaunchServiceHandlerDecorator.java:30) [modlauncher-11.0.5.jar%23132!/:?]
	at MC-BOOTSTRAP/cpw.mods.modlauncher@11.0.5/cpw.mods.modlauncher.LaunchServiceHandler.launch(LaunchServiceHandler.java:53) [modlauncher-11.0.5.jar%23132!/:?]
	at MC-BOOTSTRAP/cpw.mods.modlauncher@11.0.5/cpw.mods.modlauncher.LaunchServiceHandler.launch(LaunchServiceHandler.java:71) [modlauncher-11.0.5.jar%23132!/:?]
	at MC-BOOTSTRAP/cpw.mods.modlauncher@11.0.5/cpw.mods.modlauncher.Launcher.run(Launcher.java:103) [modlauncher-11.0.5.jar%23132!/:?]
	at MC-BOOTSTRAP/cpw.mods.modlauncher@11.0.5/cpw.mods.modlauncher.Launcher.main(Launcher.java:74) [modlauncher-11.0.5.jar%23132!/:?]
	at MC-BOOTSTRAP/cpw.mods.modlauncher@11.0.5/cpw.mods.modlauncher.BootstrapLaunchConsumer.accept(BootstrapLaunchConsumer.java:26) [modlauncher-11.0.5.jar%23132!/:?]
	at MC-BOOTSTRAP/cpw.mods.modlauncher@11.0.5/cpw.mods.modlauncher.BootstrapLaunchConsumer.accept(BootstrapLaunchConsumer.java:23) [modlauncher-11.0.5.jar%23132!/:?]
	at cpw.mods.bootstraplauncher@2.0.2/cpw.mods.bootstraplauncher.BootstrapLauncher.run(BootstrapLauncher.java:210) [bootstraplauncher-2.0.2.jar:?]
	at cpw.mods.bootstraplauncher@2.0.2/cpw.mods.bootstraplauncher.BootstrapLauncher.main(BootstrapLauncher.java:69) [bootstraplauncher-2.0.2.jar:?]
[30Aug2025 03:51:34.346] [Render thread/INFO] [net.minecraft.world.item.crafting.RecipeManager/]: Loaded 2781 recipes
[30Aug2025 03:51:34.586] [Render thread/INFO] [net.minecraft.advancements.AdvancementTree/]: Loaded 2475 advancements
[30Aug2025 03:51:35.720] [Render thread/DEBUG] [net.neoforged.neoforge.common.CommonHooks/WP]: Gathered mod list to write to world save New World
[30Aug2025 03:51:35.746] [Render thread/DEBUG] [mixin/]: Mixing accessor.PotionBrewingAccessor from create.mixins.json into net.minecraft.world.item.alchemy.PotionBrewing
[30Aug2025 03:51:35.751] [Server thread/INFO] [net.minecraft.client.server.IntegratedServer/]: Starting integrated minecraft server version 1.21.1
[30Aug2025 03:51:35.751] [Server thread/INFO] [net.minecraft.server.MinecraftServer/]: Generating keypair
[30Aug2025 03:51:35.808] [Server thread/DEBUG] [net.neoforged.fml.config.ConfigTracker/CONFIG]: Loading configs type SERVER
[30Aug2025 03:51:35.808] [Server thread/DEBUG] [net.neoforged.neoforge.common.NeoForgeConfig/FORGEMOD]: Loaded NeoForge config file neoforge-server.toml
[30Aug2025 03:51:35.808] [Server thread/DEBUG] [net.neoforged.fml.config.ConfigTracker/CONFIG]: Loaded TOML config file C:\Users\micha\Documents\Blocks & Bogeys 1.21.1\CreateDeco\runs\client\config\neoforge-server.toml
[30Aug2025 03:51:35.809] [Server thread/DEBUG] [net.neoforged.fml.config.ConfigTracker/CONFIG]: Watching TOML config file C:\Users\micha\Documents\Blocks & Bogeys 1.21.1\CreateDeco\runs\client\config\neoforge-server.toml for changes
[30Aug2025 03:51:35.812] [Server thread/DEBUG] [net.neoforged.fml.config.ConfigTracker/CONFIG]: Loaded TOML config file C:\Users\micha\Documents\Blocks & Bogeys 1.21.1\CreateDeco\runs\client\config\create-server.toml
[30Aug2025 03:51:35.812] [Server thread/DEBUG] [net.neoforged.fml.config.ConfigTracker/CONFIG]: Watching TOML config file C:\Users\micha\Documents\Blocks & Bogeys 1.21.1\CreateDeco\runs\client\config\create-server.toml for changes
[30Aug2025 03:51:35.847] [Server thread/DEBUG] [mixin/]: Mixing accessor.BiomeManagerAccessor from ponder-common.mixins.json into net.minecraft.world.level.biome.BiomeManager
[30Aug2025 03:51:35.847] [Server thread/DEBUG] [mixin/]: ponder-common.mixins.json:accessor.BiomeManagerAccessor from mod ponder: Class version 65 required is higher than the class version supported by the current version of Mixin (JAVA_17 supports class version 61)
[30Aug2025 03:51:35.928] [Server thread/DEBUG] [mixin/]: Mixing light.LightEngineAccessor from flywheel.backend.mixins.json into net.minecraft.world.level.lighting.LightEngine
[30Aug2025 03:51:35.933] [Server thread/DEBUG] [mixin/]: Mixing light.SkyLightSectionStorageMixin from flywheel.backend.mixins.json into net.minecraft.world.level.lighting.SkyLightSectionStorage
[30Aug2025 03:51:35.936] [Server thread/DEBUG] [mixin/]: Mixing light.SkyDataLayerStorageMapAccessor from flywheel.backend.mixins.json into net.minecraft.world.level.lighting.SkyLightSectionStorage$SkyDataLayerStorageMap
[30Aug2025 03:51:35.986] [Server thread/DEBUG] [com.simibubi.create.Create/]: Prepared Redstone Network Space for minecraft:overworld
[30Aug2025 03:51:35.986] [Server thread/DEBUG] [com.simibubi.create.Create/]: Prepared Kinetic Network Space for minecraft:overworld
[30Aug2025 03:51:36.337] [Server thread/DEBUG] [com.simibubi.create.Create/]: Prepared Redstone Network Space for minecraft:the_nether
[30Aug2025 03:51:36.337] [Server thread/DEBUG] [com.simibubi.create.Create/]: Prepared Kinetic Network Space for minecraft:the_nether
[30Aug2025 03:51:36.346] [Server thread/DEBUG] [com.simibubi.create.Create/]: Prepared Redstone Network Space for minecraft:the_end
[30Aug2025 03:51:36.346] [Server thread/DEBUG] [com.simibubi.create.Create/]: Prepared Kinetic Network Space for minecraft:the_end
[30Aug2025 03:51:36.347] [Server thread/INFO] [net.minecraft.server.MinecraftServer/]: Preparing start region for dimension minecraft:overworld
[30Aug2025 03:51:36.558] [progressListener/INFO] [net.minecraft.server.level.progress.LoggerChunkProgressListener/]: Preparing spawn area: 0%
[30Aug2025 03:51:36.661] [Server thread/INFO] [net.neoforged.neoforge.server.permission.PermissionAPI/]: Successfully initialized permission handler neoforge:default_handler
[30Aug2025 03:51:36.674] [progressListener/INFO] [net.minecraft.server.level.progress.LoggerChunkProgressListener/]: Time elapsed: 311 ms
[30Aug2025 03:51:36.735] [Server thread/INFO] [net.minecraft.client.server.IntegratedServer/]: Changing view distance to 8, from 10
[30Aug2025 03:51:36.735] [Server thread/INFO] [net.minecraft.client.server.IntegratedServer/]: Changing simulation distance to 12, from 0
[30Aug2025 03:51:36.788] [Render thread/DEBUG] [io.netty.channel.MultithreadEventLoopGroup/]: -Dio.netty.eventLoopThreads: 48
[30Aug2025 03:51:36.817] [Render thread/DEBUG] [io.netty.util.concurrent.GlobalEventExecutor/]: -Dio.netty.globalEventExecutor.quietPeriodSeconds: 1
[30Aug2025 03:51:36.839] [Render thread/DEBUG] [io.netty.channel.nio.NioEventLoop/]: -Dio.netty.noKeySetOptimization: false
[30Aug2025 03:51:36.839] [Render thread/DEBUG] [io.netty.channel.nio.NioEventLoop/]: -Dio.netty.selectorAutoRebuildThreshold: 512
[30Aug2025 03:51:36.847] [Render thread/DEBUG] [io.netty.util.internal.PlatformDependent/]: org.jctools-core.MpscChunkedArrayQueue: available
[30Aug2025 03:51:36.924] [Render thread/DEBUG] [io.netty.channel.DefaultChannelId/]: -Dio.netty.processId: 18156 (auto-detected)
[30Aug2025 03:51:36.927] [Render thread/DEBUG] [io.netty.util.NetUtil/]: -Djava.net.preferIPv4Stack: false
[30Aug2025 03:51:36.927] [Render thread/DEBUG] [io.netty.util.NetUtil/]: -Djava.net.preferIPv6Addresses: system
[30Aug2025 03:51:36.932] [Render thread/DEBUG] [io.netty.util.NetUtilInitializations/]: Loopback interface: loopback_0 (Software Loopback Interface 1, 0:0:0:0:0:0:0:1)
[30Aug2025 03:51:36.935] [Render thread/DEBUG] [io.netty.util.NetUtil/]: Failed to get SOMAXCONN from sysctl and file \proc\sys\net\core\somaxconn. Default: 200
[30Aug2025 03:51:36.935] [Render thread/DEBUG] [io.netty.channel.DefaultChannelId/]: -Dio.netty.machineId: b4:2e:99:ff:fe:a2:fd:02 (auto-detected)
[30Aug2025 03:51:36.984] [Render thread/DEBUG] [io.netty.util.Recycler/]: -Dio.netty.recycler.maxCapacityPerThread: 4096
[30Aug2025 03:51:36.984] [Render thread/DEBUG] [io.netty.util.Recycler/]: -Dio.netty.recycler.ratio: 8
[30Aug2025 03:51:36.984] [Render thread/DEBUG] [io.netty.util.Recycler/]: -Dio.netty.recycler.chunkSize: 32
[30Aug2025 03:51:36.984] [Render thread/DEBUG] [io.netty.util.Recycler/]: -Dio.netty.recycler.blocking: false
[30Aug2025 03:51:36.984] [Render thread/DEBUG] [io.netty.util.Recycler/]: -Dio.netty.recycler.batchFastThreadLocalOnly: true
[30Aug2025 03:51:37.070] [Netty Server IO #1/DEBUG] [net.neoforged.neoforge.network.filters.NetworkFilters/]: Injected net.neoforged.neoforge.network.filters.GenericPacketSplitter@1838a13d into net.minecraft.network.Connection@639bc5f7
[30Aug2025 03:51:37.080] [Netty Local Client IO #0/DEBUG] [net.neoforged.neoforge.network.filters.NetworkFilters/]: Injected net.neoforged.neoforge.network.filters.GenericPacketSplitter@13a3d87a into net.minecraft.network.Connection@5741579f
[30Aug2025 03:51:37.130] [Render thread/INFO] [com.simibubi.create.Create/]: Created 157 recipes which will be injected into the game
[30Aug2025 03:51:37.132] [Render thread/INFO] [com.simibubi.create.Create/]: Created 0 tags which will be injected into the game
[30Aug2025 03:51:37.288] [Render thread/DEBUG] [mixin/]: Mixing client.accessor.ClientPacketListenerAccessor from ponder-common.mixins.json into net.minecraft.client.multiplayer.ClientPacketListener
[30Aug2025 03:51:37.288] [Render thread/DEBUG] [mixin/]: ponder-common.mixins.json:client.accessor.ClientPacketListenerAccessor from mod ponder: Class version 65 required is higher than the class version supported by the current version of Mixin (JAVA_17 supports class version 61)
[30Aug2025 03:51:37.303] [Netty Server IO #1/DEBUG] [net.neoforged.neoforge.network.filters.NetworkFilters/]: Injected net.neoforged.neoforge.network.filters.GenericPacketSplitter@16950eb0 into net.minecraft.network.Connection@639bc5f7
[30Aug2025 03:51:37.345] [Server thread/INFO] [net.minecraft.server.players.PlayerList/]: Dev[local:E:539a00a2] logged in with entity id 5 at (59.31040737490512, 119.0, -31.90984082159427)
[30Aug2025 03:51:37.358] [Render thread/DEBUG] [mixin/]: Mixing ClientChunkCacheMixin from flywheel.impl.mixins.json into net.minecraft.client.multiplayer.ClientChunkCache
[30Aug2025 03:51:37.360] [Render thread/DEBUG] [mixin/]: flywheel.impl.mixins.json:ClientChunkCacheMixin from mod flywheel->@Inject::flywheel$onLightUpdate(Lnet/minecraft/world/level/LightLayer;Lnet/minecraft/core/SectionPos;Lorg/spongepowered/asm/mixin/injection/callback/CallbackInfo;)V doesn't use it's CallbackInfo
[30Aug2025 03:51:37.360] [Render thread/DEBUG] [mixin/]: flywheel.impl.mixins.json:ClientChunkCacheMixin from mod flywheel->@Inject::flywheel$onLightUpdate(Lnet/minecraft/world/level/LightLayer;Lnet/minecraft/core/SectionPos;Lorg/spongepowered/asm/mixin/injection/callback/CallbackInfo;)V has 0 override(s) in child classes
[30Aug2025 03:51:37.360] [Render thread/DEBUG] [mixin/]: flywheel.impl.mixins.json:ClientChunkCacheMixin from mod flywheel->@Inject::flywheel$onLightUpdate(Lnet/minecraft/world/level/LightLayer;Lnet/minecraft/core/SectionPos;Lorg/spongepowered/asm/mixin/injection/callback/CallbackInfo;)V won't be passed a CallbackInfo as a result
[30Aug2025 03:51:37.399] [Render thread/DEBUG] [com.simibubi.create.Create/]: Prepared Redstone Network Space for minecraft:overworld
[30Aug2025 03:51:37.399] [Render thread/DEBUG] [com.simibubi.create.Create/]: Prepared Kinetic Network Space for minecraft:overworld
[30Aug2025 03:51:37.407] [Server thread/INFO] [net.minecraft.server.MinecraftServer/]: Dev joined the game
[30Aug2025 03:51:37.411] [Render thread/DEBUG] [mixin/]: Mixing visualmanage.SectionCompilerMixin from flywheel.impl.mixins.json into net.minecraft.client.renderer.chunk.SectionCompiler
[30Aug2025 03:51:37.412] [Render thread/DEBUG] [mixin/]: flywheel.impl.mixins.json:visualmanage.SectionCompilerMixin from mod flywheel->@Inject::flywheel$tryAddBlockEntity(Ljava/lang/Object;Lnet/minecraft/world/level/block/entity/BlockEntity;Lorg/spongepowered/asm/mixin/injection/callback/CallbackInfo;)V does use it's CallbackInfo
[30Aug2025 03:51:37.499] [Render thread/INFO] [flywheel/]: Started 10 worker threads
[30Aug2025 03:51:37.591] [Render thread/INFO] [net.minecraft.advancements.AdvancementTree/]: Loaded 7 advancements
[30Aug2025 03:51:37.630] [Render thread/DEBUG] [mixin/]: Mixing ProjectileUtilMixin from create.mixins.json into net.minecraft.world.entity.projectile.ProjectileUtil
[30Aug2025 03:52:21.767] [Render thread/DEBUG] [io.netty.util.internal.ThreadLocalRandom/]: -Dio.netty.initialSeedUniquifier: 0xe707a71ed1daa836
[30Aug2025 03:52:33.215] [Server thread/INFO] [net.minecraft.client.server.IntegratedServer/]: Saving and pausing game...
[30Aug2025 03:52:33.227] [Server thread/INFO] [net.minecraft.server.MinecraftServer/]: Saving chunks for level 'ServerLevel[New World]'/minecraft:overworld
[30Aug2025 03:52:33.233] [Server thread/INFO] [net.minecraft.server.MinecraftServer/]: Saving chunks for level 'ServerLevel[New World]'/minecraft:the_nether
[30Aug2025 03:52:33.233] [Server thread/INFO] [net.minecraft.server.MinecraftServer/]: Saving chunks for level 'ServerLevel[New World]'/minecraft:the_end
[30Aug2025 03:52:33.235] [Server thread/DEBUG] [net.neoforged.neoforge.common.CommonHooks/WP]: Gathered mod list to write to world save New World
[30Aug2025 03:52:33.564] [Server thread/INFO] [net.minecraft.client.server.IntegratedServer/]: Saving and pausing game...
[30Aug2025 03:52:33.572] [Server thread/INFO] [net.minecraft.server.MinecraftServer/]: Saving chunks for level 'ServerLevel[New World]'/minecraft:overworld
[30Aug2025 03:52:33.575] [Server thread/INFO] [net.minecraft.server.MinecraftServer/]: Saving chunks for level 'ServerLevel[New World]'/minecraft:the_nether
[30Aug2025 03:52:33.575] [Server thread/INFO] [net.minecraft.server.MinecraftServer/]: Saving chunks for level 'ServerLevel[New World]'/minecraft:the_end
[30Aug2025 03:52:33.575] [Server thread/DEBUG] [net.neoforged.neoforge.common.CommonHooks/WP]: Gathered mod list to write to world save New World
[30Aug2025 03:54:44.115] [Server thread/INFO] [net.minecraft.client.server.IntegratedServer/]: Saving and pausing game...
[30Aug2025 03:54:44.126] [Server thread/INFO] [net.minecraft.server.MinecraftServer/]: Saving chunks for level 'ServerLevel[New World]'/minecraft:overworld
[30Aug2025 03:54:44.132] [Server thread/INFO] [net.minecraft.server.MinecraftServer/]: Saving chunks for level 'ServerLevel[New World]'/minecraft:the_nether
[30Aug2025 03:54:44.132] [Server thread/INFO] [net.minecraft.server.MinecraftServer/]: Saving chunks for level 'ServerLevel[New World]'/minecraft:the_end
[30Aug2025 03:54:44.133] [Server thread/DEBUG] [net.neoforged.neoforge.common.CommonHooks/WP]: Gathered mod list to write to world save New World
[30Aug2025 03:54:50.464] [Server thread/INFO] [net.minecraft.client.server.IntegratedServer/]: Saving and pausing game...
[30Aug2025 03:54:50.473] [Server thread/INFO] [net.minecraft.server.MinecraftServer/]: Saving chunks for level 'ServerLevel[New World]'/minecraft:overworld
[30Aug2025 03:54:50.479] [Server thread/INFO] [net.minecraft.server.MinecraftServer/]: Saving chunks for level 'ServerLevel[New World]'/minecraft:the_nether
[30Aug2025 03:54:50.479] [Server thread/INFO] [net.minecraft.server.MinecraftServer/]: Saving chunks for level 'ServerLevel[New World]'/minecraft:the_end
[30Aug2025 03:54:50.480] [Server thread/DEBUG] [net.neoforged.neoforge.common.CommonHooks/WP]: Gathered mod list to write to world save New World
[30Aug2025 03:54:55.452] [Render thread/INFO] [net.minecraft.client.gui.components.ChatComponent/]: [System] [CHAT] Saved screenshot as 2025-08-30_03.54.55.png
[30Aug2025 03:54:55.964] [Server thread/INFO] [net.minecraft.client.server.IntegratedServer/]: Saving and pausing game...
[30Aug2025 03:54:55.971] [Server thread/INFO] [net.minecraft.server.MinecraftServer/]: Saving chunks for level 'ServerLevel[New World]'/minecraft:overworld
[30Aug2025 03:54:55.975] [Server thread/INFO] [net.minecraft.server.MinecraftServer/]: Saving chunks for level 'ServerLevel[New World]'/minecraft:the_nether
[30Aug2025 03:54:55.975] [Server thread/INFO] [net.minecraft.server.MinecraftServer/]: Saving chunks for level 'ServerLevel[New World]'/minecraft:the_end
[30Aug2025 03:54:55.976] [Server thread/DEBUG] [net.neoforged.neoforge.common.CommonHooks/WP]: Gathered mod list to write to world save New World
[30Aug2025 03:54:56.815] [Server thread/INFO] [net.minecraft.client.server.IntegratedServer/]: Saving and pausing game...
[30Aug2025 03:54:56.822] [Server thread/INFO] [net.minecraft.server.MinecraftServer/]: Saving chunks for level 'ServerLevel[New World]'/minecraft:overworld
[30Aug2025 03:54:56.825] [Server thread/INFO] [net.minecraft.server.MinecraftServer/]: Saving chunks for level 'ServerLevel[New World]'/minecraft:the_nether
[30Aug2025 03:54:56.825] [Server thread/INFO] [net.minecraft.server.MinecraftServer/]: Saving chunks for level 'ServerLevel[New World]'/minecraft:the_end
[30Aug2025 03:54:56.826] [Server thread/DEBUG] [net.neoforged.neoforge.common.CommonHooks/WP]: Gathered mod list to write to world save New World
[30Aug2025 03:55:57.065] [Server thread/INFO] [net.minecraft.client.server.IntegratedServer/]: Saving and pausing game...
[30Aug2025 03:55:57.072] [Server thread/INFO] [net.minecraft.server.MinecraftServer/]: Saving chunks for level 'ServerLevel[New World]'/minecraft:overworld
[30Aug2025 03:55:57.075] [Server thread/INFO] [net.minecraft.server.MinecraftServer/]: Saving chunks for level 'ServerLevel[New World]'/minecraft:the_nether
[30Aug2025 03:55:57.075] [Server thread/INFO] [net.minecraft.server.MinecraftServer/]: Saving chunks for level 'ServerLevel[New World]'/minecraft:the_end
[30Aug2025 03:55:57.076] [Server thread/DEBUG] [net.neoforged.neoforge.common.CommonHooks/WP]: Gathered mod list to write to world save New World
[30Aug2025 03:56:25.465] [Server thread/INFO] [net.minecraft.client.server.IntegratedServer/]: Saving and pausing game...
[30Aug2025 03:56:25.474] [Server thread/INFO] [net.minecraft.server.MinecraftServer/]: Saving chunks for level 'ServerLevel[New World]'/minecraft:overworld
[30Aug2025 03:56:25.477] [Server thread/INFO] [net.minecraft.server.MinecraftServer/]: Saving chunks for level 'ServerLevel[New World]'/minecraft:the_nether
[30Aug2025 03:56:25.477] [Server thread/INFO] [net.minecraft.server.MinecraftServer/]: Saving chunks for level 'ServerLevel[New World]'/minecraft:the_end
[30Aug2025 03:56:25.477] [Server thread/DEBUG] [net.neoforged.neoforge.common.CommonHooks/WP]: Gathered mod list to write to world save New World
[30Aug2025 03:58:58.315] [Server thread/INFO] [net.minecraft.client.server.IntegratedServer/]: Saving and pausing game...
[30Aug2025 03:58:58.324] [Server thread/INFO] [net.minecraft.server.MinecraftServer/]: Saving chunks for level 'ServerLevel[New World]'/minecraft:overworld
[30Aug2025 03:58:58.325] [Server thread/INFO] [net.minecraft.server.MinecraftServer/]: Saving chunks for level 'ServerLevel[New World]'/minecraft:the_nether
[30Aug2025 03:58:58.325] [Server thread/INFO] [net.minecraft.server.MinecraftServer/]: Saving chunks for level 'ServerLevel[New World]'/minecraft:the_end
[30Aug2025 03:58:58.327] [Server thread/DEBUG] [net.neoforged.neoforge.common.CommonHooks/WP]: Gathered mod list to write to world save New World
[30Aug2025 04:15:31.615] [Server thread/INFO] [net.minecraft.client.server.IntegratedServer/]: Saving and pausing game...
[30Aug2025 04:15:31.628] [Server thread/INFO] [net.minecraft.server.MinecraftServer/]: Saving chunks for level 'ServerLevel[New World]'/minecraft:overworld
[30Aug2025 04:15:31.637] [Server thread/INFO] [net.minecraft.server.MinecraftServer/]: Saving chunks for level 'ServerLevel[New World]'/minecraft:the_nether
[30Aug2025 04:15:31.637] [Server thread/INFO] [net.minecraft.server.MinecraftServer/]: Saving chunks for level 'ServerLevel[New World]'/minecraft:the_end
[30Aug2025 04:15:31.640] [Server thread/DEBUG] [net.neoforged.neoforge.common.CommonHooks/WP]: Gathered mod list to write to world save New World
